STATE,CWA,COUNTYNAME,FIPS,TIME_ZONE,FE_AREA,LON,LAT,Area_km2,Name,2022 Unemployment Rate,2021 Median Household Income,2021 Poverty Rate,2023 Population,2023 Rural-urban Continuum Code,2018-2022 Completion of College Rate,2023 Population Density km2,2023_GBIF_Observation_Count,2023_GBIF_Observation_Count_Per_Capita,2023_GBIF_Observation_Count_Per_km2,Percent_Land_Use_Unclassified,Percent_Land_Use_Open Water,Percent_Land_Use_Perennial Snow/Ice,"Percent_Land_Use_Developed, Open Space","Percent_Land_Use_Developed, Low Intensity","Percent_Land_Use_Developed, Medium Intensity","Percent_Land_Use_Developed, High Intensity",Percent_Land_Use_Barren Land,Percent_Land_Use_Deciduous Forest,Percent_Land_Use_Evergreen Forest,Percent_Land_Use_Mixed Forest,Percent_Land_Use_Shrub/Scrub,Percent_Land_Use_Herbaceous,Percent_Land_Use_Hay/Pasture,Percent_Land_Use_Cultivated Crops,Percent_Land_Use_Woody Wetlands,Percent_Land_Use_Emergent Herbaceous Wetlands,Percent_Agricultural_Land_Near_GBIF,GBIF_Count_Land_Use_Unclassified,GBIF_Count_Land_Use_Open_Water,GBIF_Count_Land_Use_Perennial_Snow/Ice,"GBIF_Count_Land_Use_Developed,_Open_Space","GBIF_Count_Land_Use_Developed,_Low_Intensity","GBIF_Count_Land_Use_Developed,_Medium_Intensity","GBIF_Count_Land_Use_Developed,_High_Intensity",GBIF_Count_Land_Use_Barren_Land,GBIF_Count_Land_Use_Deciduous_Forest,GBIF_Count_Land_Use_Evergreen_Forest,GBIF_Count_Land_Use_Mixed_Forest,GBIF_Count_Land_Use_Shrub/Scrub,GBIF_Count_Land_Use_Herbaceous,GBIF_Count_Land_Use_Hay/Pasture,GBIF_Count_Land_Use_Cultivated_Crops,GBIF_Count_Land_Use_Woody_Wetlands,GBIF_Count_Land_Use_Emergent_Herbaceous_Wetlands,GBIF_Count_Taxa_Class_Actinomycetia,GBIF_Count_Taxa_Class_Agaricomycetes,GBIF_Count_Taxa_Class_Alphaproteobacteria,GBIF_Count_Taxa_Class_Alsuviricetes,GBIF_Count_Taxa_Class_Amphibia,GBIF_Count_Taxa_Class_Anthozoa,GBIF_Count_Taxa_Class_Arachnida,GBIF_Count_Taxa_Class_Arthoniomycetes,GBIF_Count_Taxa_Class_Ascidiacea,GBIF_Count_Taxa_Class_Atractiellomycetes,GBIF_Count_Taxa_Class_Aves,GBIF_Count_Taxa_Class_Bacillariophyceae,GBIF_Count_Taxa_Class_Bacilli,GBIF_Count_Taxa_Class_Bivalvia,GBIF_Count_Taxa_Class_Branchiopoda,GBIF_Count_Taxa_Class_Bryopsida,GBIF_Count_Taxa_Class_Candelariomycetes,GBIF_Count_Taxa_Class_Cephalopoda,GBIF_Count_Taxa_Class_Charophyceae,GBIF_Count_Taxa_Class_Chilopoda,GBIF_Count_Taxa_Class_Chlorophyceae,GBIF_Count_Taxa_Class_Chromadorea,GBIF_Count_Taxa_Class_Chrysophyceae,GBIF_Count_Taxa_Class_Clitellata,GBIF_Count_Taxa_Class_Collembola,GBIF_Count_Taxa_Class_Coniocybomycetes,GBIF_Count_Taxa_Class_Conjugatophyceae,GBIF_Count_Taxa_Class_Copepoda,GBIF_Count_Taxa_Class_Cryptophyceae,GBIF_Count_Taxa_Class_Cyanobacteriia,GBIF_Count_Taxa_Class_Cyrtophoria,GBIF_Count_Taxa_Class_Dacrymycetes,GBIF_Count_Taxa_Class_Demospongiae,GBIF_Count_Taxa_Class_Dictyochophyceae,GBIF_Count_Taxa_Class_Dinophyceae,GBIF_Count_Taxa_Class_Diplopoda,GBIF_Count_Taxa_Class_Dothideomycetes,GBIF_Count_Taxa_Class_Echinoidea,GBIF_Count_Taxa_Class_Elasmobranchii,GBIF_Count_Taxa_Class_Ellioviricetes,GBIF_Count_Taxa_Class_Entomophthoromycetes,GBIF_Count_Taxa_Class_Entosiphonea,GBIF_Count_Taxa_Class_Euglenoidea,GBIF_Count_Taxa_Class_Eurotatoria,GBIF_Count_Taxa_Class_Eurotiomycetes,GBIF_Count_Taxa_Class_Exobasidiomycetes,GBIF_Count_Taxa_Class_Florideophyceae,GBIF_Count_Taxa_Class_Gammaproteobacteria,GBIF_Count_Taxa_Class_Gastropoda,GBIF_Count_Taxa_Class_Geoglossomycetes,GBIF_Count_Taxa_Class_Ginkgoopsida,GBIF_Count_Taxa_Class_Gymnostomatea,GBIF_Count_Taxa_Class_Herviviricetes,GBIF_Count_Taxa_Class_Heterotrichea,GBIF_Count_Taxa_Class_Hydrozoa,GBIF_Count_Taxa_Class_Hypotrichea,GBIF_Count_Taxa_Class_Insecta,GBIF_Count_Taxa_Class_Jungermanniopsida,GBIF_Count_Taxa_Class_Karyorelictea,GBIF_Count_Taxa_Class_Kinetofragminophora,GBIF_Count_Taxa_Class_Kinetoplastea,GBIF_Count_Taxa_Class_Klebsormidiophyceae,GBIF_Count_Taxa_Class_Laboulbeniomycetes,GBIF_Count_Taxa_Class_Lecanoromycetes,GBIF_Count_Taxa_Class_Leotiomycetes,GBIF_Count_Taxa_Class_Liliopsida,GBIF_Count_Taxa_Class_Lobosa,GBIF_Count_Taxa_Class_Lycopodiopsida,GBIF_Count_Taxa_Class_Magnoliopsida,GBIF_Count_Taxa_Class_Malacostraca,GBIF_Count_Taxa_Class_Mammalia,GBIF_Count_Taxa_Class_Marchantiopsida,GBIF_Count_Taxa_Class_Maxillopoda,GBIF_Count_Taxa_Class_Megaviricetes,GBIF_Count_Taxa_Class_Merostomata,GBIF_Count_Taxa_Class_Mucoromycetes,GBIF_Count_Taxa_Class_Myxomycetes,GBIF_Count_Taxa_Class_Nassophorea,GBIF_Count_Taxa_Class_Neolectomycetes,GBIF_Count_Taxa_Class_Oligohymenophorea,GBIF_Count_Taxa_Class_Oligotrichea,GBIF_Count_Taxa_Class_Orbiliomycetes,GBIF_Count_Taxa_Class_Papovaviricetes,GBIF_Count_Taxa_Class_Peranemea,GBIF_Count_Taxa_Class_Peronosporea,GBIF_Count_Taxa_Class_Petromyzonti,GBIF_Count_Taxa_Class_Pezizomycetes,GBIF_Count_Taxa_Class_Phaeophyceae,GBIF_Count_Taxa_Class_Phylactolaemata,GBIF_Count_Taxa_Class_Phytomyxea,GBIF_Count_Taxa_Class_Pinopsida,GBIF_Count_Taxa_Class_Pisoniviricetes,GBIF_Count_Taxa_Class_Polychaeta,GBIF_Count_Taxa_Class_Polyplacophora,GBIF_Count_Taxa_Class_Polypodiopsida,GBIF_Count_Taxa_Class_Polytrichopsida,GBIF_Count_Taxa_Class_Prostomatea,GBIF_Count_Taxa_Class_Protosteliomycetes,GBIF_Count_Taxa_Class_Pucciniomycetes,GBIF_Count_Taxa_Class_Raphidophyceae,GBIF_Count_Taxa_Class_Rhizophydiomycetes,GBIF_Count_Taxa_Class_Saccharomycetes,GBIF_Count_Taxa_Class_Sareomycetes,GBIF_Count_Taxa_Class_Scyphozoa,GBIF_Count_Taxa_Class_Sordariomycetes,GBIF_Count_Taxa_Class_Sphagnopsida,GBIF_Count_Taxa_Class_Spirochaetia,GBIF_Count_Taxa_Class_Spirotrichea,GBIF_Count_Taxa_Class_Squamata,GBIF_Count_Taxa_Class_Stelpaviricetes,GBIF_Count_Taxa_Class_Synurophyceae,GBIF_Count_Taxa_Class_Taphrinomycetes,GBIF_Count_Taxa_Class_Tentaculata,GBIF_Count_Taxa_Class_Testudines,GBIF_Count_Taxa_Class_Trebouxiophyceae,GBIF_Count_Taxa_Class_Trematoda,GBIF_Count_Taxa_Class_Tremellomycetes,GBIF_Count_Taxa_Class_Trepomonadea,GBIF_Count_Taxa_Class_Tubulinea,GBIF_Count_Taxa_Class_Ulvophyceae,GBIF_Count_Taxa_Class_Ustilaginomycetes,GBIF_Count_Taxa_Class_Xanthophyceae,GBIF_Count_Taxa_Class_Zygnematophyceae,total_counts_land_use,Percent_GBIF_Count_Land_Use_Unclassified,Percent_GBIF_Count_Land_Use_Open_Water,Percent_GBIF_Count_Land_Use_Perennial_Snow/Ice,"Percent_GBIF_Count_Land_Use_Developed,_Open_Space","Percent_GBIF_Count_Land_Use_Developed,_Low_Intensity","Percent_GBIF_Count_Land_Use_Developed,_Medium_Intensity","Percent_GBIF_Count_Land_Use_Developed,_High_Intensity",Percent_GBIF_Count_Land_Use_Barren_Land,Percent_GBIF_Count_Land_Use_Deciduous_Forest,Percent_GBIF_Count_Land_Use_Evergreen_Forest,Percent_GBIF_Count_Land_Use_Mixed_Forest,Percent_GBIF_Count_Land_Use_Shrub/Scrub,Percent_GBIF_Count_Land_Use_Herbaceous,Percent_GBIF_Count_Land_Use_Hay/Pasture,Percent_GBIF_Count_Land_Use_Cultivated_Crops,Percent_GBIF_Count_Land_Use_Woody_Wetlands,Percent_GBIF_Count_Land_Use_Emergent_Herbaceous_Wetlands,total_counts_taxa,Percent_GBIF_Count_Taxa_Class_Actinomycetia,Percent_GBIF_Count_Taxa_Class_Agaricomycetes,Percent_GBIF_Count_Taxa_Class_Alphaproteobacteria,Percent_GBIF_Count_Taxa_Class_Alsuviricetes,Percent_GBIF_Count_Taxa_Class_Amphibia,Percent_GBIF_Count_Taxa_Class_Anthozoa,Percent_GBIF_Count_Taxa_Class_Arachnida,Percent_GBIF_Count_Taxa_Class_Arthoniomycetes,Percent_GBIF_Count_Taxa_Class_Ascidiacea,Percent_GBIF_Count_Taxa_Class_Atractiellomycetes,Percent_GBIF_Count_Taxa_Class_Aves,Percent_GBIF_Count_Taxa_Class_Bacillariophyceae,Percent_GBIF_Count_Taxa_Class_Bacilli,Percent_GBIF_Count_Taxa_Class_Bivalvia,Percent_GBIF_Count_Taxa_Class_Branchiopoda,Percent_GBIF_Count_Taxa_Class_Bryopsida,Percent_GBIF_Count_Taxa_Class_Candelariomycetes,Percent_GBIF_Count_Taxa_Class_Cephalopoda,Percent_GBIF_Count_Taxa_Class_Charophyceae,Percent_GBIF_Count_Taxa_Class_Chilopoda,Percent_GBIF_Count_Taxa_Class_Chlorophyceae,Percent_GBIF_Count_Taxa_Class_Chromadorea,Percent_GBIF_Count_Taxa_Class_Chrysophyceae,Percent_GBIF_Count_Taxa_Class_Clitellata,Percent_GBIF_Count_Taxa_Class_Collembola,Percent_GBIF_Count_Taxa_Class_Coniocybomycetes,Percent_GBIF_Count_Taxa_Class_Conjugatophyceae,Percent_GBIF_Count_Taxa_Class_Copepoda,Percent_GBIF_Count_Taxa_Class_Cryptophyceae,Percent_GBIF_Count_Taxa_Class_Cyanobacteriia,Percent_GBIF_Count_Taxa_Class_Cyrtophoria,Percent_GBIF_Count_Taxa_Class_Dacrymycetes,Percent_GBIF_Count_Taxa_Class_Demospongiae,Percent_GBIF_Count_Taxa_Class_Dictyochophyceae,Percent_GBIF_Count_Taxa_Class_Dinophyceae,Percent_GBIF_Count_Taxa_Class_Diplopoda,Percent_GBIF_Count_Taxa_Class_Dothideomycetes,Percent_GBIF_Count_Taxa_Class_Echinoidea,Percent_GBIF_Count_Taxa_Class_Elasmobranchii,Percent_GBIF_Count_Taxa_Class_Ellioviricetes,Percent_GBIF_Count_Taxa_Class_Entomophthoromycetes,Percent_GBIF_Count_Taxa_Class_Entosiphonea,Percent_GBIF_Count_Taxa_Class_Euglenoidea,Percent_GBIF_Count_Taxa_Class_Eurotatoria,Percent_GBIF_Count_Taxa_Class_Eurotiomycetes,Percent_GBIF_Count_Taxa_Class_Exobasidiomycetes,Percent_GBIF_Count_Taxa_Class_Florideophyceae,Percent_GBIF_Count_Taxa_Class_Gammaproteobacteria,Percent_GBIF_Count_Taxa_Class_Gastropoda,Percent_GBIF_Count_Taxa_Class_Geoglossomycetes,Percent_GBIF_Count_Taxa_Class_Ginkgoopsida,Percent_GBIF_Count_Taxa_Class_Gymnostomatea,Percent_GBIF_Count_Taxa_Class_Herviviricetes,Percent_GBIF_Count_Taxa_Class_Heterotrichea,Percent_GBIF_Count_Taxa_Class_Hydrozoa,Percent_GBIF_Count_Taxa_Class_Hypotrichea,Percent_GBIF_Count_Taxa_Class_Insecta,Percent_GBIF_Count_Taxa_Class_Jungermanniopsida,Percent_GBIF_Count_Taxa_Class_Karyorelictea,Percent_GBIF_Count_Taxa_Class_Kinetofragminophora,Percent_GBIF_Count_Taxa_Class_Kinetoplastea,Percent_GBIF_Count_Taxa_Class_Klebsormidiophyceae,Percent_GBIF_Count_Taxa_Class_Laboulbeniomycetes,Percent_GBIF_Count_Taxa_Class_Lecanoromycetes,Percent_GBIF_Count_Taxa_Class_Leotiomycetes,Percent_GBIF_Count_Taxa_Class_Liliopsida,Percent_GBIF_Count_Taxa_Class_Lobosa,Percent_GBIF_Count_Taxa_Class_Lycopodiopsida,Percent_GBIF_Count_Taxa_Class_Magnoliopsida,Percent_GBIF_Count_Taxa_Class_Malacostraca,Percent_GBIF_Count_Taxa_Class_Mammalia,Percent_GBIF_Count_Taxa_Class_Marchantiopsida,Percent_GBIF_Count_Taxa_Class_Maxillopoda,Percent_GBIF_Count_Taxa_Class_Megaviricetes,Percent_GBIF_Count_Taxa_Class_Merostomata,Percent_GBIF_Count_Taxa_Class_Mucoromycetes,Percent_GBIF_Count_Taxa_Class_Myxomycetes,Percent_GBIF_Count_Taxa_Class_Nassophorea,Percent_GBIF_Count_Taxa_Class_Neolectomycetes,Percent_GBIF_Count_Taxa_Class_Oligohymenophorea,Percent_GBIF_Count_Taxa_Class_Oligotrichea,Percent_GBIF_Count_Taxa_Class_Orbiliomycetes,Percent_GBIF_Count_Taxa_Class_Papovaviricetes,Percent_GBIF_Count_Taxa_Class_Peranemea,Percent_GBIF_Count_Taxa_Class_Peronosporea,Percent_GBIF_Count_Taxa_Class_Petromyzonti,Percent_GBIF_Count_Taxa_Class_Pezizomycetes,Percent_GBIF_Count_Taxa_Class_Phaeophyceae,Percent_GBIF_Count_Taxa_Class_Phylactolaemata,Percent_GBIF_Count_Taxa_Class_Phytomyxea,Percent_GBIF_Count_Taxa_Class_Pinopsida,Percent_GBIF_Count_Taxa_Class_Pisoniviricetes,Percent_GBIF_Count_Taxa_Class_Polychaeta,Percent_GBIF_Count_Taxa_Class_Polyplacophora,Percent_GBIF_Count_Taxa_Class_Polypodiopsida,Percent_GBIF_Count_Taxa_Class_Polytrichopsida,Percent_GBIF_Count_Taxa_Class_Prostomatea,Percent_GBIF_Count_Taxa_Class_Protosteliomycetes,Percent_GBIF_Count_Taxa_Class_Pucciniomycetes,Percent_GBIF_Count_Taxa_Class_Raphidophyceae,Percent_GBIF_Count_Taxa_Class_Rhizophydiomycetes,Percent_GBIF_Count_Taxa_Class_Saccharomycetes,Percent_GBIF_Count_Taxa_Class_Sareomycetes,Percent_GBIF_Count_Taxa_Class_Scyphozoa,Percent_GBIF_Count_Taxa_Class_Sordariomycetes,Percent_GBIF_Count_Taxa_Class_Sphagnopsida,Percent_GBIF_Count_Taxa_Class_Spirochaetia,Percent_GBIF_Count_Taxa_Class_Spirotrichea,Percent_GBIF_Count_Taxa_Class_Squamata,Percent_GBIF_Count_Taxa_Class_Stelpaviricetes,Percent_GBIF_Count_Taxa_Class_Synurophyceae,Percent_GBIF_Count_Taxa_Class_Taphrinomycetes,Percent_GBIF_Count_Taxa_Class_Tentaculata,Percent_GBIF_Count_Taxa_Class_Testudines,Percent_GBIF_Count_Taxa_Class_Trebouxiophyceae,Percent_GBIF_Count_Taxa_Class_Trematoda,Percent_GBIF_Count_Taxa_Class_Tremellomycetes,Percent_GBIF_Count_Taxa_Class_Trepomonadea,Percent_GBIF_Count_Taxa_Class_Tubulinea,Percent_GBIF_Count_Taxa_Class_Ulvophyceae,Percent_GBIF_Count_Taxa_Class_Ustilaginomycetes,Percent_GBIF_Count_Taxa_Class_Xanthophyceae,Percent_GBIF_Count_Taxa_Class_Zygnematophyceae,Sum_Percent_Land_Use_Agricultural,Sum_Percent_GBIF_Observations_Agricultural,GBIF_Agricultural_Disparity
NY,BGM,Yates,36123,E,cc,-77.1055,42.6335,971.4325693579118,Yates,3.0,63619.0,10.6,24472.0,6.0,0.24,25.19,24643,1.0069875776397517,25.367689716526897,0.0,0.10127085722742239,0.0,0.05263143290539791,0.015156868548595952,0.0046117133449258205,0.0010239002552813645,0.000691849494986866,0.2725276554811499,0.017794775981353362,0.07703947611824337,0.008763735247326945,0.002178215990232713,0.10709885678345481,0.3036266602538015,0.031038884161456212,0.004545118206370935,0.42193622483448184,0,1241,0,10117,2405,448,43,3,2621,181,2058,91,479,1342,474,3054,86,0,23,0,0,12,0,16,0,0,0,24115,0,0,1,0,1,0,0,0,0,0,0,0,0,0,0,0,0,0,0,0,0,0,0,0,1,0,0,0,0,0,0,0,0,0,0,0,0,4,0,0,0,0,0,0,0,105,0,0,0,0,0,3,0,0,35,0,1,267,1,8,2,0,0,0,0,1,0,0,0,0,0,0,0,0,0,1,0,0,0,9,0,0,0,21,0,0,0,0,0,0,0,0,0,3,0,0,0,9,0,0,0,0,2,0,0,0,0,0,0,0,0,0,24643,0.0,0.05035912835287911,0.0,0.4105425475794343,0.09759363713833542,0.018179604755914458,0.0017449174207685753,0.00012173842470478433,0.1063588037170799,0.007344884957188654,0.08351255934748204,0.0036927322160451243,0.019437568477863897,0.05445765531794019,0.019234671103355923,0.12392971634947043,0.0034898348415371505,24641,0.0,0.0009334036767988312,0.0,0.0,0.0004869932226776511,0.0,0.0006493242969035348,0.0,0.0,0.0,0.9786534637392963,0.0,0.0,4.0582768556470925e-05,0.0,4.0582768556470925e-05,0.0,0.0,0.0,0.0,0.0,0.0,0.0,0.0,0.0,0.0,0.0,0.0,0.0,0.0,0.0,0.0,0.0,0.0,0.0,4.0582768556470925e-05,0.0,0.0,0.0,0.0,0.0,0.0,0.0,0.0,0.0,0.0,0.0,0.0,0.0001623310742258837,0.0,0.0,0.0,0.0,0.0,0.0,0.0,0.004261190698429447,0.0,0.0,0.0,0.0,0.0,0.00012174830566941277,0.0,0.0,0.0014203968994764822,0.0,4.0582768556470925e-05,0.010835599204577736,4.0582768556470925e-05,0.0003246621484517674,8.116553711294185e-05,0.0,0.0,0.0,0.0,4.0582768556470925e-05,0.0,0.0,0.0,0.0,0.0,0.0,0.0,0.0,0.0,4.0582768556470925e-05,0.0,0.0,0.0,0.0003652449170082383,0.0,0.0,0.0,0.0008522381396858893,0.0,0.0,0.0,0.0,0.0,0.0,0.0,0.0,0.0,0.00012174830566941277,0.0,0.0,0.0,0.0003652449170082383,0.0,0.0,0.0,0.0,8.116553711294185e-05,0.0,0.0,0.0,0.0,0.0,0.0,0.0,0.0,0.0,0.4107255170372563,0.07369232642129611,0.1794198883791571
NY,BUF,Allegany,36003,E,ww,-78.0276,42.2574,2675.1105460928375,Allegany,4.1,55320.0,14.6,46651.0,7.0,0.25,17.44,34931,0.7487728022979143,13.057778135942405,0.0,0.004323727327051747,0.0,0.04999158566116045,0.009536922488319857,0.0029250324397115143,0.000561627726136616,0.0009119732514718374,0.47190870459154177,0.0675095337314217,0.15756815194582846,0.00436369963531147,0.0026922525269048904,0.1769792422795502,0.03543897824062053,0.012244962397478586,0.003043605757490357,0.5312153097336736,0,1006,0,12183,1983,1039,112,1,2616,509,4817,81,38,4545,213,176,5612,0,32,0,0,47,0,6,0,0,0,34294,0,0,0,0,4,0,0,0,1,0,3,0,0,0,0,0,0,0,0,0,1,0,0,0,1,0,0,0,0,0,0,0,0,1,0,0,0,1,0,0,0,0,0,0,0,166,1,0,0,0,0,0,1,2,61,0,2,237,0,10,0,0,0,0,0,0,0,0,0,0,0,0,0,0,0,0,0,0,0,7,0,0,0,40,1,0,0,0,0,0,0,0,0,2,0,0,0,7,0,0,0,0,1,0,0,0,0,0,0,0,0,0,34931,0.0,0.028799633563310525,0.0,0.3487732959262546,0.05676905900203258,0.02974435315335948,0.0032063210328934183,2.8627866365119808e-05,0.07489049841115342,0.014571583979845983,0.1379004322807821,0.002318857175574704,0.0010878589218745527,0.13011365262946953,0.006097735535770519,0.005038504480261086,0.16065958604105235,34929,0.0,0.0009161441781900426,0.0,0.0,0.001345586761716625,0.0,0.000171777033410633,0.0,0.0,0.0,0.9818202639640413,0.0,0.0,0.0,0.0,0.00011451802227375533,0.0,0.0,0.0,2.862950556843883e-05,0.0,8.58885167053165e-05,0.0,0.0,0.0,0.0,0.0,0.0,0.0,0.0,0.0,2.862950556843883e-05,0.0,0.0,0.0,2.862950556843883e-05,0.0,0.0,0.0,0.0,0.0,0.0,0.0,0.0,2.862950556843883e-05,0.0,0.0,0.0,2.862950556843883e-05,0.0,0.0,0.0,0.0,0.0,0.0,0.0,0.004752497924360846,2.862950556843883e-05,0.0,0.0,0.0,0.0,0.0,2.862950556843883e-05,5.725901113687766e-05,0.0017463998396747688,0.0,5.725901113687766e-05,0.0067851928197200035,0.0,0.00028629505568438836,0.0,0.0,0.0,0.0,0.0,0.0,0.0,0.0,0.0,0.0,0.0,0.0,0.0,0.0,0.0,0.0,0.0,0.0,0.0,0.00020040653897907183,0.0,0.0,0.0,0.0011451802227375534,2.862950556843883e-05,0.0,0.0,0.0,0.0,0.0,0.0,0.0,0.0,5.725901113687766e-05,0.0,0.0,0.0,0.00020040653897907183,0.0,0.0,0.0,0.0,2.862950556843883e-05,0.0,0.0,0.0,0.0,0.0,0.0,0.0,0.0,0.0,0.21241822052017073,0.13621138816524006,0.6412415461897994
NY,BGM,Broome,36007,E,cc,-75.8196,42.1602,1850.2959448108963,Broome,3.9,55729.0,14.1,196077.0,3.0,0.3,105.97,98289,0.5012775593261831,53.12069146324877,0.0,0.012786168714486911,0.0,0.05961245204215434,0.032776941382157254,0.020697392064494197,0.007792239327861687,0.0028590160749842166,0.347107474139187,0.04080957699966004,0.25387693652566656,0.004306250303530669,0.003779806711670147,0.18004710795978826,0.013619542518576076,0.01384731193239765,0.006081783303384974,0.33335506634000284,0,1778,0,27948,9741,10000,746,454,9460,4315,7625,135,2549,17092,66,594,5786,0,472,0,0,428,0,82,0,0,0,95902,0,0,0,0,0,0,0,0,4,0,0,0,0,0,0,0,0,0,0,0,13,0,0,0,4,0,0,0,0,1,0,0,0,0,0,0,0,20,0,0,0,0,0,0,0,408,0,0,0,0,0,0,1,28,40,0,2,495,68,94,0,0,0,0,0,7,0,0,0,0,0,0,0,0,0,1,0,0,0,13,0,0,0,42,0,0,2,2,0,0,0,0,0,12,0,0,0,91,0,0,0,0,23,0,0,3,0,0,0,0,0,0,98289,0.0,0.01808951154249204,0.0,0.2843451454384519,0.09910569850135824,0.10174078482841417,0.007589862548199697,0.0046190316312100035,0.0962467824476798,0.04390114865346071,0.0775773484316658,0.0013735005951835912,0.02593372605276277,0.1738953494287255,0.0006714891798675335,0.006043402618807802,0.05886721810172044,98258,0.0,0.004803680107472165,0.0,0.0,0.004355879419487472,0.0,0.0008345376457896558,0.0,0.0,0.0,0.9760223086160923,0.0,0.0,0.0,0.0,0.0,0.0,0.0,0.0,4.0709153453153944e-05,0.0,0.0,0.0,0.0,0.0,0.0,0.0,0.0,0.0,0.0,0.0,0.0001323047487227503,0.0,0.0,0.0,4.0709153453153944e-05,0.0,0.0,0.0,0.0,1.0177288363288486e-05,0.0,0.0,0.0,0.0,0.0,0.0,0.0,0.0002035457672657697,0.0,0.0,0.0,0.0,0.0,0.0,0.0,0.004152333652221702,0.0,0.0,0.0,0.0,0.0,0.0,1.0177288363288486e-05,0.00028496407417207757,0.0004070915345315394,0.0,2.0354576726576972e-05,0.0050377577398278,0.000692055608703617,0.0009566651061491176,0.0,0.0,0.0,0.0,0.0,7.124101854301939e-05,0.0,0.0,0.0,0.0,0.0,0.0,0.0,0.0,0.0,1.0177288363288486e-05,0.0,0.0,0.0,0.0001323047487227503,0.0,0.0,0.0,0.0004274461112581164,0.0,0.0,2.0354576726576972e-05,2.0354576726576972e-05,0.0,0.0,0.0,0.0,0.0,0.00012212746035946182,0.0,0.0,0.0,0.0009261332410592522,0.0,0.0,0.0,0.0,0.00023407763235563516,0.0,0.0,3.0531865089865455e-05,0.0,0.0,0.0,0.0,0.0,0.0,0.19366665047836434,0.17456683860859304,0.9013778994855645
NY,BUF,Cattaraugus,36009,E,ww,-78.6789,42.2486,3419.2594250580946,Cattaraugus,4.1,54602.0,16.1,75600.0,4.0,0.2,22.11,36962,0.4889153439153439,10.80994315000594,0.0,0.010226033391236705,0.0,0.04192589594737713,0.01257624455020643,0.005752406581537322,0.0012180732105361361,0.0017696882415858342,0.49272493620555086,0.040000367918553346,0.1685674039929675,0.003256604795029946,0.0026847542435463143,0.14399175862440508,0.041152741387420866,0.028008588270230922,0.00614450263981562,0.4260280194745284,0,1185,0,18356,2091,1333,257,13,5282,1189,1479,101,32,4033,142,1239,230,0,246,0,0,237,0,19,0,0,0,34843,0,0,1,0,7,0,0,0,1,0,0,0,0,0,0,0,0,0,0,0,3,0,0,0,2,0,0,0,0,0,0,0,0,0,0,0,0,5,0,0,0,0,0,0,0,296,6,0,0,0,0,0,3,4,161,0,17,782,5,57,1,0,0,0,0,7,0,0,0,0,0,0,0,0,0,4,0,1,0,67,0,0,0,91,1,0,0,1,0,0,0,0,0,9,0,0,0,56,0,0,0,0,6,0,0,2,0,0,0,0,1,0,36962,0.0,0.032059953465721554,0.0,0.49661814836859475,0.05657161409014664,0.03606406579730534,0.006953086954169146,0.0003517125696661436,0.14290352253665928,0.03216817271792652,0.040014068502786646,0.0027325361181754233,0.0008657540176397381,0.10911206103565825,0.003841783453276338,0.03352091337048861,0.0062226070017856175,36942,0.0,0.006659087217800877,0.0,0.0,0.006415462075686211,0.0,0.0005143197444642954,0.0,0.0,0.0,0.9431812029668128,0.0,0.0,2.7069460234962914e-05,0.0,0.0001894862216447404,0.0,0.0,0.0,2.7069460234962914e-05,0.0,0.0,0.0,0.0,0.0,0.0,0.0,0.0,0.0,0.0,0.0,8.120838070488874e-05,0.0,0.0,0.0,5.413892046992583e-05,0.0,0.0,0.0,0.0,0.0,0.0,0.0,0.0,0.0,0.0,0.0,0.0,0.00013534730117481457,0.0,0.0,0.0,0.0,0.0,0.0,0.0,0.008012560229549022,0.00016241676140977748,0.0,0.0,0.0,0.0,0.0,8.120838070488874e-05,0.00010827784093985166,0.0043581830978290294,0.0,0.00046018082399436956,0.021168317903740998,0.00013534730117481457,0.0015429592333928862,2.7069460234962914e-05,0.0,0.0,0.0,0.0,0.0001894862216447404,0.0,0.0,0.0,0.0,0.0,0.0,0.0,0.0,0.0,0.00010827784093985166,0.0,2.7069460234962914e-05,0.0,0.0018136538357425153,0.0,0.0,0.0,0.0024633208813816254,2.7069460234962914e-05,0.0,0.0,2.7069460234962914e-05,0.0,0.0,0.0,0.0,0.0,0.00024362514211466623,0.0,0.0,0.0,0.0015158897731579232,0.0,0.0,0.0,0.0,0.00016241676140977748,0.0,0.0,5.413892046992583e-05,0.0,0.0,0.0,0.0,2.7069460234962914e-05,0.0,0.18514450001182595,0.11295384448893458,0.6100847958309308
NY,BGM,Chemung,36015,E,cc,-76.76,42.1413,1062.2319201586865,Chemung,3.7,59155.0,14.9,81325.0,3.0,0.25,76.56,51116,0.6285398094067015,48.121317981447774,0.0,0.006316724473394806,0.0,0.05887657558582184,0.03596396243972591,0.017277726080703833,0.006941883089417139,0.002245156924118095,0.3966779460282548,0.01941713898993317,0.20150241096353946,0.003320362067506979,0.003448100837492598,0.19657981558243803,0.03143473479401066,0.012882158869807968,0.007115303273834701,0.27157040246942893,0,2214,0,11978,4005,1908,421,8,2791,287,3434,4,17170,4957,246,454,1239,0,24,0,0,29,0,72,0,0,0,50489,0,1,3,0,0,1,0,0,2,0,0,0,0,3,0,0,0,0,0,0,1,0,0,0,1,0,0,0,0,0,0,0,0,0,0,0,0,6,0,0,0,0,0,0,0,192,0,0,0,0,0,1,0,0,14,0,3,199,7,10,0,0,0,0,0,0,0,0,0,0,0,0,0,0,0,0,0,0,0,7,0,0,0,12,0,0,0,1,0,0,0,0,0,0,0,0,0,24,0,0,0,0,4,0,0,1,0,0,0,0,0,0,51116,0.0,0.04331324829798889,0.0,0.2343297597621097,0.07835120118945145,0.037326864386884734,0.008236168714296893,0.0001565067689177557,0.05460129900618202,0.005614680334924485,0.06718053055794664,7.825338445887784e-05,0.33590265278973314,0.09697550669066438,0.004812583144220987,0.008881759136082636,0.024238985836137414,51107,0.0,0.00046960298980570176,0.0,0.0,0.0005674369460152229,0.0,0.0014088089694171053,0.0,0.0,0.0,0.9879077230125032,0.0,1.956679124190424e-05,5.870037372571272e-05,0.0,0.0,1.956679124190424e-05,0.0,0.0,3.913358248380848e-05,0.0,0.0,0.0,0.0,5.870037372571272e-05,0.0,0.0,0.0,0.0,0.0,0.0,1.956679124190424e-05,0.0,0.0,0.0,1.956679124190424e-05,0.0,0.0,0.0,0.0,0.0,0.0,0.0,0.0,0.0,0.0,0.0,0.0,0.00011740074745142544,0.0,0.0,0.0,0.0,0.0,0.0,0.0,0.003756823918445614,0.0,0.0,0.0,0.0,0.0,1.956679124190424e-05,0.0,0.0,0.00027393507738665936,0.0,5.870037372571272e-05,0.0038937914571389436,0.00013696753869332968,0.0001956679124190424,0.0,0.0,0.0,0.0,0.0,0.0,0.0,0.0,0.0,0.0,0.0,0.0,0.0,0.0,0.0,0.0,0.0,0.0,0.0,0.00013696753869332968,0.0,0.0,0.0,0.00023480149490285088,0.0,0.0,0.0,1.956679124190424e-05,0.0,0.0,0.0,0.0,0.0,0.0,0.0,0.0,0.0,0.00046960298980570176,0.0,0.0,0.0,0.0,7.826716496761696e-05,0.0,0.0,1.956679124190424e-05,0.0,0.0,0.0,0.0,0.0,0.0,0.2280145503764487,0.10178808983488537,0.44641050172822183
NY,BGM,Chenango,36017,E,cc,-75.6115,42.4936,2323.763218232695,Chenango,3.3,58177.0,13.3,45920.0,6.0,0.18,19.76,27541,0.5997604529616725,11.851896003821729,0.0,0.0062486442259395295,0.0,0.04720974448226541,0.011302080574256591,0.003819561117811304,0.0009481234926982504,0.000888962442786818,0.3750377490032523,0.06349295345494732,0.19854796356452672,0.004543413963786477,0.003428634180161251,0.20812509352665978,0.034562813374728024,0.03680242645372813,0.0050418361424520745,0.3970683364402594,0,3912,0,9598,3443,568,84,14,2093,1152,1254,46,348,2764,300,1784,181,0,21,0,0,59,0,20,0,0,0,26396,0,0,1,0,1,0,0,0,0,0,0,0,0,0,0,0,0,0,0,0,1,0,0,0,0,0,0,0,0,0,0,0,0,0,0,0,0,0,0,0,0,0,0,0,0,327,0,0,0,0,0,0,0,0,114,0,3,490,3,14,0,0,0,0,0,1,0,0,0,0,0,0,0,0,0,0,0,0,0,17,0,0,0,21,0,0,0,1,0,0,0,0,0,1,0,0,0,8,0,0,0,0,11,0,0,1,0,0,0,0,0,0,27541,0.0,0.14204277259358775,0.0,0.34849860208416544,0.12501361606332378,0.020623797247739734,0.00304999818452489,0.0005083330307541484,0.07599578809774518,0.041828546530627064,0.045532115754693,0.0016702371010493447,0.012635706764460259,0.10035946407174758,0.010892850659017465,0.06477615191895719,0.006572019897607204,27511,0.0,0.0007633310312238741,0.0,0.0,0.0021445967067718367,0.0,0.0007269819344989277,0.0,0.0,0.0,0.9594707571516847,0.0,0.0,3.6349096724946385e-05,0.0,3.6349096724946385e-05,0.0,0.0,0.0,0.0,0.0,0.0,0.0,0.0,0.0,0.0,0.0,0.0,0.0,0.0,0.0,3.6349096724946385e-05,0.0,0.0,0.0,0.0,0.0,0.0,0.0,0.0,0.0,0.0,0.0,0.0,0.0,0.0,0.0,0.0,0.0,0.0,0.0,0.0,0.0,0.0,0.0,0.0,0.011886154629057469,0.0,0.0,0.0,0.0,0.0,0.0,0.0,0.0,0.004143797026643888,0.0,0.00010904729017483916,0.01781105739522373,0.00010904729017483916,0.0005088873541492494,0.0,0.0,0.0,0.0,0.0,3.6349096724946385e-05,0.0,0.0,0.0,0.0,0.0,0.0,0.0,0.0,0.0,0.0,0.0,0.0,0.0,0.0006179346443240885,0.0,0.0,0.0,0.0007633310312238741,0.0,0.0,0.0,3.6349096724946385e-05,0.0,0.0,0.0,0.0,0.0,3.6349096724946385e-05,0.0,0.0,0.0,0.0002907927737995711,0.0,0.0,0.0,0.0,0.00039984006397441024,0.0,0.0,3.6349096724946385e-05,0.0,0.0,0.0,0.0,0.0,0.0,0.2426879069013878,0.11125231473076504,0.458417216379762
NY,BGM,Cortland,36023,E,cc,-76.0702,42.595,1296.7946637087225,Cortland,3.9,62292.0,11.0,45752.0,4.0,0.28,35.28,24444,0.5342717258261934,18.849553197645214,0.0,0.005479875367305466,0.0,0.04213593887815332,0.01885980623315903,0.007936777384307005,0.0022206347897602754,0.001231222471576914,0.4244052267022153,0.03766279747325711,0.0931883673380305,0.0059503312244808875,0.004261124479571199,0.24512482323262066,0.081138738748726,0.02513994156370104,0.00526439411313528,0.37572256790333197,0,458,0,5489,2051,859,167,3,5428,1551,144,129,1912,2578,1232,2246,197,0,69,0,0,148,0,18,0,0,0,23343,0,0,1,0,0,0,0,0,0,0,1,0,0,0,0,0,0,0,0,0,0,0,0,0,1,1,0,0,0,0,0,0,0,0,0,0,0,8,0,0,0,0,0,0,0,343,0,0,0,0,0,0,0,1,59,0,6,327,5,23,1,0,0,0,0,1,0,0,0,0,0,0,0,0,0,0,0,0,0,8,0,0,0,30,0,0,0,0,0,0,0,0,0,2,0,0,0,14,0,0,0,0,12,0,0,0,0,0,0,0,0,0,24444,0.0,0.018736704303714612,0.0,0.2245540828015055,0.08390607101947307,0.035141548028145966,0.006831942398952708,0.00012272950417280314,0.22205858288332514,0.06345115365733922,0.005891016200294551,0.005277368679430535,0.07821960399279987,0.10546555391916217,0.050400916380297825,0.09188348879070529,0.00805923744068074,24422,0.0,0.002825321431496192,0.0,0.0,0.006060109737122267,0.0,0.0007370403734337892,0.0,0.0,0.0,0.9558185242813856,0.0,0.0,4.094668741298829e-05,0.0,0.0,0.0,0.0,0.0,0.0,0.0,4.094668741298829e-05,0.0,0.0,0.0,0.0,0.0,0.0,0.0,0.0,0.0,0.0,0.0,0.0,0.0,4.094668741298829e-05,4.094668741298829e-05,0.0,0.0,0.0,0.0,0.0,0.0,0.0,0.0,0.0,0.0,0.0,0.00032757349930390633,0.0,0.0,0.0,0.0,0.0,0.0,0.0,0.014044713782654983,0.0,0.0,0.0,0.0,0.0,0.0,0.0,4.094668741298829e-05,0.002415854557366309,0.0,0.0002456801244779297,0.013389566784047171,0.00020473343706494144,0.0009417738104987307,4.094668741298829e-05,0.0,0.0,0.0,0.0,4.094668741298829e-05,0.0,0.0,0.0,0.0,0.0,0.0,0.0,0.0,0.0,0.0,0.0,0.0,0.0,0.00032757349930390633,0.0,0.0,0.0,0.0012284006223896487,0.0,0.0,0.0,0.0,0.0,0.0,0.0,0.0,0.0,8.189337482597658e-05,0.0,0.0,0.0,0.0005732536237818361,0.0,0.0,0.0,0.0,0.0004913602489558594,0.0,0.0,0.0,0.0,0.0,0.0,0.0,0.0,0.0,0.32626356198134665,0.15586647029946,0.4777317741304231
NY,BGM,Delaware,36025,E,cc,-74.9664,42.1982,3796.2874838814187,Delaware,3.8,53385.0,15.9,44410.0,8.0,0.25,11.7,40322,0.9079486602116641,10.6214295337754,0.0,0.014641064902843025,0.0,0.03551041112148119,0.011254364448071737,0.0035715629830894574,0.0009115308534612963,0.0009290466371943881,0.5943396561367613,0.030625637757970215,0.1552390774294688,0.005464214425384063,0.0033381769998350203,0.12651011501005618,0.004040465247619925,0.011561600762741372,0.0020630752840219836,0.4578339029453626,0,1146,0,14049,4934,1842,417,38,7749,390,2116,72,126,6073,524,515,331,0,66,0,0,78,0,26,0,0,0,38622,0,0,5,0,8,0,0,0,0,0,0,0,0,0,0,0,0,0,1,0,0,0,0,0,1,0,0,0,1,0,0,0,0,0,0,0,0,1,0,0,0,0,0,0,0,769,0,0,0,0,0,0,8,3,66,0,5,529,2,37,1,0,0,0,0,3,0,0,0,0,0,0,0,0,0,1,0,0,0,6,0,0,0,43,0,0,0,0,0,0,0,0,0,1,0,0,0,21,1,0,0,0,4,0,0,2,0,0,0,0,0,0,40322,0.0,0.028421209265413423,0.0,0.34842021725112843,0.1223649620554536,0.04568225782451267,0.010341748921184465,0.0009424135707554189,0.19217796736273002,0.009672139278805615,0.05247755567680175,0.0017856257130102673,0.003124844997767968,0.15061256882099103,0.012995387133574723,0.01277218391944844,0.0082089182084222,40311,0.0,0.0016372702240083352,0.0,0.0,0.0019349557192825779,0.0,0.0006449852397608593,0.0,0.0,0.0,0.9581007665401503,0.0,0.0,0.00012403562303093448,0.0,0.0001984569968494952,0.0,0.0,0.0,0.0,0.0,0.0,0.0,0.0,0.0,0.0,0.0,0.0,0.0,2.48071246061869e-05,0.0,0.0,0.0,0.0,0.0,2.48071246061869e-05,0.0,0.0,0.0,2.48071246061869e-05,0.0,0.0,0.0,0.0,0.0,0.0,0.0,0.0,2.48071246061869e-05,0.0,0.0,0.0,0.0,0.0,0.0,0.0,0.019076678822157724,0.0,0.0,0.0,0.0,0.0,0.0,0.0001984569968494952,7.442137381856069e-05,0.0016372702240083352,0.0,0.00012403562303093448,0.013122968916672868,4.96142492123738e-05,0.0009178636104289152,2.48071246061869e-05,0.0,0.0,0.0,0.0,7.442137381856069e-05,0.0,0.0,0.0,0.0,0.0,0.0,0.0,0.0,0.0,2.48071246061869e-05,0.0,0.0,0.0,0.00014884274763712137,0.0,0.0,0.0,0.0010667063580660366,0.0,0.0,0.0,0.0,0.0,0.0,0.0,0.0,0.0,2.48071246061869e-05,0.0,0.0,0.0,0.0005209496167299249,2.48071246061869e-05,0.0,0.0,0.0,9.92284984247476e-05,0.0,0.0,4.96142492123738e-05,0.0,0.0,0.0,0.0,0.0,0.0,0.1305505802576761,0.16360795595456576,1.253215080558372
NY,BUF,Genesee,36037,E,ww,-78.1936,43.001,1280.9952690339915,Genesee,3.2,62785.0,9.6,57529.0,4.0,0.23,44.91,48332,0.8401328025865216,37.73003786067652,0.0,0.005379304056921032,0.0,0.0435912991334902,0.027061335989087096,0.010233301889769853,0.004123899329165016,0.0027913468248429866,0.14082274596990535,0.002677027846840623,0.019872565899981414,0.002836934147359267,0.001497368208803964,0.10600525306224072,0.4333706214253402,0.1818029435383477,0.017934052677904527,0.4236230936167612,0,1423,0,2942,6200,1632,1953,6,4421,4,1417,4,55,9060,6864,6459,5892,0,8,0,0,37,0,10,0,0,0,47733,0,0,1,0,1,0,0,0,0,0,0,0,0,0,0,0,0,0,0,0,0,0,0,0,0,0,0,0,0,0,0,0,0,0,0,0,0,3,0,0,0,0,0,0,0,135,0,0,0,0,0,0,0,0,54,0,5,267,0,11,0,0,0,0,0,1,0,0,0,0,0,0,0,0,0,1,0,0,0,4,0,0,0,27,0,0,0,0,0,0,0,0,0,0,0,0,0,24,0,0,0,0,8,0,0,0,0,0,0,0,0,0,48332,0.0,0.029442191508731275,0.0,0.060870644707440205,0.12827940081105685,0.033766448729620126,0.04040801125548291,0.0001241413556236034,0.09147148886865844,8.276090374906894e-05,0.02931805015310767,8.276090374906894e-05,0.0011379624265496979,0.18745344699164115,0.1420177108334023,0.13363816932880906,0.12190681122237855,48330,0.0,0.00016552865714876888,0.0,0.0,0.0007655700393130561,0.0,0.0002069108214359611,0.0,0.0,0.0,0.9876474239602732,0.0,0.0,2.069108214359611e-05,0.0,2.069108214359611e-05,0.0,0.0,0.0,0.0,0.0,0.0,0.0,0.0,0.0,0.0,0.0,0.0,0.0,0.0,0.0,0.0,0.0,0.0,0.0,0.0,0.0,0.0,0.0,0.0,0.0,0.0,0.0,0.0,0.0,0.0,0.0,0.0,6.207324643078833e-05,0.0,0.0,0.0,0.0,0.0,0.0,0.0,0.002793296089385475,0.0,0.0,0.0,0.0,0.0,0.0,0.0,0.0,0.0011173184357541898,0.0,0.00010345541071798055,0.005524518932340162,0.0,0.00022760190357955722,0.0,0.0,0.0,0.0,0.0,2.069108214359611e-05,0.0,0.0,0.0,0.0,0.0,0.0,0.0,0.0,0.0,2.069108214359611e-05,0.0,0.0,0.0,8.276432857438444e-05,0.0,0.0,0.0,0.0005586592178770949,0.0,0.0,0.0,0.0,0.0,0.0,0.0,0.0,0.0,0.0,0.0,0.0,0.0,0.0004965859714463067,0.0,0.0,0.0,0.0,0.00016552865714876888,0.0,0.0,0.0,0.0,0.0,0.0,0.0,0.0,0.0,0.539375874487581,0.32947115782504344,0.610837772709149
NY,ALY,Hamilton,36041,E,ee,-74.4974,43.6611,4672.855634413278,Hamilton,4.4,57427.0,9.6,5082.0,8.0,0.23,1.09,36410,7.1645021645021645,7.791809302187361,0.0,0.04821170497313146,0.0,0.006472518038275323,0.0018417937429378041,0.0008133419607942647,0.00012168410805548795,0.0001368705923151776,0.5395363777812893,0.17813246228273236,0.1252996447131619,0.0020603637758905527,0.002728761317294868,0.000674164560743438,6.151487295064162e-05,0.08731709417581028,0.006591703104617191,0.32322968382545075,0,2937,0,6964,5628,1876,302,9,6527,3731,2107,83,481,221,7,4914,623,0,139,0,0,102,0,15,0,0,0,34524,0,0,2,0,25,0,0,0,0,0,0,0,0,0,0,0,0,0,0,0,0,0,0,0,0,1,0,0,0,1,0,0,0,1,0,0,0,6,0,0,0,0,0,0,0,443,10,0,0,0,0,0,15,3,195,0,11,672,4,41,0,0,0,0,0,4,0,0,0,0,0,0,0,0,0,2,0,1,0,83,0,0,0,65,0,0,1,0,0,0,0,0,0,10,2,0,0,11,0,0,0,0,10,0,0,0,0,0,0,0,0,0,36410,0.0,0.08066465256797584,0.0,0.1912661356770118,0.1545729195276023,0.05152430650920077,0.008294424608624005,0.00024718483932985444,0.17926393847844,0.10247184839329855,0.0578687173853337,0.002279593518264213,0.013210656413073332,0.006069761054655315,0.00019225487503433123,0.13496292227410053,0.01711068387805548,36399,0.0,0.003818786230390945,0.0,0.0,0.002802274787768895,0.0,0.0004120992334954257,0.0,0.0,0.0,0.9484875958130717,0.0,0.0,5.494656446605676e-05,0.0,0.0006868320558257095,0.0,0.0,0.0,0.0,0.0,0.0,0.0,0.0,0.0,0.0,0.0,0.0,0.0,0.0,0.0,0.0,0.0,0.0,0.0,0.0,2.747328223302838e-05,0.0,0.0,0.0,2.747328223302838e-05,0.0,0.0,0.0,2.747328223302838e-05,0.0,0.0,0.0,0.00016483969339817027,0.0,0.0,0.0,0.0,0.0,0.0,0.0,0.012170664029231571,0.0002747328223302838,0.0,0.0,0.0,0.0,0.0,0.0004120992334954257,8.241984669908514e-05,0.005357290035440534,0.0,0.0003022061045633122,0.01846204566059507,0.00010989312893211352,0.0011264045715541635,0.0,0.0,0.0,0.0,0.0,0.00010989312893211352,0.0,0.0,0.0,0.0,0.0,0.0,0.0,0.0,0.0,5.494656446605676e-05,0.0,2.747328223302838e-05,0.0,0.0022802824253413557,0.0,0.0,0.0,0.0017857633451468446,0.0,0.0,2.747328223302838e-05,0.0,0.0,0.0,0.0,0.0,0.0,0.0002747328223302838,5.494656446605676e-05,0.0,0.0,0.0003022061045633122,0.0,0.0,0.0,0.0,0.0002747328223302838,0.0,0.0,0.0,0.0,0.0,0.0,0.0,0.0,0.0,0.0007356794336940796,0.006262015929689646,8.51188118477919
NY,BUF,Lewis,36049,E,cc,-75.4488,43.7847,3334.0644807085523,Lewis,4.1,59978.0,12.6,26548.0,8.0,0.19,7.96,14705,0.5539023655265933,4.410532575205297,0.0,0.012441923903306415,0.0,0.026833345681590095,0.006103900477540766,0.0025637675204924935,0.0005285951949565229,0.0007470919855323333,0.4418212556156504,0.13613670193777827,0.036643878520095104,0.010856138318436846,0.010023371882345809,0.09144373572934417,0.057336144245600094,0.15443951262553127,0.012080636361799433,0.5591927276678196,0,229,0,6741,1581,509,37,0,1382,724,230,147,64,1815,40,1173,33,0,17,0,0,20,0,8,0,0,0,14207,0,0,2,0,1,0,0,0,0,0,0,0,0,0,0,0,0,0,0,0,0,0,0,0,0,0,0,0,0,0,0,0,0,0,0,0,0,2,0,0,0,0,0,0,0,150,0,0,0,0,0,0,3,3,51,0,1,196,0,7,0,0,0,0,0,0,0,0,0,0,0,0,0,0,0,2,0,0,0,6,0,0,0,17,0,0,0,0,0,0,0,0,0,1,1,0,0,6,0,0,0,0,2,0,0,0,0,0,0,0,0,0,14705,0.0,0.015572934376062563,0.0,0.4584155049302958,0.10751445086705202,0.034614076844610674,0.0025161509690581436,0.0,0.0939816388983339,0.049234954097245834,0.015640938456307377,0.009996599795987758,0.00435226113566814,0.12342740564433866,0.0027201632097925877,0.07976878612716763,0.002244134648078885,14703,0.0,0.0011562266204176018,0.0,0.0,0.0013602666122560021,0.0,0.0005441066449024008,0.0,0.0,0.0,0.9662653880160511,0.0,0.0,0.0001360266612256002,0.0,6.80133306128001e-05,0.0,0.0,0.0,0.0,0.0,0.0,0.0,0.0,0.0,0.0,0.0,0.0,0.0,0.0,0.0,0.0,0.0,0.0,0.0,0.0,0.0,0.0,0.0,0.0,0.0,0.0,0.0,0.0,0.0,0.0,0.0,0.0,0.0001360266612256002,0.0,0.0,0.0,0.0,0.0,0.0,0.0,0.010201999591920016,0.0,0.0,0.0,0.0,0.0,0.0,0.00020403999183840033,0.00020403999183840033,0.0034686798612528057,0.0,6.80133306128001e-05,0.013330612800108822,0.0,0.00047609331428960077,0.0,0.0,0.0,0.0,0.0,0.0,0.0,0.0,0.0,0.0,0.0,0.0,0.0,0.0,0.0,0.0001360266612256002,0.0,0.0,0.0,0.00040807998367680065,0.0,0.0,0.0,0.0011562266204176018,0.0,0.0,0.0,0.0,0.0,0.0,0.0,0.0,0.0,6.80133306128001e-05,6.80133306128001e-05,0.0,0.0,0.00040807998367680065,0.0,0.0,0.0,0.0,0.0001360266612256002,0.0,0.0,0.0,0.0,0.0,0.0,0.0,0.0,0.0,0.14877987997494427,0.12614756885413125,0.8478805660777218
NY,BUF,Livingston,36051,E,ww,-77.7754,42.728,1655.7313928902454,Livingston,3.4,65221.0,12.0,61158.0,1.0,0.3,36.94,60696,0.9924457961346022,36.65811994664729,0.0,0.01586830441445235,0.0,0.05083305478018901,0.020905051724063085,0.006923492665731886,0.0020370555268561406,0.0015562800349023472,0.27003086513542024,0.017097917580103927,0.05890585048424836,0.007650082263616908,0.0026426372977595646,0.12911806456934236,0.3745724028355987,0.03372157130019925,0.0081373693875159,0.3373046952853229,0,3122,0,24125,5925,1348,215,735,3269,96,1160,107,27,10900,3570,2965,3132,0,80,0,0,57,0,35,0,0,0,59340,0,0,0,0,8,0,0,0,1,0,0,0,1,0,0,0,0,0,1,0,2,0,0,0,2,0,0,0,0,0,0,0,0,1,0,0,0,5,0,0,0,0,0,0,0,345,0,0,0,0,0,0,0,3,77,0,0,590,5,45,7,0,0,0,0,2,0,0,0,0,0,0,0,0,0,2,0,0,0,23,0,0,0,24,0,0,0,0,0,0,0,0,0,2,0,0,0,22,0,0,0,0,2,0,0,1,0,0,1,0,0,0,60696,0.0,0.051436667984710686,0.0,0.3974726505865296,0.09761763542902333,0.02220904178199552,0.003542243310926585,0.012109529458283906,0.05385857387636747,0.0015816528272044287,0.01911163832872018,0.0017628838803216028,0.00044483985765124553,0.17958349808883617,0.05881771451166469,0.04885000659022011,0.051601423487544484,60684,0.0,0.001318304660206974,0.0,0.0,0.0009392920703974689,0.0,0.000576758288840551,0.0,0.0,0.0,0.9778524817085228,0.0,0.0,0.0,0.0,0.0001318304660206974,0.0,0.0,0.0,1.6478808252587174e-05,0.0,0.0,0.0,1.6478808252587174e-05,0.0,0.0,0.0,0.0,0.0,1.6478808252587174e-05,0.0,3.295761650517435e-05,0.0,0.0,0.0,3.295761650517435e-05,0.0,0.0,0.0,0.0,0.0,0.0,0.0,0.0,1.6478808252587174e-05,0.0,0.0,0.0,8.239404126293587e-05,0.0,0.0,0.0,0.0,0.0,0.0,0.0,0.005685188847142575,0.0,0.0,0.0,0.0,0.0,0.0,0.0,4.943642475776152e-05,0.0012688682354492122,0.0,0.0,0.009722496869026431,8.239404126293587e-05,0.0007415463713664228,0.00011535165776811022,0.0,0.0,0.0,0.0,3.295761650517435e-05,0.0,0.0,0.0,0.0,0.0,0.0,0.0,0.0,0.0,3.295761650517435e-05,0.0,0.0,0.0,0.00037901258980950497,0.0,0.0,0.0,0.00039549139806209217,0.0,0.0,0.0,0.0,0.0,0.0,0.0,0.0,0.0,3.295761650517435e-05,0.0,0.0,0.0,0.0003625337815569178,0.0,0.0,0.0,0.0,3.295761650517435e-05,0.0,0.0,1.6478808252587174e-05,0.0,0.0,1.6478808252587174e-05,0.0,0.0,0.0,0.5036904674049411,0.23840121260050084,0.4733089626030953
NY,BGM,Madison,36053,E,cc,-75.6697,42.9129,1710.1946392649184,Madison,3.5,66419.0,10.4,66921.0,2.0,0.27,39.13,41273,0.6167421287787093,24.133510334086942,0.0,0.011161847044818648,0.0,0.052995527276051224,0.017327208597884572,0.007460843965289897,0.0019579330698940604,0.0006944962485645152,0.3402133290745969,0.04518585917381213,0.05275754936334342,0.010817750945870269,0.010580823708273752,0.22110407042044866,0.13547667553786685,0.08592315992641071,0.006342925646874399,0.39879928988677965,0,5763,0,11242,2980,2657,225,6,3621,570,2583,83,277,5633,1383,2687,1563,0,32,0,0,56,0,16,0,0,0,39641,0,0,7,0,4,1,0,1,0,0,0,0,1,0,0,0,0,0,0,0,0,0,0,0,0,2,0,0,0,0,0,0,0,0,0,0,0,14,0,0,0,0,0,0,0,194,0,0,0,0,0,0,0,0,178,0,4,742,8,36,0,0,0,0,0,1,0,0,0,0,0,0,0,0,0,0,0,0,0,33,0,0,0,118,0,0,1,0,0,0,0,0,0,1,0,0,0,17,0,0,0,0,15,0,0,1,0,0,0,0,0,0,41273,0.0,0.1396312359169433,0.0,0.27238146003440505,0.07220216606498195,0.06437622658881109,0.005451505827054007,0.00014537348872144015,0.08773290044338915,0.013810481428536817,0.06258328689458,0.0020109999273132556,0.006711409395973154,0.1364814769946454,0.03350858915029196,0.06510309403241829,0.037869793811935164,41124,0.0,0.0007781344227215252,0.0,0.0,0.001361735239762669,0.0,0.0003890672113607626,0.0,0.0,0.0,0.9639383328469994,0.0,0.0,0.0001702169049703336,0.0,9.726680284019065e-05,2.4316700710047662e-05,0.0,2.4316700710047662e-05,0.0,0.0,0.0,0.0,2.4316700710047662e-05,0.0,0.0,0.0,0.0,0.0,0.0,0.0,0.0,0.0,0.0,0.0,0.0,4.8633401420095325e-05,0.0,0.0,0.0,0.0,0.0,0.0,0.0,0.0,0.0,0.0,0.0,0.0003404338099406672,0.0,0.0,0.0,0.0,0.0,0.0,0.0,0.004717439937749246,0.0,0.0,0.0,0.0,0.0,0.0,0.0,0.0,0.004328372726388484,0.0,9.726680284019065e-05,0.018042991926855365,0.0001945336056803813,0.0008754012255617158,0.0,0.0,0.0,0.0,0.0,2.4316700710047662e-05,0.0,0.0,0.0,0.0,0.0,0.0,0.0,0.0,0.0,0.0,0.0,0.0,0.0,0.0008024511234315728,0.0,0.0,0.0,0.002869370683785624,0.0,0.0,2.4316700710047662e-05,0.0,0.0,0.0,0.0,0.0,0.0,2.4316700710047662e-05,0.0,0.0,0.0,0.00041338391207081023,0.0,0.0,0.0,0.0,0.0003647505106507149,0.0,0.0,2.4316700710047662e-05,0.0,0.0,0.0,0.0,0.0,0.0,0.3565807459583155,0.16999006614493736,0.4767225041500398
NY,ALY,Montgomery,36057,E,ee,-74.4397,42.9023,1060.867634820385,Montgomery,4.1,55523.0,15.0,49368.0,4.0,0.2,46.54,27884,0.5648193161562145,26.284146188248098,0.0,0.013534193719951185,0.0,0.04449405354225614,0.02749776208579532,0.015800478833184986,0.005056796865141639,0.0028252343564080565,0.13555196661209853,0.0506103132910508,0.1251182474061791,0.005326108773216508,0.005111844896666376,0.3781046031163961,0.11649010363427104,0.06468143704156634,0.009796855825817866,0.3460003321855239,0,245,0,4824,10734,2049,550,2224,524,228,193,23,4,4084,340,1817,45,0,1,0,0,9,0,5,0,0,0,27651,0,0,0,0,0,0,0,0,0,0,0,0,0,0,0,0,0,0,0,0,0,0,0,0,0,0,0,0,0,0,0,0,0,0,0,0,0,0,0,0,0,0,0,0,0,74,0,0,0,0,0,0,2,0,13,0,0,111,1,6,0,0,0,0,0,0,0,0,0,0,0,0,0,0,0,2,0,0,0,4,0,0,0,1,0,0,0,0,0,0,0,0,0,0,0,0,0,2,0,0,0,0,1,0,0,0,0,0,0,0,0,0,27884,0.0,0.008786400803328074,0.0,0.17300243867450868,0.38495194376703484,0.0734830010041601,0.01972457323196098,0.07975900157796585,0.018792138860995553,0.00817673217615837,0.006921532061397217,0.0008248457897001865,0.00014345144168698896,0.14646392196241573,0.012193372543394062,0.06516281738631473,0.0016138287189786256,27883,0.0,3.586414661263135e-05,0.0,0.0,0.00032277731951368217,0.0,0.00017932073306315676,0.0,0.0,0.0,0.9916795179858695,0.0,0.0,0.0,0.0,0.0,0.0,0.0,0.0,0.0,0.0,0.0,0.0,0.0,0.0,0.0,0.0,0.0,0.0,0.0,0.0,0.0,0.0,0.0,0.0,0.0,0.0,0.0,0.0,0.0,0.0,0.0,0.0,0.0,0.0,0.0,0.0,0.0,0.0,0.0,0.0,0.0,0.0,0.0,0.0,0.0,0.00265394684933472,0.0,0.0,0.0,0.0,0.0,0.0,7.17282932252627e-05,0.0,0.0004662339059642076,0.0,0.0,0.00398092027400208,3.586414661263135e-05,0.00021518487967578812,0.0,0.0,0.0,0.0,0.0,0.0,0.0,0.0,0.0,0.0,0.0,0.0,0.0,0.0,0.0,7.17282932252627e-05,0.0,0.0,0.0,0.0001434565864505254,0.0,0.0,0.0,3.586414661263135e-05,0.0,0.0,0.0,0.0,0.0,0.0,0.0,0.0,0.0,0.0,0.0,0.0,0.0,7.17282932252627e-05,0.0,0.0,0.0,0.0,3.586414661263135e-05,0.0,0.0,0.0,0.0,0.0,0.0,0.0,0.0,0.0,0.49459470675066713,0.1586572945058098,0.3207824352754171
NY,BGM,Onondaga,36067,E,cc,-76.1946,43.0058,2083.0012911464846,Onondaga,3.4,65548.0,14.2,467873.0,2.0,0.37,224.61,175743,0.3756211621529774,84.37008692552034,0.0,0.034085179522237295,0.0,0.07667968505703004,0.07910494432858964,0.0430663592860085,0.019759199315078833,0.004564128332143635,0.26596204898394016,0.018332423986905412,0.02113162951285629,0.014128439971274716,0.005072643480848733,0.14381274220783563,0.1735598001306871,0.0938208292808112,0.006919946603752833,0.23068549521426737,0,5044,0,32176,36675,16416,6624,2487,14642,1183,3197,19161,1015,22158,4573,6717,3675,1,176,1,1,257,0,162,0,0,1,168660,1,0,8,0,9,0,0,0,3,0,1,0,1,1,0,0,0,0,1,0,1,0,0,0,16,19,0,0,1,1,0,0,0,1,0,0,2,57,1,0,0,0,0,0,0,2614,0,0,0,0,0,7,3,60,248,0,0,2608,94,229,5,0,0,0,0,6,0,0,0,0,0,0,0,1,0,7,0,0,0,78,0,0,0,195,0,0,0,6,0,0,0,0,0,5,0,0,0,66,0,0,2,0,21,0,0,1,0,0,0,1,0,0,175743,0.0,0.028701000893349947,0.0,0.18308552829984692,0.20868540994520407,0.09340912582577969,0.03769140164899882,0.01415134599955617,0.08331484042038659,0.006731420312615581,0.018191336212537625,0.10902852460695447,0.005775478966445321,0.12608183540738466,0.026020951047836898,0.03822058346562879,0.020911216947474436,175640,5.693463903438852e-06,0.0010020496470052379,5.693463903438852e-06,5.693463903438852e-06,0.001463220223183785,0.0,0.0009223411523570941,0.0,0.0,5.693463903438852e-06,0.9602596219539968,5.693463903438852e-06,0.0,4.5547711227510815e-05,0.0,5.124117513094967e-05,0.0,0.0,0.0,1.7080391710316556e-05,0.0,5.693463903438852e-06,0.0,5.693463903438852e-06,5.693463903438852e-06,0.0,0.0,0.0,0.0,5.693463903438852e-06,0.0,5.693463903438852e-06,0.0,0.0,0.0,9.109542245502163e-05,0.00010817581416533819,0.0,0.0,5.693463903438852e-06,5.693463903438852e-06,0.0,0.0,0.0,5.693463903438852e-06,0.0,0.0,1.1386927806877704e-05,0.00032452744249601457,5.693463903438852e-06,0.0,0.0,0.0,0.0,0.0,0.0,0.01488271464358916,0.0,0.0,0.0,0.0,0.0,3.9854247324071964e-05,1.7080391710316556e-05,0.00034160783420633114,0.0014119790480528354,0.0,0.0,0.014848553860168527,0.0005351856069232521,0.0013038032338874971,2.846731951719426e-05,0.0,0.0,0.0,0.0,3.416078342063311e-05,0.0,0.0,0.0,0.0,0.0,0.0,0.0,5.693463903438852e-06,0.0,3.9854247324071964e-05,0.0,0.0,0.0,0.00044409018446823047,0.0,0.0,0.0,0.0011102254611705762,0.0,0.0,0.0,3.416078342063311e-05,0.0,0.0,0.0,0.0,0.0,2.846731951719426e-05,0.0,0.0,0.0,0.00037576861762696423,0.0,0.0,1.1386927806877704e-05,0.0,0.00011956274197221589,0.0,0.0,5.693463903438852e-06,0.0,0.0,0.0,5.693463903438852e-06,0.0,0.0,0.31737254233852275,0.15210278645522154,0.4792562876878693
NY,BUF,Ontario,36069,E,ww,-77.2998,42.8529,1712.7124521869491,Ontario,3.1,76137.0,7.8,112494.0,1.0,0.37,65.68,93122,0.8277952601916546,54.37106496253545,0.0,0.02899504849994046,0.0,0.05976737024934808,0.029956077010278075,0.012380586174933417,0.004223384572449852,0.0027587603361711303,0.2653120641077359,0.008899480719365511,0.04506342420963012,0.005053268362490302,0.0022598858201607207,0.14109545709443103,0.3295771736843955,0.060867412163200685,0.003790606995469212,0.27919316926705146,0,2468,0,36746,11396,4364,3489,605,14112,276,2498,145,21,8138,2980,4993,891,0,92,0,0,54,0,46,0,0,1,91147,0,0,0,0,5,0,0,0,0,0,0,0,1,0,0,0,0,0,0,0,1,0,0,0,3,4,0,0,0,0,0,0,0,2,0,0,0,30,0,0,0,0,0,0,0,419,0,0,0,0,0,0,7,5,113,0,1,1017,13,34,1,0,0,0,0,8,0,0,0,0,0,0,0,0,0,1,0,0,0,20,0,0,0,39,0,0,0,1,0,0,0,0,0,9,1,0,0,29,0,0,1,0,6,0,0,0,0,0,0,0,0,0,93122,0.0,0.02650286720646034,0.0,0.39460063142973734,0.12237709671184038,0.046863254655183526,0.03746697880200168,0.006496853589914306,0.15154313696011684,0.0029638538691179315,0.026825025235712292,0.0015570971413844204,0.00022551062047636433,0.08739073473507872,0.0320010309056936,0.05361783466849939,0.009568093468782887,93111,0.0,0.000988068004854421,0.0,0.0,0.0005799529593710733,0.0,0.0004940340024272105,0.0,0.0,1.0739869617982838e-05,0.9789068960702817,0.0,0.0,0.0,0.0,5.369934808991419e-05,0.0,0.0,0.0,0.0,0.0,0.0,0.0,1.0739869617982838e-05,0.0,0.0,0.0,0.0,0.0,0.0,0.0,1.0739869617982838e-05,0.0,0.0,0.0,3.221960885394851e-05,4.295947847193135e-05,0.0,0.0,0.0,0.0,0.0,0.0,0.0,2.1479739235965676e-05,0.0,0.0,0.0,0.0003221960885394851,0.0,0.0,0.0,0.0,0.0,0.0,0.0,0.004500005369934809,0.0,0.0,0.0,0.0,0.0,0.0,7.517908732587986e-05,5.369934808991419e-05,0.0012136052668320608,0.0,1.0739869617982838e-05,0.010922447401488546,0.0001396183050337769,0.0003651555670114165,1.0739869617982838e-05,0.0,0.0,0.0,0.0,8.59189569438627e-05,0.0,0.0,0.0,0.0,0.0,0.0,0.0,0.0,0.0,1.0739869617982838e-05,0.0,0.0,0.0,0.00021479739235965675,0.0,0.0,0.0,0.0004188549151013307,0.0,0.0,0.0,1.0739869617982838e-05,0.0,0.0,0.0,0.0,0.0,9.665882656184553e-05,1.0739869617982838e-05,0.0,0.0,0.0003114562189215023,0.0,0.0,1.0739869617982838e-05,0.0,6.443921770789702e-05,0.0,0.0,0.0,0.0,0.0,0.0,0.0,0.0,0.0,0.4706726307788265,0.11939176564077232,0.25366201013900813
NY,OKX,Orange,36071,E,se,-74.3056,41.4022,2167.4787548355594,Orange,3.3,88494.0,12.2,407470.0,2.0,0.32,187.99,152244,0.3736324146562937,70.2401348388535,0.0,0.025557702514429775,0.0,0.08449172361175612,0.05397233463809461,0.034818881443640946,0.013689627147880315,0.0023427652093146686,0.45673099250315136,0.005118423671465535,0.03774754527963909,0.004719531612817621,0.007151860943408744,0.13288827705168182,0.026833991242619253,0.10112908843627678,0.012807254693823393,0.1626587815648535,0,10457,0,34064,31059,12030,2188,122,25983,16,1167,123,2282,9808,10479,11052,1414,0,180,0,0,178,0,79,0,0,0,148603,0,0,5,0,6,0,0,0,2,0,3,0,0,0,0,0,0,0,0,0,1,0,0,0,9,1,0,0,1,0,0,0,0,0,0,0,0,4,0,0,0,0,0,0,0,1114,1,0,0,0,0,0,15,3,158,0,0,1405,8,189,3,0,0,0,0,9,0,0,0,0,0,0,0,0,0,4,0,0,0,36,0,0,0,58,0,0,1,1,0,0,0,0,0,6,0,0,0,97,1,0,0,0,41,0,0,1,0,0,0,0,0,0,152244,0.0,0.06868579385722919,0.0,0.22374609180000526,0.20400803972570347,0.07901789233073224,0.014371666535298599,0.0008013452090065947,0.17066682430834712,0.00010509445364020914,0.007665326712382754,0.0008079136123591077,0.014989096450434829,0.0644229000814482,0.06883029873098447,0.07259399385197446,0.009287722340453483,152223,0.0,0.0011824757099781241,0.0,0.0,0.0011693370909783673,0.0,0.000518975450490399,0.0,0.0,0.0,0.97621909961044,0.0,0.0,3.2846547499392336e-05,0.0,3.9415856999270805e-05,0.0,0.0,0.0,1.3138618999756936e-05,0.0,1.9707928499635403e-05,0.0,0.0,0.0,0.0,0.0,0.0,0.0,0.0,0.0,6.569309499878468e-06,0.0,0.0,0.0,5.912378549890621e-05,6.569309499878468e-06,0.0,0.0,6.569309499878468e-06,0.0,0.0,0.0,0.0,0.0,0.0,0.0,0.0,2.627723799951387e-05,0.0,0.0,0.0,0.0,0.0,0.0,0.0,0.007318210782864613,6.569309499878468e-06,0.0,0.0,0.0,0.0,0.0,9.853964249817702e-05,1.9707928499635403e-05,0.001037950900980798,0.0,0.0,0.009229879847329247,5.255447599902774e-05,0.0012415994954770304,1.9707928499635403e-05,0.0,0.0,0.0,0.0,5.912378549890621e-05,0.0,0.0,0.0,0.0,0.0,0.0,0.0,0.0,0.0,2.627723799951387e-05,0.0,0.0,0.0,0.00023649514199562484,0.0,0.0,0.0,0.00038101995099295113,0.0,0.0,6.569309499878468e-06,6.569309499878468e-06,0.0,0.0,0.0,0.0,0.0,3.9415856999270805e-05,0.0,0.0,0.0,0.0006372230214882114,6.569309499878468e-06,0.0,0.0,0.0,0.00026934168949501716,0.0,0.0,6.569309499878468e-06,0.0,0.0,0.0,0.0,0.0,0.0,0.15972226829430108,0.13325319881243267,0.8342806562633017
NY,BGM,Otsego,36077,E,cc,-75.0326,42.6338,2624.7603436480917,Otsego,3.5,61664.0,13.8,60126.0,7.0,0.34,22.91,46357,0.7709975717659582,17.66142197027006,0.0,0.014684210904661998,0.0,0.04500084037899552,0.014791697260912175,0.005573201802895354,0.0013134558883182528,0.00032040518933173953,0.38877951980983816,0.05615066711715089,0.13849685465482672,0.0030626765266571297,0.0038013884909497515,0.22054659892972345,0.03569950511775404,0.06506073834911226,0.006718239578872564,0.4720160518961436,0,1317,0,23898,3758,1764,443,4,4273,719,676,98,31,7307,324,1474,271,0,77,0,0,63,0,28,1,0,0,45564,0,0,0,0,2,0,0,0,2,0,0,0,0,2,0,0,1,0,0,0,1,0,0,0,1,0,0,0,0,0,0,0,0,1,0,0,0,0,0,0,0,0,0,0,0,187,0,0,0,0,0,0,5,3,42,0,3,266,6,33,4,0,0,0,0,6,0,0,0,0,0,0,0,0,0,2,0,0,0,2,1,0,0,21,1,0,3,0,0,0,0,0,0,0,0,0,0,11,0,0,0,0,3,0,0,1,0,0,0,0,0,0,46357,0.0,0.028409948875035056,0.0,0.515520849062709,0.08106650559786009,0.038052505554716655,0.00955626981901331,8.628686066829174e-05,0.09217593890890265,0.01551006320512544,0.014582479452941303,0.0021140280863731474,0.000668723170179261,0.15762452272580194,0.0069892357141316305,0.03179670815626551,0.0058459348102767655,46343,0.0,0.001661523854735343,0.0,0.0,0.001359428608419826,0.0,0.0006041904926310338,2.157823187967978e-05,0.0,0.0,0.9831905573657295,0.0,0.0,0.0,0.0,4.315646375935956e-05,0.0,0.0,0.0,4.315646375935956e-05,0.0,0.0,0.0,0.0,4.315646375935956e-05,0.0,0.0,2.157823187967978e-05,0.0,0.0,0.0,2.157823187967978e-05,0.0,0.0,0.0,2.157823187967978e-05,0.0,0.0,0.0,0.0,0.0,0.0,0.0,0.0,2.157823187967978e-05,0.0,0.0,0.0,0.0,0.0,0.0,0.0,0.0,0.0,0.0,0.0,0.004035129361500119,0.0,0.0,0.0,0.0,0.0,0.0,0.0001078911593983989,6.473469563903934e-05,0.0009062857389465507,0.0,6.473469563903934e-05,0.005739809679994821,0.00012946939127807868,0.0007120816520294327,8.631292751871912e-05,0.0,0.0,0.0,0.0,0.00012946939127807868,0.0,0.0,0.0,0.0,0.0,0.0,0.0,0.0,0.0,4.315646375935956e-05,0.0,0.0,0.0,4.315646375935956e-05,2.157823187967978e-05,0.0,0.0,0.00045314286947327535,2.157823187967978e-05,0.0,6.473469563903934e-05,0.0,0.0,0.0,0.0,0.0,0.0,0.0,0.0,0.0,0.0,0.00023736055067647758,0.0,0.0,0.0,0.0,6.473469563903934e-05,0.0,0.0,2.157823187967978e-05,0.0,0.0,0.0,0.0,0.0,0.0,0.2562461040474775,0.16461375843993356,0.64240492183028
NY,OKX,Putnam,36079,E,se,-73.7495,41.4267,636.9312642805165,Putnam,3.0,107014.0,6.6,98060.0,1.0,0.43,153.96,45086,0.45977972669794004,70.78628814198588,0.0,0.05752666930067167,0.0,0.09528701247389514,0.05658548286956031,0.031146638821470903,0.006763278207371451,0.001209290511937687,0.6331715301687645,0.003688547722526387,0.018739064175650504,0.0034416097533442455,0.0044519388158266076,0.020207992323756845,0.0003640571202799571,0.062410396794039626,0.005006490940904216,0.11036422251183209,0,3495,0,9493,5361,8110,370,729,9058,36,142,43,123,649,0,6033,1444,0,160,1,0,88,0,53,0,0,0,42402,0,0,1,1,9,0,0,0,1,0,2,0,0,0,0,0,0,0,0,0,3,0,0,0,3,3,0,0,0,0,0,0,0,2,0,0,0,8,0,0,0,0,0,0,0,788,2,0,0,0,0,1,21,5,193,0,6,1108,3,31,1,0,0,0,0,6,0,0,0,0,0,0,0,0,0,3,0,0,0,22,0,0,0,64,1,0,1,0,0,0,0,0,0,14,2,0,0,54,1,0,1,0,16,0,0,0,0,0,0,0,0,0,45086,0.0,0.07751852016146919,0.0,0.21055316506232533,0.11890609058244245,0.17987845450916026,0.00820653861509116,0.016169099055139066,0.2009049372310695,0.0007984740274142749,0.003149536441467418,0.0009537328660781618,0.0027281195936654395,0.01439471232755179,0.0,0.13381093909417557,0.03202768043295036,45081,0.0,0.0035491670548568133,2.2182294092855082e-05,0.0,0.0019520418801712474,0.0,0.0011756615869213194,0.0,0.0,0.0,0.9405736341252412,0.0,0.0,2.2182294092855082e-05,2.2182294092855082e-05,0.00019964064683569574,0.0,0.0,0.0,2.2182294092855082e-05,0.0,4.4364588185710164e-05,0.0,0.0,0.0,0.0,0.0,0.0,0.0,0.0,0.0,6.654688227856525e-05,0.0,0.0,0.0,6.654688227856525e-05,6.654688227856525e-05,0.0,0.0,0.0,0.0,0.0,0.0,0.0,4.4364588185710164e-05,0.0,0.0,0.0,0.00017745835274284065,0.0,0.0,0.0,0.0,0.0,0.0,0.0,0.017479647745169805,4.4364588185710164e-05,0.0,0.0,0.0,0.0,2.2182294092855082e-05,0.00046582817594995675,0.00011091147046427542,0.004281182759921031,0.0,0.0001330937645571305,0.024577981854883434,6.654688227856525e-05,0.0006876511168785076,2.2182294092855082e-05,0.0,0.0,0.0,0.0,0.0001330937645571305,0.0,0.0,0.0,0.0,0.0,0.0,0.0,0.0,0.0,6.654688227856525e-05,0.0,0.0,0.0,0.00048801047004281184,0.0,0.0,0.0,0.0014196668219427252,2.2182294092855082e-05,0.0,2.2182294092855082e-05,0.0,0.0,0.0,0.0,0.0,0.0,0.0003105521172999712,4.4364588185710164e-05,0.0,0.0,0.0011978438810141745,2.2182294092855082e-05,0.0,2.2182294092855082e-05,0.0,0.0003549167054856813,0.0,0.0,0.0,0.0,0.0,0.0,0.0,0.0,0.0,0.020572049444036802,0.01439471232755179,0.6997218418471364
NY,OKX,Rockland,36087,E,se,-74.0241,41.1529,515.6176504160546,Rockland,2.9,98054.0,15.2,340807.0,1.0,0.43,660.97,100649,0.2953255068117732,195.20084294784283,0.0,0.12690795116202855,0.0,0.17167376737115883,0.13908257968245558,0.09308082251957633,0.02719070098247718,0.004375475026671222,0.36512554649857404,0.0009988634224233506,0.008534791127722034,0.003048886781533055,0.0038437937983306953,0.00945695299589298,5.229651426300265e-06,0.039860403171260626,0.0068142358084692465,0.009027266028002948,0,5037,0,12053,14821,8801,11538,149,26422,3,149,1134,1474,1107,0,457,17504,0,304,0,0,138,0,107,0,0,2,96512,0,0,9,0,6,0,0,0,5,0,4,0,0,2,0,0,0,0,0,0,0,0,0,0,5,4,0,0,0,0,0,0,0,1,0,0,0,15,0,0,0,0,0,0,0,1308,2,0,0,0,0,4,13,5,141,0,1,1400,17,378,1,2,0,0,0,11,0,0,0,0,0,0,0,0,0,10,0,0,0,31,0,0,0,43,1,0,2,0,0,0,0,0,0,5,0,0,0,94,2,0,1,0,23,0,0,1,0,0,0,0,0,0,100649,0.0,0.0500452066091069,0.0,0.1197528043000924,0.14725431946666137,0.08744249818676787,0.11463601228030085,0.0014803922542697891,0.26251626941151923,2.9806555455096424e-05,0.0014803922542697891,0.011266877962026448,0.014644954246937377,0.01099861896293058,0.0,0.004540531947659689,0.1739113155620026,100610,0.0,0.0030215684325613757,0.0,0.0,0.0013716330384653612,0.0,0.0010635125733028526,0.0,0.0,1.9878739687903788e-05,0.9592684623794852,0.0,0.0,8.945432859556704e-05,0.0,5.963621906371136e-05,0.0,0.0,0.0,4.969684921975947e-05,0.0,3.9757479375807576e-05,0.0,0.0,1.9878739687903788e-05,0.0,0.0,0.0,0.0,0.0,0.0,0.0,0.0,0.0,0.0,4.969684921975947e-05,3.9757479375807576e-05,0.0,0.0,0.0,0.0,0.0,0.0,0.0,9.939369843951894e-06,0.0,0.0,0.0,0.0001490905476592784,0.0,0.0,0.0,0.0,0.0,0.0,0.0,0.013000695755889077,1.9878739687903788e-05,0.0,0.0,0.0,0.0,3.9757479375807576e-05,0.00012921180797137463,4.969684921975947e-05,0.001401451147997217,0.0,9.939369843951894e-06,0.01391511778153265,0.0001689692873471822,0.003757081801013816,9.939369843951894e-06,1.9878739687903788e-05,0.0,0.0,0.0,0.00010933306828347083,0.0,0.0,0.0,0.0,0.0,0.0,0.0,0.0,0.0,9.939369843951894e-05,0.0,0.0,0.0,0.0003081204651625087,0.0,0.0,0.0,0.0004273929032899314,9.939369843951894e-06,0.0,1.9878739687903788e-05,0.0,0.0,0.0,0.0,0.0,0.0,4.969684921975947e-05,0.0,0.0,0.0,0.000934300765331478,1.9878739687903788e-05,0.0,9.939369843951894e-06,0.0,0.00022860550641089355,0.0,0.0,9.939369843951894e-06,0.0,0.0,0.0,0.0,0.0,0.0,0.009462182647319281,0.01099861896293058,1.1623765227197962
NY,ALY,Schoharie,36095,E,ec,-74.4421,42.5882,1619.543587417181,Schoharie,3.7,67080.0,12.9,30105.0,2.0,0.25,18.59,18461,0.6132203952831755,11.398890492006622,0.0,0.007888566987076708,0.0,0.04351333328155288,0.014641477695755075,0.006213654283371484,0.001440791086956763,0.0018468977776199707,0.2672509350994906,0.11881949445264918,0.2571493085645238,0.007413111476286587,0.00932713891178941,0.19837812527392784,0.025560310727097413,0.03493349725545109,0.005623357126451193,0.36119362310941544,0,120,0,5599,2696,854,220,33,957,565,4521,2,9,2355,122,147,261,0,21,0,0,47,0,11,0,0,0,18063,0,0,0,0,1,0,0,0,1,0,0,0,0,0,0,0,0,0,1,0,0,0,0,0,0,0,0,0,0,0,0,0,0,0,0,0,0,1,0,0,0,0,0,0,0,80,0,0,0,0,0,0,0,2,23,0,1,169,0,16,0,0,0,0,0,0,0,0,0,0,0,0,0,0,0,0,0,0,0,3,0,0,0,0,0,0,0,0,0,0,0,0,0,0,0,0,0,7,0,0,0,0,10,0,0,1,0,0,0,0,1,0,18461,0.0,0.006500189588863009,0.0,0.3032880125670332,0.14603759276312225,0.046259682574075076,0.01191701424624885,0.0017875521369373273,0.05183901197118249,0.03060505931423,0.24489464276041384,0.00010833649314771681,0.00048751421916472563,0.12756622068143655,0.0066085260820107255,0.007962732246357185,0.014137912355777044,18459,0.0,0.0011376564277588168,0.0,0.0,0.0025461834335554472,0.0,0.0005959152716831898,0.0,0.0,0.0,0.9785470502194051,0.0,0.0,0.0,0.0,5.417411560756271e-05,0.0,0.0,0.0,5.417411560756271e-05,0.0,0.0,0.0,0.0,0.0,0.0,0.0,0.0,0.0,5.417411560756271e-05,0.0,0.0,0.0,0.0,0.0,0.0,0.0,0.0,0.0,0.0,0.0,0.0,0.0,0.0,0.0,0.0,0.0,0.0,5.417411560756271e-05,0.0,0.0,0.0,0.0,0.0,0.0,0.0,0.004333929248605016,0.0,0.0,0.0,0.0,0.0,0.0,0.0,0.00010834823121512542,0.0012460046589739422,0.0,5.417411560756271e-05,0.009155425537678098,0.0,0.0008667858497210033,0.0,0.0,0.0,0.0,0.0,0.0,0.0,0.0,0.0,0.0,0.0,0.0,0.0,0.0,0.0,0.0,0.0,0.0,0.0,0.00016252234682268812,0.0,0.0,0.0,0.0,0.0,0.0,0.0,0.0,0.0,0.0,0.0,0.0,0.0,0.0,0.0,0.0,0.0,0.0003792188092529389,0.0,0.0,0.0,0.0,0.000541741156075627,0.0,0.0,5.417411560756271e-05,0.0,0.0,0.0,0.0,5.417411560756271e-05,0.0,0.22393843600102525,0.1341747467634473,0.5991590776441477
NY,BGM,Schuyler,36097,E,cc,-76.8752,42.3938,884.9942041288233,Schuyler,3.8,57706.0,13.6,17507.0,8.0,0.25,19.78,28727,1.6408865025418404,32.46009958706846,0.0,0.04096970016945487,0.0,0.04658942881829341,0.01646118529062678,0.004793268103191823,0.0013148235953470474,0.0009452515577359855,0.33513279718313005,0.02375718711005835,0.18121315067269217,0.007183302654116108,0.004339425518543074,0.23182319836169935,0.06922876204535786,0.026831539115240482,0.009416979804512638,0.28252386910523314,0,1850,0,11481,1519,1463,140,82,3207,955,1962,304,51,2992,177,1601,943,0,41,1,0,137,0,27,0,0,0,25972,0,0,0,0,2,0,0,0,1,0,1,0,0,0,0,0,0,0,0,0,0,0,0,0,5,0,0,0,0,0,0,0,0,0,0,0,0,9,0,0,0,0,0,0,0,1427,1,0,0,0,0,0,2,0,63,0,7,815,3,29,8,0,0,0,0,0,0,0,0,0,0,0,0,0,0,1,0,0,0,42,0,0,0,66,0,0,0,1,0,0,0,0,0,0,0,0,0,50,0,0,0,0,11,0,0,0,0,0,0,0,0,0,28727,0.0,0.06439934556340725,0.0,0.39965885752079927,0.052877084276116544,0.050927698680683677,0.00487346398858217,0.0028544574790266997,0.11163713579559299,0.03324398649354266,0.06829811675427298,0.010582378946635568,0.001775333310126362,0.10415288752741324,0.006161450899850315,0.05573154175514324,0.03282626100880705,28722,0.0,0.001427477195181394,3.481651695564376e-05,0.0,0.004769862822923195,0.0,0.0009400459578023815,0.0,0.0,0.0,0.9042545783719796,0.0,0.0,0.0,0.0,6.963303391128752e-05,0.0,0.0,0.0,3.481651695564376e-05,0.0,3.481651695564376e-05,0.0,0.0,0.0,0.0,0.0,0.0,0.0,0.0,0.0,0.0,0.0,0.0,0.0,0.0001740825847782188,0.0,0.0,0.0,0.0,0.0,0.0,0.0,0.0,0.0,0.0,0.0,0.0,0.0003133486526007938,0.0,0.0,0.0,0.0,0.0,0.0,0.0,0.04968316969570364,3.481651695564376e-05,0.0,0.0,0.0,0.0,0.0,6.963303391128752e-05,0.0,0.002193440568205557,0.0,0.0002437156186895063,0.028375461318849663,0.00010444955086693127,0.001009678991713669,0.00027853213564515007,0.0,0.0,0.0,0.0,0.0,0.0,0.0,0.0,0.0,0.0,0.0,0.0,0.0,0.0,3.481651695564376e-05,0.0,0.0,0.0,0.0014622937121370379,0.0,0.0,0.0,0.002297890119072488,0.0,0.0,0.0,3.481651695564376e-05,0.0,0.0,0.0,0.0,0.0,0.0,0.0,0.0,0.0,0.0017408258477821879,0.0,0.0,0.0,0.0,0.00038298168651208135,0.0,0.0,0.0,0.0,0.0,0.0,0.0,0.0,0.0,0.3010519604070572,0.11031433842726356,0.3664295634484684
NY,BGM,Seneca,36099,E,cc,-76.8237,42.781,1009.6842909622808,Seneca,3.3,60985.0,13.4,32349.0,6.0,0.22,32.04,129882,4.015023648335343,128.63624913507945,0.0,0.1656268714756193,0.0,0.04738743115861749,0.026847805484886262,0.009198427804755206,0.0029178334886129746,0.0021543381750326355,0.12244845294314985,0.0036145897013558715,0.019348110260113422,0.009226903154445848,0.00482568191788599,0.10798297530030371,0.3882516046304478,0.07744316275709014,0.012725811747683486,0.21036907925646184,0,4964,0,11484,40835,3499,2417,128,1523,544,447,201,161,4778,12064,20853,25984,0,21,0,0,35,0,15,0,0,0,128966,0,0,1,0,0,0,0,0,0,0,0,0,0,0,0,0,0,0,2,0,0,0,0,0,0,1,0,0,0,0,0,0,0,0,0,0,0,18,0,0,0,0,0,0,0,311,0,0,0,0,0,0,1,1,50,0,0,386,2,21,0,0,0,0,0,0,0,0,0,0,0,0,0,0,0,0,0,0,0,3,0,0,0,2,0,0,0,0,0,0,0,0,0,2,0,0,0,9,0,0,0,0,19,0,0,1,0,0,0,0,0,1,129882,0.0,0.03821930675536256,0.0,0.08841871852912644,0.3144007637701914,0.026939837698834325,0.018609199119200504,0.0009855099243929104,0.01172602824101877,0.0041884171786698695,0.003441585439090867,0.0015475585531482421,0.0012395867017754578,0.036787237646479114,0.09288431037403182,0.1605534254169169,0.20005851465176083,129868,0.0,0.00016170265192349154,0.0,0.0,0.0002695044198724859,0.0,0.0001155018942310654,0.0,0.0,0.0,0.9930544860935719,0.0,0.0,7.700126282071027e-06,0.0,0.0,0.0,0.0,0.0,0.0,0.0,0.0,0.0,0.0,0.0,0.0,0.0,0.0,0.0,1.5400252564142053e-05,0.0,0.0,0.0,0.0,0.0,0.0,7.700126282071027e-06,0.0,0.0,0.0,0.0,0.0,0.0,0.0,0.0,0.0,0.0,0.0,0.00013860227307727847,0.0,0.0,0.0,0.0,0.0,0.0,0.0,0.002394739273724089,0.0,0.0,0.0,0.0,0.0,0.0,7.700126282071027e-06,7.700126282071027e-06,0.0003850063141035513,0.0,0.0,0.002972248744879416,1.5400252564142053e-05,0.00016170265192349154,0.0,0.0,0.0,0.0,0.0,0.0,0.0,0.0,0.0,0.0,0.0,0.0,0.0,0.0,0.0,0.0,0.0,0.0,0.0,2.3100378846213077e-05,0.0,0.0,0.0,1.5400252564142053e-05,0.0,0.0,0.0,0.0,0.0,0.0,0.0,0.0,0.0,1.5400252564142053e-05,0.0,0.0,0.0,6.930113653863923e-05,0.0,0.0,0.0,0.0,0.0001463023993593495,0.0,0.0,7.700126282071027e-06,0.0,0.0,0.0,0.0,0.0,7.700126282071027e-06,0.4962345799307515,0.12967154802051092,0.2613109873129082
NY,BGM,Steuben,36101,E,cc,-77.3838,42.2678,3630.770446334582,Steuben,3.7,57584.0,13.7,92162.0,4.0,0.26,25.38,39297,0.42639048631757126,10.823322647586272,0.0,0.010064866764507163,0.0,0.05335285193498969,0.013881388609089267,0.005844443509487476,0.0015430914792146692,0.0012869407685511273,0.3531677304552058,0.032448974035969996,0.1892770610232664,0.0044448954236881244,0.0030584642341836216,0.22502852306222607,0.08557760129090058,0.01494979693559604,0.006073370473123975,0.6615536496280573,0,792,0,18168,4462,1849,404,48,6822,133,1625,2,44,4312,181,58,397,0,23,0,0,46,0,16,0,0,0,38545,0,0,0,0,2,0,0,0,0,0,0,0,0,0,0,0,0,0,0,0,0,0,0,0,1,1,0,0,0,0,0,0,0,0,0,0,0,1,0,0,0,0,0,0,0,130,0,0,0,0,0,0,0,0,33,0,4,411,1,12,3,0,0,0,0,0,0,0,0,0,0,0,0,0,0,0,0,0,0,11,0,0,0,26,0,0,0,0,0,0,0,0,0,0,0,0,0,22,0,0,0,0,5,0,0,0,0,0,0,0,0,0,39297,0.0,0.020154210245056873,0.0,0.4623253683487289,0.11354556327455022,0.047051937806957274,0.010280683003791638,0.0012214672875792045,0.17360103824719444,0.0033844822760007126,0.04135175713158765,5.089447031580019e-05,0.0011196783469476041,0.1097284780008652,0.004605949563579917,0.0014759396391582054,0.010102552357686338,39293,0.0,0.0005853459903799659,0.0,0.0,0.0011706919807599318,0.0,0.0004071972106991067,0.0,0.0,0.0,0.9809635303998168,0.0,0.0,0.0,0.0,5.0899651337388337e-05,0.0,0.0,0.0,0.0,0.0,0.0,0.0,0.0,0.0,0.0,0.0,0.0,0.0,0.0,0.0,0.0,0.0,0.0,0.0,2.5449825668694168e-05,2.5449825668694168e-05,0.0,0.0,0.0,0.0,0.0,0.0,0.0,0.0,0.0,0.0,0.0,2.5449825668694168e-05,0.0,0.0,0.0,0.0,0.0,0.0,0.0,0.003308477336930242,0.0,0.0,0.0,0.0,0.0,0.0,0.0,0.0,0.0008398442470669076,0.0,0.00010179930267477667,0.010459878349833304,2.5449825668694168e-05,0.00030539790802433005,7.634947700608251e-05,0.0,0.0,0.0,0.0,0.0,0.0,0.0,0.0,0.0,0.0,0.0,0.0,0.0,0.0,0.0,0.0,0.0,0.0,0.00027994808235563584,0.0,0.0,0.0,0.0006616954673860484,0.0,0.0,0.0,0.0,0.0,0.0,0.0,0.0,0.0,0.0,0.0,0.0,0.0,0.0005598961647112717,0.0,0.0,0.0,0.0,0.00012724912834347085,0.0,0.0,0.0,0.0,0.0,0.0,0.0,0.0,0.0,0.3106061243531266,0.11433442756444512,0.36810100831900805
NY,BGM,Sullivan,36105,E,cc,-74.7681,41.7164,2577.8102446382295,Sullivan,3.3,57017.0,17.1,79920.0,6.0,0.28,31.0,76818,0.9611861861861862,29.79971088243567,0.0,0.02446110985797056,0.0,0.05199227848494029,0.016022457518244815,0.00722959444614306,0.0018958641364771162,0.001626022495867832,0.43628547293233844,0.06706157444578746,0.2749574755373213,0.004282951621298524,0.0052762059289159025,0.060781306598325376,0.001224049095838756,0.041217787654152266,0.005685849246378318,0.3811518501234165,0,3084,0,14258,6344,1708,1104,325,17877,467,2994,934,111,2912,93,3896,20711,0,185,0,0,207,0,18,0,0,0,73598,0,0,1,0,5,0,0,0,1,0,0,0,0,0,0,0,0,0,0,0,0,0,0,0,1,0,0,0,0,0,0,0,0,0,0,0,0,0,0,0,0,0,0,0,0,1782,0,0,0,0,0,0,4,4,102,0,7,723,0,30,1,0,0,0,0,5,0,0,0,0,0,0,0,0,0,3,0,0,0,18,0,0,0,41,2,0,2,1,0,0,0,0,0,9,0,0,0,33,0,0,0,0,18,0,0,3,0,0,0,0,0,0,76818,0.0,0.04014684058423807,0.0,0.1856075398995027,0.08258481085162332,0.022234372152360123,0.014371631648832305,0.0042307792444479155,0.23271889400921658,0.00607930432971439,0.038975240178083265,0.01215860865942878,0.001444973834257596,0.03790778203025333,0.0012106537530266344,0.050717279804212555,0.2696112890208024,76804,0.0,0.0024087287120462477,0.0,0.0,0.002695172126451747,0.0,0.00023436279360449977,0.0,0.0,0.0,0.9582573824279985,0.0,0.0,1.3020155200249988e-05,0.0,6.510077600124994e-05,0.0,0.0,0.0,1.3020155200249988e-05,0.0,0.0,0.0,0.0,0.0,0.0,0.0,0.0,0.0,0.0,0.0,0.0,0.0,0.0,0.0,1.3020155200249988e-05,0.0,0.0,0.0,0.0,0.0,0.0,0.0,0.0,0.0,0.0,0.0,0.0,0.0,0.0,0.0,0.0,0.0,0.0,0.0,0.0,0.023201916566845476,0.0,0.0,0.0,0.0,0.0,0.0,5.208062080099995e-05,5.208062080099995e-05,0.0013280558304254986,0.0,9.11410864017499e-05,0.00941357220978074,0.0,0.0003906046560074996,1.3020155200249988e-05,0.0,0.0,0.0,0.0,6.510077600124994e-05,0.0,0.0,0.0,0.0,0.0,0.0,0.0,0.0,0.0,3.906046560074996e-05,0.0,0.0,0.0,0.00023436279360449977,0.0,0.0,0.0,0.0005338263632102495,2.6040310400499976e-05,0.0,2.6040310400499976e-05,1.3020155200249988e-05,0.0,0.0,0.0,0.0,0.0,0.00011718139680224989,0.0,0.0,0.0,0.0004296651216082496,0.0,0.0,0.0,0.0,0.00023436279360449977,0.0,0.0,3.906046560074996e-05,0.0,0.0,0.0,0.0,0.0,0.0,0.062005355694164134,0.03911843578327996,0.6308880151615958
NY,BGM,Tioga,36107,E,cc,-76.3063,42.1703,1352.0762661745282,Tioga,3.3,64052.0,11.7,47715.0,3.0,0.26,35.29,51727,1.0840825736141675,38.25745728556631,0.0,0.008522844333145915,0.0,0.05288895446286276,0.017631202223489396,0.006275163458637222,0.0020968164278754964,0.0026397955155377088,0.31690771748073654,0.04019241530656054,0.2460599124587449,0.0030106429217990486,0.0038114872310193253,0.24489818975956062,0.03473271738104637,0.014784715770053341,0.00554742526893083,0.294291146761735,0,908,0,18759,1911,768,1167,15,3104,591,1616,14,2,4200,134,2189,16349,0,58,0,0,174,0,45,0,0,0,50212,0,0,2,0,0,0,0,0,2,0,0,1,0,0,0,2,0,0,0,0,2,0,0,1,4,2,0,0,0,0,0,0,0,0,0,0,0,4,0,0,0,0,1,0,0,509,0,0,0,0,0,0,1,1,62,0,8,464,9,68,1,0,0,0,0,1,0,0,0,0,0,0,0,0,0,1,0,0,0,6,0,0,0,28,0,0,0,0,1,0,0,0,0,2,0,0,0,27,0,0,0,0,7,0,0,0,0,0,0,0,0,0,51727,0.0,0.01755369536218996,0.0,0.36265393314903244,0.036943955767780846,0.014847178456125428,0.02256075163840934,0.0002899839542211998,0.0600073462601736,0.011425367796315271,0.031240938001430588,0.0002706516906064531,3.86645272294933e-05,0.08119550718193594,0.002590523324376051,0.04231832505268042,0.316063177837493,51706,0.0,0.0011217266854910456,0.0,0.0,0.0033651800564731367,0.0,0.0008703051870189146,0.0,0.0,0.0,0.9711058677909721,0.0,0.0,3.868023053417398e-05,0.0,0.0,0.0,0.0,0.0,3.868023053417398e-05,0.0,0.0,1.934011526708699e-05,0.0,0.0,0.0,3.868023053417398e-05,0.0,0.0,0.0,0.0,3.868023053417398e-05,0.0,0.0,1.934011526708699e-05,7.736046106834796e-05,3.868023053417398e-05,0.0,0.0,0.0,0.0,0.0,0.0,0.0,0.0,0.0,0.0,0.0,7.736046106834796e-05,0.0,0.0,0.0,0.0,1.934011526708699e-05,0.0,0.0,0.00984411867094728,0.0,0.0,0.0,0.0,0.0,0.0,1.934011526708699e-05,1.934011526708699e-05,0.0011990871465593935,0.0,0.00015472092213669592,0.008973813483928365,0.00017406103740378294,0.0013151278381619154,1.934011526708699e-05,0.0,0.0,0.0,0.0,1.934011526708699e-05,0.0,0.0,0.0,0.0,0.0,0.0,0.0,0.0,0.0,1.934011526708699e-05,0.0,0.0,0.0,0.00011604069160252195,0.0,0.0,0.0,0.0005415232274784357,0.0,0.0,0.0,0.0,1.934011526708699e-05,0.0,0.0,0.0,0.0,3.868023053417398e-05,0.0,0.0,0.0,0.0005221831122113488,0.0,0.0,0.0,0.0,0.00013538080686960894,0.0,0.0,0.0,0.0,0.0,0.0,0.0,0.0,0.0,0.279630907140607,0.08378603050631199,0.29963079318761354
NY,BGM,Tompkins,36109,E,cc,-76.4737,42.452,1271.3855278992473,Tompkins,2.9,65402.0,16.2,103558.0,3.0,0.58,81.45,518462,5.0064891172096795,407.7929067327611,0.0,0.03176628068707383,0.0,0.052538362376036096,0.029906115364174007,0.011885410423710606,0.003811501362613504,0.0016742901405583889,0.2797612316669117,0.023814639331471283,0.1614414302353194,0.006445557653817014,0.002935838431354811,0.23892876527992943,0.10136346160369998,0.04671827824454672,0.007008837198783259,0.04292102207942445,0,43610,0,102442,79435,23995,2890,398,62661,3493,43348,5219,1227,70539,15017,44613,19575,0,724,0,1,803,0,424,3,0,8,501569,0,0,5,3,13,2,0,0,7,1,14,0,1,1,0,0,1,0,2,0,3,0,0,0,34,13,0,0,0,1,0,0,0,0,0,0,0,110,0,0,0,0,0,0,0,5896,8,0,0,0,0,25,25,38,806,0,32,6120,80,617,8,0,0,0,1,23,0,1,0,0,0,0,0,2,6,34,0,0,0,113,1,0,0,308,1,0,3,20,0,0,0,0,0,27,1,0,0,245,1,0,1,0,95,0,2,2,0,0,0,1,0,0,518462,0.0,0.08411416844436044,0.0,0.19758825140511743,0.1532127716206781,0.04628111607022308,0.0055741790140839634,0.0007676551029776531,0.12085938795900182,0.006737234358545082,0.08360882764792792,0.010066311513669275,0.002366615103903468,0.13605432992196148,0.02896451427491311,0.08604873645513075,0.037755901107506436,518286,0.0,0.0013969121295964004,0.0,1.929436643088951e-06,0.0015493376244004277,0.0,0.0008180811366697152,5.788309929266853e-06,0.0,1.5435493144711607e-05,0.967745607637482,0.0,0.0,9.647183215444754e-06,5.788309929266853e-06,2.508267636015636e-05,3.858873286177902e-06,0.0,0.0,1.3506056501622656e-05,1.929436643088951e-06,2.7012113003245313e-05,0.0,1.929436643088951e-06,1.929436643088951e-06,0.0,0.0,1.929436643088951e-06,0.0,3.858873286177902e-06,0.0,5.788309929266853e-06,0.0,0.0,0.0,6.560084586502433e-05,2.508267636015636e-05,0.0,0.0,0.0,1.929436643088951e-06,0.0,0.0,0.0,0.0,0.0,0.0,0.0,0.0002122380307397846,0.0,0.0,0.0,0.0,0.0,0.0,0.0,0.011375958447652455,1.5435493144711607e-05,0.0,0.0,0.0,0.0,4.823591607722377e-05,4.823591607722377e-05,7.331859243738014e-05,0.0015551259343296944,0.0,6.174197257884643e-05,0.01180815225570438,0.00015435493144711607,0.0011904624087858827,1.5435493144711607e-05,0.0,0.0,0.0,1.929436643088951e-06,4.437704279104587e-05,0.0,1.929436643088951e-06,0.0,0.0,0.0,0.0,0.0,3.858873286177902e-06,1.1576619858533705e-05,6.560084586502433e-05,0.0,0.0,0.0,0.00021802634066905144,1.929436643088951e-06,0.0,0.0,0.0005942664860713969,1.929436643088951e-06,0.0,5.788309929266853e-06,3.858873286177902e-05,0.0,0.0,0.0,0.0,0.0,5.2094789363401676e-05,1.929436643088951e-06,0.0,0.0,0.00047271197755679295,1.929436643088951e-06,0.0,1.929436643088951e-06,0.0,0.00018329648109345034,0.0,3.858873286177902e-06,3.858873286177902e-06,0.0,0.0,0.0,1.929436643088951e-06,0.0,0.0,0.3402922268836294,0.1650188441968746,0.48493274650468726
NY,BUF,Wyoming,36121,E,ww,-78.2245,42.7023,1541.9662706835456,Wyoming,3.6,66261.0,9.4,39532.0,8.0,0.18,25.64,38195,0.9661792977840736,24.7703213268526,0.0,0.006768508952716581,0.0,0.04817027088603022,0.012615787477209598,0.004271688974893703,0.001238795629603603,0.0003601014577116776,0.28720655081655044,0.023543526535340347,0.07509105963641406,0.0059026339265684374,0.0018074995498731778,0.09744182292913985,0.36585434070842093,0.06252887949595119,0.007198533023576157,0.42864868739946244,0,1917,0,7048,4268,500,103,3,13164,403,1191,974,1119,3995,1406,1196,908,0,72,0,0,54,0,10,0,0,0,37333,0,0,4,0,1,0,0,0,0,0,2,0,0,0,0,0,0,0,0,0,2,0,0,0,2,0,0,0,0,0,0,0,0,0,0,0,0,2,0,0,0,0,0,0,0,164,1,0,0,0,0,0,1,2,52,0,3,349,2,49,0,0,0,0,0,1,0,0,0,0,0,0,0,0,0,1,0,0,0,28,0,0,0,22,0,0,0,0,0,0,0,0,0,4,0,0,0,25,0,0,0,0,2,0,0,1,0,0,0,0,0,0,38195,0.0,0.050189815420866604,0.0,0.18452677051970154,0.11174237465636863,0.013090718680455558,0.0026966880481738447,7.854431208273334e-05,0.3446524414190339,0.010551119256447179,0.03118209189684514,0.025500719989527423,0.029297028406859535,0.1045948422568399,0.036811100929441024,0.03131299908364969,0.023772745123707292,38189,0.0,0.0018853596585404174,0.0,0.0,0.001414019743905313,0.0,0.0002618555081306135,0.0,0.0,0.0,0.9775851685040194,0.0,0.0,0.0001047422032522454,0.0,2.618555081306135e-05,0.0,0.0,0.0,0.0,0.0,5.23711016261227e-05,0.0,0.0,0.0,0.0,0.0,0.0,0.0,0.0,0.0,5.23711016261227e-05,0.0,0.0,0.0,5.23711016261227e-05,0.0,0.0,0.0,0.0,0.0,0.0,0.0,0.0,0.0,0.0,0.0,0.0,5.23711016261227e-05,0.0,0.0,0.0,0.0,0.0,0.0,0.0,0.0042944303333420615,2.618555081306135e-05,0.0,0.0,0.0,0.0,0.0,2.618555081306135e-05,5.23711016261227e-05,0.0013616486422791904,0.0,7.855665243918406e-05,0.009138757233758413,5.23711016261227e-05,0.0012830919898400063,0.0,0.0,0.0,0.0,0.0,2.618555081306135e-05,0.0,0.0,0.0,0.0,0.0,0.0,0.0,0.0,0.0,2.618555081306135e-05,0.0,0.0,0.0,0.0007331954227657179,0.0,0.0,0.0,0.0005760821178873497,0.0,0.0,0.0,0.0,0.0,0.0,0.0,0.0,0.0,0.0001047422032522454,0.0,0.0,0.0,0.0006546387703265338,0.0,0.0,0.0,0.0,5.23711016261227e-05,0.0,0.0,2.618555081306135e-05,0.0,0.0,0.0,0.0,0.0,0.0,0.46329616363756077,0.1414059431862809,0.305217168378937
NY,OKX,Richmond,36085,E,se,-74.1554,40.5811,161.2570054813946,Richmond,5.6,84744.0,11.9,490687.0,1.0,0.35,3042.89,116486,0.2373936949623691,722.3624155258162,0.0,0.07643848293778885,0.0,0.07288164885462138,0.12300624954703328,0.35023108271590486,0.1511598735595658,0.00863563635552731,0.09042052036817136,0.00018954915176754583,0.0005184726798347578,0.0059652233056257074,0.022835097812937286,0.00225786489605459,0.0009254458586297826,0.05420548243046612,0.04032936952607137,0.0,0,6027,0,7758,17996,23954,3894,52,17822,1,0,68,10085,6099,0,7414,15316,0,281,0,0,115,0,128,0,0,4,111908,0,0,19,0,0,4,0,0,8,0,9,0,0,0,0,0,0,0,0,0,4,2,0,0,4,5,0,4,1,0,0,0,0,5,0,0,0,44,0,0,0,0,0,0,0,1525,0,0,0,0,0,1,16,12,188,0,0,1744,33,97,1,1,0,9,0,19,0,0,0,0,1,0,0,0,0,5,2,0,0,20,0,0,0,59,0,0,7,4,0,0,0,0,0,57,0,0,0,69,1,0,0,0,43,0,0,4,0,0,5,0,0,0,116486,0.0,0.05174012327661693,0.0,0.06660027814501314,0.15449066840650377,0.2056384458218155,0.03342890991192075,0.0004464055766358189,0.15299692666929932,8.584722627611901e-06,0.0,0.0005837611386776094,0.08657692769946602,0.05235822330580499,0.0,0.06364713356111464,0.13148361176450388,116468,0.0,0.0024126798777346567,0.0,0.0,0.0009873956794999486,0.0,0.0010990143215303773,0.0,0.0,3.434419754782429e-05,0.9608476147954803,0.0,0.0,0.0001631349383521654,0.0,0.0,3.434419754782429e-05,0.0,0.0,6.868839509564858e-05,0.0,7.727444448260466e-05,0.0,0.0,0.0,0.0,0.0,0.0,0.0,0.0,0.0,3.434419754782429e-05,1.7172098773912146e-05,0.0,0.0,3.434419754782429e-05,4.293024693478037e-05,0.0,3.434419754782429e-05,8.586049386956073e-06,0.0,0.0,0.0,0.0,4.293024693478037e-05,0.0,0.0,0.0,0.00037778617302606723,0.0,0.0,0.0,0.0,0.0,0.0,0.0,0.013093725315108013,0.0,0.0,0.0,0.0,0.0,8.586049386956073e-06,0.00013737679019129717,0.00010303259264347288,0.001614177284747742,0.0,0.0,0.014974070130851393,0.00028333962976955044,0.0008328467905347392,8.586049386956073e-06,8.586049386956073e-06,0.0,7.727444448260466e-05,0.0,0.0001631349383521654,0.0,0.0,0.0,0.0,8.586049386956073e-06,0.0,0.0,0.0,0.0,4.293024693478037e-05,1.7172098773912146e-05,0.0,0.0,0.00017172098773912147,0.0,0.0,0.0,0.0005065769138304084,0.0,0.0,6.0102345708692516e-05,3.434419754782429e-05,0.0,0.0,0.0,0.0,0.0,0.0004894048150564962,0.0,0.0,0.0,0.0005924374076999691,8.586049386956073e-06,0.0,0.0,0.0,0.0003692001236391112,0.0,0.0,3.434419754782429e-05,0.0,0.0,4.293024693478037e-05,0.0,0.0,0.0,0.0031833107546843727,0.05235822330580499,16.447726075362798
NY,OKX,Bronx,36005,E,se,-73.8673,40.8497,122.91651747466749,Bronx,7.9,43143.0,26.4,1356476.0,1.0,0.21,11035.75,77523,0.05715029237524291,630.6963587377679,0.0,0.11382619253104749,0.0,0.0729195617512397,0.08092827991749924,0.23709462721062563,0.41314746280882936,0.0029255591474920645,0.04893729063967351,0.0011043985781782543,0.0032034872665038104,0.0011117124760469845,0.004446849904187938,0.0007533314804792065,9.50806722934921e-05,0.0059608267630150815,0.013545338852888259,0.0,0,1107,0,18235,8125,17309,3532,939,19527,29,549,33,536,438,2,2982,4180,1,538,7,0,72,0,131,0,0,1,69581,2,0,30,0,7,6,0,0,6,3,13,0,0,0,0,0,0,0,1,0,0,3,0,0,7,34,0,0,1,0,0,0,0,2,0,2,0,34,0,1,0,0,1,0,3,2105,3,0,0,0,0,1,36,31,462,0,2,3688,92,294,4,1,0,7,1,15,0,0,4,0,0,0,0,0,0,9,3,0,0,18,0,0,0,60,0,0,2,4,0,0,0,0,0,52,0,0,0,71,5,0,1,0,41,0,0,7,0,0,0,0,0,0,77523,0.0,0.014279633141132309,0.0,0.23522051520194007,0.10480760548482386,0.22327567302606968,0.04556067231660282,0.012112534344646105,0.2518865368987268,0.00037408253034583287,0.00708176928137456,0.00042568012073836153,0.006914077112598842,0.005649936147981889,2.5798795196264335e-05,0.03846600363763012,0.05391948196019246,77506,1.2902226924367146e-05,0.006941398085309525,9.031558847057002e-05,0.0,0.0009289603385544345,0.0,0.0016901917270920961,0.0,0.0,1.2902226924367146e-05,0.8977498516243904,2.5804453848734292e-05,0.0,0.0003870668077310144,0.0,9.031558847057002e-05,7.741336154620287e-05,0.0,0.0,7.741336154620287e-05,3.870668077310144e-05,0.0001677289500167729,0.0,0.0,0.0,0.0,0.0,0.0,0.0,1.2902226924367146e-05,0.0,0.0,3.870668077310144e-05,0.0,0.0,9.031558847057002e-05,0.000438675715428483,0.0,0.0,1.2902226924367146e-05,0.0,0.0,0.0,0.0,2.5804453848734292e-05,0.0,2.5804453848734292e-05,0.0,0.000438675715428483,0.0,1.2902226924367146e-05,0.0,0.0,1.2902226924367146e-05,0.0,3.870668077310144e-05,0.027159187675792843,3.870668077310144e-05,0.0,0.0,0.0,0.0,1.2902226924367146e-05,0.00046448016927721727,0.0003999690346553815,0.005960828839057622,0.0,2.5804453848734292e-05,0.04758341289706603,0.0011870048770417775,0.003793254715763941,5.1608907697468585e-05,1.2902226924367146e-05,0.0,9.031558847057002e-05,1.2902226924367146e-05,0.0001935334038655072,0.0,0.0,5.1608907697468585e-05,0.0,0.0,0.0,0.0,0.0,0.0,0.00011612004231930432,3.870668077310144e-05,0.0,0.0,0.00023224008463860863,0.0,0.0,0.0,0.0007741336154620288,0.0,0.0,2.5804453848734292e-05,5.1608907697468585e-05,0.0,0.0,0.0,0.0,0.0,0.0006709158000670916,0.0,0.0,0.0,0.0009160581116300674,6.451113462183573e-05,0.0,1.2902226924367146e-05,0.0,0.000528991303899053,0.0,0.0,9.031558847057002e-05,0.0,0.0,0.0,0.0,0.0,0.0,0.0008484121527726987,0.005675734943178154,6.689832205525657
NY,BUF,Niagara,36063,E,ww,-78.7427,43.2011,1362.9437850182233,Niagara,3.9,61068.0,13.0,209457.0,1.0,0.27,153.68,66395,0.3169863026778766,48.71440827554914,0.0,0.012644861574886397,0.0,0.06553787460336502,0.060999724481227154,0.028286813724262394,0.013742981851354327,0.004573084320608936,0.1421459353071375,0.0004758960621907829,0.014382343596956901,0.002017614745659261,0.0035349454037800123,0.1427562950766509,0.3489359570454369,0.14993955724528685,0.010026114961196674,0.11889297755256614,0,6497,0,10761,9382,5788,1069,2603,9518,1,156,69,3735,7084,3927,2116,3689,0,24,2,0,36,0,85,0,0,0,60977,0,0,63,0,4,1,0,0,1,0,0,0,0,0,0,0,0,0,0,0,0,0,0,0,10,8,0,0,0,1,0,0,0,0,0,0,0,30,0,0,0,0,0,0,0,523,0,0,0,0,0,0,10,60,2064,0,0,1928,26,197,0,0,0,0,0,0,0,0,0,0,0,0,0,0,0,0,0,0,0,287,0,0,0,25,0,0,0,1,0,0,0,0,0,2,0,0,0,17,0,0,0,0,5,0,0,0,0,0,0,0,0,0,66395,0.0,0.09785375404774456,0.0,0.16207545748926877,0.14130582122147753,0.08717523909932977,0.016100609985691693,0.03920475939453272,0.1433541682355599,1.5061375103546953e-05,0.0023495745161533246,0.0010392348821447398,0.05625423601174787,0.10669478123352662,0.05914602003162889,0.031869869719105354,0.055561412756984715,66387,0.0,0.0003615165619774956,3.01263801647913e-05,0.0,0.0005422748429662434,0.0,0.0012803711570036301,0.0,0.0,0.0,0.9185081416542396,0.0,0.0,0.0009489809751909259,0.0,6.02527603295826e-05,1.506319008239565e-05,0.0,0.0,1.506319008239565e-05,0.0,0.0,0.0,0.0,0.0,0.0,0.0,0.0,0.0,0.0,0.0,0.0,0.0,0.0,0.0,0.0001506319008239565,0.0001205055206591652,0.0,0.0,0.0,1.506319008239565e-05,0.0,0.0,0.0,0.0,0.0,0.0,0.0,0.0004518957024718695,0.0,0.0,0.0,0.0,0.0,0.0,0.0,0.007878048413092925,0.0,0.0,0.0,0.0,0.0,0.0,0.0001506319008239565,0.000903791404943739,0.03109042433006462,0.0,0.0,0.02904183047885881,0.0003916429421422869,0.002967448446231943,0.0,0.0,0.0,0.0,0.0,0.0,0.0,0.0,0.0,0.0,0.0,0.0,0.0,0.0,0.0,0.0,0.0,0.0,0.0,0.004323135553647551,0.0,0.0,0.0,0.00037657975205989124,0.0,0.0,0.0,1.506319008239565e-05,0.0,0.0,0.0,0.0,0.0,3.01263801647913e-05,0.0,0.0,0.0,0.00025607423140072607,0.0,0.0,0.0,0.0,7.531595041197825e-05,0.0,0.0,0.0,0.0,0.0,0.0,0.0,0.0,0.0,0.4916922521220878,0.1658408012651555,0.33728577285772854
NY,BUF,Wayne,36117,E,ww,-77.0292,43.1566,1583.1606111881026,Wayne,3.3,65299.0,10.0,90829.0,1.0,0.25,57.37,81407,0.896266610884189,51.42055671717799,0.0,0.01742974900366981,0.0,0.06101291725139413,0.022734430549699612,0.008027388227443045,0.002869680635245262,0.0015525897207892105,0.24809487140346506,0.005304681546029802,0.03580319563368189,0.0037554966272598665,0.0024616718599355246,0.1362068349130669,0.29302123404779323,0.14778713404762298,0.013938124532903723,0.33798435469392235,0,2624,0,19988,4794,3112,441,17,7117,22,2395,8,253,19035,6796,8494,6311,0,31,0,0,52,0,31,0,0,0,79866,0,0,2,0,0,0,0,0,0,0,1,0,0,0,0,0,0,0,0,0,0,0,0,0,1,0,0,0,0,0,0,0,0,0,0,0,0,3,0,0,0,0,0,0,0,685,0,0,0,0,0,1,1,1,124,0,1,511,11,16,0,0,0,0,0,2,0,0,0,0,0,0,0,0,0,2,0,0,0,10,0,0,0,20,1,0,0,1,0,0,0,0,0,0,0,0,0,17,0,0,0,0,8,0,0,0,0,0,0,0,0,0,81407,0.0,0.032233100347635955,0.0,0.24553171103222082,0.05888928470524648,0.03822767083911703,0.005417224562998268,0.00020882725072782438,0.08742491431940742,0.00027024703035365507,0.029420074440772905,9.827164740132913e-05,0.0031078408490670334,0.2338251010355375,0.0834817644674291,0.1043399216283612,0.07752404584372351,81399,0.0,0.00038084005946018994,0.0,0.0,0.0006388284868364476,0.0,0.00038084005946018994,0.0,0.0,0.0,0.9811668448015332,0.0,0.0,2.4570326416786447e-05,0.0,0.0,0.0,0.0,0.0,0.0,0.0,1.2285163208393223e-05,0.0,0.0,0.0,0.0,0.0,0.0,0.0,0.0,0.0,0.0,0.0,0.0,0.0,1.2285163208393223e-05,0.0,0.0,0.0,0.0,0.0,0.0,0.0,0.0,0.0,0.0,0.0,0.0,3.685548962517967e-05,0.0,0.0,0.0,0.0,0.0,0.0,0.0,0.008415336797749359,0.0,0.0,0.0,0.0,0.0,1.2285163208393223e-05,1.2285163208393223e-05,1.2285163208393223e-05,0.0015233602378407598,0.0,1.2285163208393223e-05,0.006277718399488937,0.00013513679529232546,0.00019656261133429157,0.0,0.0,0.0,0.0,0.0,2.4570326416786447e-05,0.0,0.0,0.0,0.0,0.0,0.0,0.0,0.0,0.0,2.4570326416786447e-05,0.0,0.0,0.0,0.00012285163208393223,0.0,0.0,0.0,0.00024570326416786445,1.2285163208393223e-05,0.0,0.0,1.2285163208393223e-05,0.0,0.0,0.0,0.0,0.0,0.0,0.0,0.0,0.0,0.0002088477745426848,0.0,0.0,0.0,0.0,9.828130566714579e-05,0.0,0.0,0.0,0.0,0.0,0.0,0.0,0.0,0.0,0.42922806896086013,0.3173068655029666,0.7392500361664389
NY,BUF,Oswego,36075,E,cc,-76.1412,43.4261,2623.591066913788,Oswego,4.2,59394.0,15.7,118162.0,2.0,0.21,45.04,103411,0.8751629119344628,39.41582257392178,0.0,0.06061652981982784,0.0,0.04723783957761236,0.018899244660234068,0.007753018277441843,0.002775856519684716,0.0010378217726858732,0.40107171961349614,0.08384716525026194,0.03203414437056161,0.013237620440055607,0.005353462030994269,0.11406452231436652,0.04213433132228971,0.15884220041499175,0.011094523615495764,0.3391387266131065,0,6734,0,22084,15802,2298,926,987,5310,10657,526,8003,162,24919,221,4441,341,0,220,0,0,142,0,31,0,0,1,101929,0,0,0,0,0,0,0,0,0,0,0,0,1,0,0,0,0,0,0,0,3,0,0,0,0,2,0,0,0,3,0,0,0,0,0,0,0,5,0,0,0,0,0,0,0,289,1,0,0,0,0,0,0,4,77,0,5,452,6,54,2,0,0,0,0,2,0,0,0,0,0,0,0,0,0,2,0,0,0,5,0,0,0,42,0,0,2,3,0,0,0,0,0,8,0,0,0,77,0,0,1,0,29,0,0,0,0,0,0,0,0,0,103411,0.0,0.06511879780680972,0.0,0.21355561787430738,0.15280772838479464,0.022222007329974567,0.00895455995977217,0.009544439179584377,0.05134850257709528,0.10305480074653567,0.005086499501987216,0.07739021960913249,0.0015665644854029068,0.24097049636885826,0.0021371034029261876,0.042945141232557466,0.0032975215402616742,103398,0.0,0.0021277007292210682,0.0,0.0,0.0013733341070426893,0.0,0.0002998123754811505,0.0,0.0,9.671366951004855e-06,0.9857927619489739,0.0,0.0,0.0,0.0,0.0,0.0,0.0,0.0,0.0,0.0,0.0,0.0,9.671366951004855e-06,0.0,0.0,0.0,0.0,0.0,0.0,0.0,2.9014100853014566e-05,0.0,0.0,0.0,0.0,1.934273390200971e-05,0.0,0.0,0.0,2.9014100853014566e-05,0.0,0.0,0.0,0.0,0.0,0.0,0.0,4.8356834755024275e-05,0.0,0.0,0.0,0.0,0.0,0.0,0.0,0.002795025048840403,9.671366951004855e-06,0.0,0.0,0.0,0.0,0.0,0.0,3.868546780401942e-05,0.0007446952552273738,0.0,4.8356834755024275e-05,0.004371457861854194,5.802820170602913e-05,0.0005222538153542622,1.934273390200971e-05,0.0,0.0,0.0,0.0,1.934273390200971e-05,0.0,0.0,0.0,0.0,0.0,0.0,0.0,0.0,0.0,1.934273390200971e-05,0.0,0.0,0.0,4.8356834755024275e-05,0.0,0.0,0.0,0.0004061974119422039,0.0,0.0,1.934273390200971e-05,2.9014100853014566e-05,0.0,0.0,0.0,0.0,0.0,7.737093560803884e-05,0.0,0.0,0.0,0.0007446952552273738,0.0,0.0,9.671366951004855e-06,0.0,0.0002804696415791408,0.0,0.0,0.0,0.0,0.0,0.0,0.0,0.0,0.0,0.15619885363665623,0.24310759977178445,1.5563981047984643
NY,BUF,Orleans,36073,E,ww,-78.2312,43.2522,1016.4172818738342,Orleans,3.8,56140.0,16.1,39124.0,1.0,0.18,38.49,34792,0.8892751252428177,34.230035852852275,0.0,0.0077832567175445,0.0,0.042492374511999706,0.023911904069549048,0.006977177893288245,0.0022715159850203686,0.0014610178689644627,0.1490627124022121,0.0007079705463040137,0.017302411253991724,0.0013549548657728501,0.0016209962321118115,0.09378444285546353,0.4767010517030625,0.1666894996742982,0.007878713420416952,0.30328809867239703,0,2843,0,12778,6099,2205,1297,71,1021,0,313,0,261,1533,3341,1152,1878,0,2,0,0,18,0,1,0,0,0,34534,0,0,4,0,0,0,0,0,0,0,0,0,0,0,0,0,0,0,1,0,0,0,0,0,1,1,0,0,0,0,0,0,0,1,0,0,0,4,0,0,0,0,0,0,0,68,0,0,0,0,0,0,0,0,12,0,0,100,1,9,0,0,0,0,0,0,0,0,0,0,0,0,0,0,0,0,0,0,0,25,0,0,0,0,0,0,0,0,0,0,0,0,0,0,0,0,0,5,0,0,0,0,2,0,0,0,0,0,0,0,0,0,34792,0.0,0.08171418716946424,0.0,0.3672683375488618,0.17529891929179123,0.06337663830765693,0.03727868475511612,0.002040699011266958,0.02934582662681076,0.0,0.0089963209933318,0.0,0.007501724534375719,0.044061853299609106,0.09602782248792827,0.033111060013796274,0.053977925959990805,34789,0.0,5.748943631607692e-05,0.0,0.0,0.0005174049268446923,0.0,2.874471815803846e-05,0.0,0.0,0.0,0.9926700968697002,0.0,0.0,0.00011497887263215384,0.0,0.0,0.0,0.0,0.0,0.0,0.0,0.0,0.0,0.0,0.0,0.0,0.0,0.0,0.0,2.874471815803846e-05,0.0,0.0,0.0,0.0,0.0,2.874471815803846e-05,2.874471815803846e-05,0.0,0.0,0.0,0.0,0.0,0.0,0.0,2.874471815803846e-05,0.0,0.0,0.0,0.00011497887263215384,0.0,0.0,0.0,0.0,0.0,0.0,0.0,0.0019546408347466153,0.0,0.0,0.0,0.0,0.0,0.0,0.0,0.0,0.00034493661789646154,0.0,0.0,0.002874471815803846,2.874471815803846e-05,0.00025870246342234616,0.0,0.0,0.0,0.0,0.0,0.0,0.0,0.0,0.0,0.0,0.0,0.0,0.0,0.0,0.0,0.0,0.0,0.0,0.0,0.0007186179539509615,0.0,0.0,0.0,0.0,0.0,0.0,0.0,0.0,0.0,0.0,0.0,0.0,0.0,0.0,0.0,0.0,0.0,0.0001437235907901923,0.0,0.0,0.0,0.0,5.748943631607692e-05,0.0,0.0,0.0,0.0,0.0,0.0,0.0,0.0,0.0,0.570485494558526,0.14008967578753737,0.24556220469014148
NY,BUF,Monroe,36055,E,ww,-77.6958,43.1464,1722.5894999423795,Monroe,3.5,66003.0,13.3,748482.0,1.0,0.41,434.51,419869,0.5609607178262136,243.7429230899437,0.0,0.012916422412803979,0.0,0.13003362880227642,0.12426280533471297,0.06450231667400297,0.027815734190603545,0.003044220206070291,0.14993293014930603,0.0019401232082544941,0.041263082793193295,0.0031662602143314607,0.0032987309925294824,0.13115910887846274,0.19873954576083078,0.09621342189752394,0.011711668485097559,0.17254473566474693,0,12906,0,82786,64828,32467,23040,9018,50100,180,28073,82,8150,44635,8008,32187,23409,0,273,3,0,186,0,142,0,0,0,408248,0,0,31,0,17,2,0,1,1,0,0,0,1,0,0,0,0,0,0,0,2,0,0,0,10,16,0,0,9,2,0,0,0,2,1,0,0,67,0,0,0,0,0,0,0,2229,1,0,0,0,0,1,12,32,467,0,0,6838,64,414,5,0,0,0,0,12,0,0,0,0,0,0,0,0,0,12,0,0,0,177,0,0,0,290,2,0,3,13,0,0,0,0,0,13,0,0,0,105,0,0,2,0,64,0,0,0,0,0,0,0,0,0,419869,0.0,0.030738158806675416,0.0,0.19717102239031697,0.15440053921580302,0.07732649945578264,0.054874258399643695,0.02147812770173554,0.11932293167630856,0.00042870514374721637,0.06686133055786447,0.00019529900992928747,0.019410816230776742,0.10630696717309447,0.01907261550626505,0.07665962478773142,0.05575310394432549,419770,0.0,0.0006503561474140601,7.146770850703957e-06,0.0,0.0004430997927436453,0.0,0.00033828048693332064,0.0,0.0,0.0,0.9725516354193964,0.0,0.0,7.384996545727422e-05,0.0,4.049836815398909e-05,4.7645139004693044e-06,0.0,2.3822569502346522e-06,2.3822569502346522e-06,0.0,0.0,0.0,2.3822569502346522e-06,0.0,0.0,0.0,0.0,0.0,0.0,0.0,4.7645139004693044e-06,0.0,0.0,0.0,2.3822569502346523e-05,3.8116111203754435e-05,0.0,0.0,2.1440312552111872e-05,4.7645139004693044e-06,0.0,0.0,0.0,4.7645139004693044e-06,2.3822569502346522e-06,0.0,0.0,0.0001596112156657217,0.0,0.0,0.0,0.0,0.0,0.0,0.0,0.00531005074207304,2.3822569502346522e-06,0.0,0.0,0.0,0.0,2.3822569502346522e-06,2.8587083402815828e-05,7.623222240750887e-05,0.0011125139957595827,0.0,0.0,0.016289873025704553,0.00015246444481501774,0.000986254377397146,1.1911284751173261e-05,0.0,0.0,0.0,0.0,2.8587083402815828e-05,0.0,0.0,0.0,0.0,0.0,0.0,0.0,0.0,0.0,2.8587083402815828e-05,0.0,0.0,0.0,0.00042165948019153346,0.0,0.0,0.0,0.0006908545155680492,4.7645139004693044e-06,0.0,7.146770850703957e-06,3.096934035305048e-05,0.0,0.0,0.0,0.0,0.0,3.096934035305048e-05,0.0,0.0,0.0,0.0002501369797746385,0.0,0.0,4.7645139004693044e-06,0.0,0.00015246444481501774,0.0,0.0,0.0,0.0,0.0,0.0,0.0,0.0,0.0,0.3298986546392935,0.12537958267935953,0.3800548468936552
NY,OKX,Westchester,36119,E,se,-73.7561,41.1631,1229.5406028794014,Westchester,3.2,109131.0,9.4,990817.0,1.0,0.52,805.84,333476,0.33656669193201166,271.2199981188492,0.0,0.08840839593931636,0.0,0.19991710205146837,0.12719937249030847,0.09318343473833417,0.03748025325542583,0.0011265056321626496,0.3541906228823193,0.005275058171113354,0.03340480296385752,0.002755223703842327,0.004211420471699562,0.019231008218885674,0.00011403950591653039,0.030549429181101314,0.0029533307942486075,0.006348486566148962,0,16057,0,51572,31015,39438,13725,1659,150244,323,2432,104,366,14110,4,7941,4486,0,415,3,0,400,1,265,0,0,3,320506,0,0,14,3,29,1,0,0,11,0,18,0,1,8,0,0,0,0,0,0,1,1,0,0,7,3,0,1,0,0,0,0,0,2,0,0,0,64,0,0,0,0,0,0,0,4870,5,0,0,0,0,2,30,3,672,0,12,5027,70,374,5,0,0,6,0,13,0,0,0,0,0,0,0,0,0,6,0,0,0,95,0,0,0,223,2,0,2,5,0,0,0,0,0,13,3,0,0,131,0,0,0,0,78,0,0,1,0,0,0,0,0,0,333476,0.0,0.04815039163238134,0.0,0.15464980988137078,0.09300519377706341,0.11826338327195961,0.04115738463937435,0.004974870755316724,0.4505391692355672,0.0009685854454293563,0.007292878647938682,0.0003118665211289568,0.0010975302570499826,0.04231189051086135,1.199486619726757e-05,0.02381280811812544,0.013452242440235579,333405,0.0,0.0012447323825377544,8.998065415935573e-06,0.0,0.0011997420554580765,2.9993551386451915e-06,0.0007948291117409757,0.0,0.0,8.998065415935573e-06,0.9613113180666156,0.0,0.0,4.199097194103268e-05,8.998065415935573e-06,8.698129902071055e-05,2.9993551386451915e-06,0.0,0.0,3.299290652509711e-05,0.0,5.398839249561344e-05,0.0,2.9993551386451915e-06,2.3994841109161532e-05,0.0,0.0,0.0,0.0,0.0,0.0,2.9993551386451915e-06,2.9993551386451915e-06,0.0,0.0,2.099548597051634e-05,8.998065415935573e-06,0.0,2.9993551386451915e-06,0.0,0.0,0.0,0.0,0.0,5.998710277290383e-06,0.0,0.0,0.0,0.00019195872887329226,0.0,0.0,0.0,0.0,0.0,0.0,0.0,0.014606859525202081,1.4996775693225957e-05,0.0,0.0,0.0,0.0,5.998710277290383e-06,8.998065415935574e-05,8.998065415935573e-06,0.0020155666531695687,0.0,3.599226166374229e-05,0.015077758281969377,0.00020995485970516338,0.0011217588218533016,1.4996775693225957e-05,0.0,0.0,1.7996130831871146e-05,0.0,3.8991616802387485e-05,0.0,0.0,0.0,0.0,0.0,0.0,0.0,0.0,0.0,1.7996130831871146e-05,0.0,0.0,0.0,0.0002849387381712932,0.0,0.0,0.0,0.0006688561959178776,5.998710277290383e-06,0.0,5.998710277290383e-06,1.4996775693225957e-05,0.0,0.0,0.0,0.0,0.0,3.8991616802387485e-05,8.998065415935573e-06,0.0,0.0,0.00039291552316252006,0.0,0.0,0.0,0.0,0.00023394970081432493,0.0,0.0,2.9993551386451915e-06,0.0,0.0,0.0,0.0,0.0,0.0,0.019345047724802205,0.04232388537705862,2.187840835502067
NY,ALY,Washington,36115,E,ec,-73.4307,43.3137,2186.808365471026,Washington,3.3,61633.0,12.3,60047.0,3.0,0.21,27.46,36245,0.6036105051043349,16.574383275780562,0.0,0.01529196838903977,0.0,0.028143729056424257,0.022575618709738114,0.011390511700056569,0.0025733099610182977,0.002453764431220034,0.32668054928500684,0.14969811672655584,0.07762037844581773,0.006184324417811216,0.007849334837991159,0.20183722171259036,0.0751986571462962,0.05898894060066083,0.013513574579772814,0.3197848052837777,0,609,0,8495,5745,2422,4079,91,1945,1874,1340,48,21,7936,136,1296,208,0,113,1,0,81,0,43,0,0,0,34884,0,0,0,0,31,0,0,0,0,0,0,0,1,0,0,0,0,0,0,0,1,0,0,0,3,0,0,0,0,0,0,0,0,2,0,0,0,2,0,0,0,0,0,0,0,331,14,0,0,0,0,0,7,5,61,0,9,438,1,35,1,0,0,0,0,4,0,0,0,0,0,0,0,0,0,2,0,0,0,32,0,0,0,74,11,0,0,0,0,0,0,0,0,5,0,0,0,33,0,0,4,0,10,0,0,0,0,0,0,0,0,0,36245,0.0,0.016802317561042904,0.0,0.23437715546971996,0.1585046213270796,0.06682301007035453,0.11253966064284729,0.0025106911298110085,0.053662574148158365,0.05170368326665747,0.03697061663677749,0.0013243205959442683,0.0005793902607256174,0.21895433852945234,0.00375224168850876,0.03575665609049524,0.005738722582425162,36239,0.0,0.003118187587957725,2.7594580424404646e-05,0.0,0.0022351610143767765,0.0,0.0011865669582493998,0.0,0.0,0.0,0.9626093435249317,0.0,0.0,0.0,0.0,0.000855431993156544,0.0,0.0,0.0,0.0,0.0,0.0,0.0,2.7594580424404646e-05,0.0,0.0,0.0,0.0,0.0,0.0,0.0,2.7594580424404646e-05,0.0,0.0,0.0,8.278374127321394e-05,0.0,0.0,0.0,0.0,0.0,0.0,0.0,0.0,5.518916084880929e-05,0.0,0.0,0.0,5.518916084880929e-05,0.0,0.0,0.0,0.0,0.0,0.0,0.0,0.009133806120477938,0.00038632412594166504,0.0,0.0,0.0,0.0,0.0,0.00019316206297083252,0.00013797290212202323,0.0016832694058886834,0.0,0.0002483512238196418,0.012086426225889235,2.7594580424404646e-05,0.0009658103148541626,2.7594580424404646e-05,0.0,0.0,0.0,0.0,0.00011037832169761858,0.0,0.0,0.0,0.0,0.0,0.0,0.0,0.0,0.0,5.518916084880929e-05,0.0,0.0,0.0,0.0008830265735809487,0.0,0.0,0.0,0.0020419989514059438,0.0003035403846684511,0.0,0.0,0.0,0.0,0.0,0.0,0.0,0.0,0.00013797290212202323,0.0,0.0,0.0,0.0009106211540053533,0.0,0.0,0.00011037832169761858,0.0,0.00027594580424404646,0.0,0.0,0.0,0.0,0.0,0.0,0.0,0.0,0.0,0.2770358788588866,0.2227065802179611,0.8038907492245828
NY,ALY,Warren,36113,E,ec,-73.846,43.561,2408.52904689583,Warren,3.5,69314.0,10.2,65380.0,3.0,0.34,27.15,32233,0.4930100948302233,13.382857076829803,0.0,0.0667149784219511,0.0,0.03130504770816915,0.016293841892259315,0.008473827174952084,0.002743177767243511,0.00160189646639169,0.36264996566831903,0.2778975211444739,0.14903157060074287,0.004248475587582711,0.004696409849779782,0.011350154427294973,0.0005471436824671965,0.05544053644696753,0.007005453161405149,0.2599768017806201,0,1695,0,9480,4521,2254,1011,138,3560,4309,1475,7,433,1181,73,1898,198,0,267,0,0,177,0,72,0,0,3,28468,0,2,6,0,85,0,0,0,0,0,0,0,0,0,0,0,0,0,0,0,0,1,0,0,9,2,0,0,0,1,0,0,0,2,0,0,0,8,0,0,0,0,0,0,0,1000,37,0,0,0,0,1,25,6,231,0,33,1354,11,55,12,0,0,0,1,7,0,0,0,0,0,0,0,0,0,5,0,4,0,93,0,0,0,144,3,0,3,1,0,0,0,0,0,17,4,0,0,52,0,0,0,0,16,0,0,2,0,0,0,0,0,0,32233,0.0,0.052585859212608194,0.0,0.2941085223218441,0.14025998200601866,0.06992833431576335,0.031365370893184,0.004281326590761021,0.11044581639934228,0.13368287159122638,0.04576055595197468,0.0002171687401110663,0.013433437781155959,0.0366394688673099,0.00226475971830112,0.05888375267582912,0.006142772934570161,32220,0.0,0.008286778398510242,0.0,0.0,0.0054934823091247675,0.0,0.0022346368715083797,0.0,0.0,9.310986964618249e-05,0.8835505896958411,0.0,6.207324643078833e-05,0.00018621973929236498,0.0,0.002638112973308504,0.0,0.0,0.0,0.0,0.0,0.0,0.0,0.0,0.0,0.0,0.0,0.0,0.0,0.0,0.0,0.0,3.1036623215394166e-05,0.0,0.0,0.00027932960893854746,6.207324643078833e-05,0.0,0.0,0.0,3.1036623215394166e-05,0.0,0.0,0.0,6.207324643078833e-05,0.0,0.0,0.0,0.00024829298572315333,0.0,0.0,0.0,0.0,0.0,0.0,0.0,0.031036623215394164,0.0011483550589695842,0.0,0.0,0.0,0.0,3.1036623215394166e-05,0.0007759155803848542,0.00018621973929236498,0.007169459962756052,0.0,0.0010242085661080075,0.0420235878336437,0.00034140285536933584,0.001707014276846679,0.00037243947858472997,0.0,0.0,0.0,3.1036623215394166e-05,0.00021725636250775914,0.0,0.0,0.0,0.0,0.0,0.0,0.0,0.0,0.0,0.00015518311607697082,0.0,0.00012414649286157667,0.0,0.0028864059590316573,0.0,0.0,0.0,0.004469273743016759,9.310986964618249e-05,0.0,9.310986964618249e-05,3.1036623215394166e-05,0.0,0.0,0.0,0.0,0.0,0.0005276225946617008,0.00012414649286157667,0.0,0.0,0.0016139044072004966,0.0,0.0,0.0,0.0,0.0004965859714463067,0.0,0.0,6.207324643078833e-05,0.0,0.0,0.0,0.0,0.0,0.0,0.01189729810976217,0.03890422858561102,3.2700053597622025
NY,ALY,Fulton,36035,E,ee,-74.4222,43.1139,1377.8719194818784,Fulton,4.0,56169.0,13.6,52234.0,4.0,0.19,37.91,14133,0.270570892522112,10.25712172530117,0.0,0.06788841161420557,0.0,0.034606326628015244,0.018078408667099605,0.008654841729977283,0.00252590453984722,0.002348556570090265,0.30425283039535556,0.20902023070884418,0.1189437624371784,0.003208563820492558,0.003999457523857214,0.09073304696852334,0.010627185878928714,0.11597644401672287,0.009136028500861964,0.29079423892137374,0,443,0,3609,7138,481,318,72,565,328,196,32,1,348,45,382,175,0,9,0,0,13,0,8,0,0,0,13810,0,0,0,0,0,0,0,0,0,0,0,0,0,0,0,0,0,0,0,0,0,0,0,0,0,0,0,0,0,0,0,0,0,0,0,0,0,0,0,0,0,0,0,0,0,142,1,0,0,0,0,0,0,1,22,0,1,104,0,5,0,0,0,0,0,0,0,0,0,0,0,0,0,0,0,0,0,0,0,5,0,0,0,4,0,0,0,0,0,0,0,0,0,0,0,0,0,2,0,0,0,0,4,0,0,0,0,0,0,0,0,0,14133,0.0,0.031345078893370126,0.0,0.255359796221609,0.5050590815821128,0.0340338215523951,0.02250053067289323,0.005094459774994693,0.039977357956555576,0.02320809453053138,0.013868251609707775,0.002264204344442086,7.075638576381519e-05,0.024623222245807683,0.0031840373593716833,0.0270289393617774,0.012382367508667657,14131,0.0,0.0006368976010190362,0.0,0.0,0.0009199632014719411,0.0,0.0005661312009058099,0.0,0.0,0.0,0.9772839855636544,0.0,0.0,0.0,0.0,0.0,0.0,0.0,0.0,0.0,0.0,0.0,0.0,0.0,0.0,0.0,0.0,0.0,0.0,0.0,0.0,0.0,0.0,0.0,0.0,0.0,0.0,0.0,0.0,0.0,0.0,0.0,0.0,0.0,0.0,0.0,0.0,0.0,0.0,0.0,0.0,0.0,0.0,0.0,0.0,0.0,0.010048828816078126,7.076640011322624e-05,0.0,0.0,0.0,0.0,0.0,0.0,7.076640011322624e-05,0.0015568608024909773,0.0,7.076640011322624e-05,0.007359705611775529,0.0,0.0003538320005661312,0.0,0.0,0.0,0.0,0.0,0.0,0.0,0.0,0.0,0.0,0.0,0.0,0.0,0.0,0.0,0.0,0.0,0.0,0.0,0.0003538320005661312,0.0,0.0,0.0,0.00028306560045290494,0.0,0.0,0.0,0.0,0.0,0.0,0.0,0.0,0.0,0.0,0.0,0.0,0.0,0.00014153280022645247,0.0,0.0,0.0,0.0,0.00028306560045290494,0.0,0.0,0.0,0.0,0.0,0.0,0.0,0.0,0.0,0.10136023284745206,0.027807259605179366,0.2743409207339678
NY,BTV,Essex,36031,E,nn,-73.7727,44.1172,4953.5457599768,Essex,3.6,62884.0,11.3,36775.0,6.0,0.31,7.42,75375,2.0496261046906867,15.21637300880673,0.0,0.06190374650366578,0.0,0.01637424928314496,0.00882764327944092,0.003993608775386387,0.0007649959329559668,0.0017452206339656745,0.32994860257237363,0.308314756932923,0.16817363068629146,0.00380122653199547,0.005438016834624887,0.02754311737565235,0.0029122066080127474,0.054382525527364875,0.0058764525222019266,0.14153117055541994,0,5264,0,18490,7665,6758,1259,3106,4155,8806,4433,262,3116,6648,86,3580,1747,0,299,1,0,248,0,39,0,0,1,71158,0,0,1,0,72,0,0,0,0,0,0,0,0,0,0,0,0,0,0,0,1,0,0,0,2,0,0,0,0,0,0,0,0,0,0,0,0,3,0,0,0,0,0,1,0,894,20,0,0,0,0,0,46,9,355,0,34,1641,6,71,3,0,0,0,0,2,0,2,0,0,0,0,0,0,0,44,0,0,0,133,0,0,0,151,7,0,0,1,0,0,0,0,0,17,5,0,0,45,0,0,0,0,22,0,0,1,0,0,0,0,0,0,75375,0.0,0.0698374792703151,0.0,0.2453067993366501,0.10169154228855722,0.08965837479270315,0.016703150912106137,0.041207296849087895,0.05512437810945273,0.11682918739635158,0.05881260364842454,0.0034759535655058045,0.04133996683250415,0.08819900497512438,0.001140961857379768,0.04749585406301824,0.023177446102819237,75335,0.0,0.003968938740293356,1.3274042609676777e-05,0.0,0.0032919625671998408,0.0,0.0005176876617773944,0.0,0.0,1.3274042609676777e-05,0.9445543240193801,0.0,0.0,1.3274042609676777e-05,0.0,0.000955731067896728,0.0,0.0,0.0,0.0,0.0,0.0,0.0,0.0,0.0,0.0,0.0,0.0,0.0,0.0,0.0,1.3274042609676777e-05,0.0,0.0,0.0,2.6548085219353554e-05,0.0,0.0,0.0,0.0,0.0,0.0,0.0,0.0,0.0,0.0,0.0,0.0,3.982212782903033e-05,0.0,0.0,0.0,0.0,0.0,1.3274042609676777e-05,0.0,0.011866994093051038,0.00026548085219353553,0.0,0.0,0.0,0.0,0.0,0.0006106059600451318,0.000119466383487091,0.004712285126435256,0.0,0.0004513174487290104,0.02178270392247959,7.964425565806067e-05,0.0009424570252870512,3.982212782903033e-05,0.0,0.0,0.0,0.0,2.6548085219353554e-05,0.0,2.6548085219353554e-05,0.0,0.0,0.0,0.0,0.0,0.0,0.0,0.0005840578748257781,0.0,0.0,0.0,0.0017654476670870113,0.0,0.0,0.0,0.0020043804340611933,9.291829826773743e-05,0.0,0.0,1.3274042609676777e-05,0.0,0.0,0.0,0.0,0.0,0.0002256587243645052,6.637021304838388e-05,0.0,0.0,0.000597331917435455,0.0,0.0,0.0,0.0,0.00029202893741288907,0.0,0.0,1.3274042609676777e-05,0.0,0.0,0.0,0.0,0.0,0.0,0.030455323983665097,0.08933996683250416,2.9334761593875083
NY,BTV,Clinton,36019,E,nn,-73.6781,44.7462,2888.1773363756924,Clinton,3.4,60094.0,15.1,78115.0,4.0,0.27,27.05,20910,0.2676822633297062,7.239860148698306,1.5858095542227155e-05,0.06997711148210072,0.0,0.024845282511972086,0.021181751498667765,0.010335746976933933,0.004035107957872192,0.0027549554216496587,0.3144315199238314,0.18231057427139047,0.08801833817730781,0.01089388975141036,0.014091317132993142,0.08511102066123283,0.050143919990621955,0.11433842357470703,0.007515182571766433,0.5219491336443033,0,2307,0,2930,4480,2297,676,319,613,730,186,16,493,2121,110,3186,446,0,27,0,0,61,0,26,0,0,0,19636,0,0,0,0,3,0,0,0,1,0,0,0,0,0,0,0,0,0,2,0,0,0,0,0,0,0,0,0,0,0,0,0,0,0,0,0,0,1,0,0,0,0,0,0,0,449,3,0,0,0,0,0,2,0,74,0,1,478,1,47,4,0,0,0,0,0,0,0,0,0,0,0,0,0,0,2,0,0,0,20,0,0,0,44,0,0,1,1,0,0,0,0,0,3,1,0,0,10,0,0,0,0,11,0,0,0,0,0,0,0,0,0,20910,0.0,0.11032998565279771,0.0,0.1401243424198948,0.2142515542802487,0.10985174557627929,0.032329029172644665,0.01525585844093735,0.02931611669057867,0.034911525585844094,0.008895265423242468,0.0007651841224294596,0.023577235772357725,0.10143472022955524,0.0052606408417025345,0.15236728837876615,0.021329507412721185,20909,0.0,0.001291309962217227,0.0,0.0,0.0029174039887129946,0.0,0.0012434836673202926,0.0,0.0,0.0,0.9391171265962026,0.0,0.0,0.0,0.0,0.000143478884690803,0.0,0.0,0.0,4.782629489693433e-05,0.0,0.0,0.0,0.0,0.0,0.0,0.0,0.0,0.0,9.565258979386866e-05,0.0,0.0,0.0,0.0,0.0,0.0,0.0,0.0,0.0,0.0,0.0,0.0,0.0,0.0,0.0,0.0,0.0,0.0,4.782629489693433e-05,0.0,0.0,0.0,0.0,0.0,0.0,0.0,0.021474006408723517,0.000143478884690803,0.0,0.0,0.0,0.0,0.0,9.565258979386866e-05,0.0,0.0035391458223731406,0.0,4.782629489693433e-05,0.022860968960734612,4.782629489693433e-05,0.0022478358601559136,0.00019130517958773733,0.0,0.0,0.0,0.0,0.0,0.0,0.0,0.0,0.0,0.0,0.0,0.0,0.0,0.0,9.565258979386866e-05,0.0,0.0,0.0,0.0009565258979386867,0.0,0.0,0.0,0.0021043569754651105,0.0,0.0,4.782629489693433e-05,4.782629489693433e-05,0.0,0.0,0.0,0.0,0.0,0.000143478884690803,4.782629489693433e-05,0.0,0.0,0.00047826294896934334,0.0,0.0,0.0,0.0,0.0005260892438662776,0.0,0.0,0.0,0.0,0.0,0.0,0.0,0.0,0.0,0.13525494065185478,0.10669536107125778,0.7888463116914217
NY,BTV,Franklin,36033,E,nn,-74.3038,44.5929,4386.667990969158,Franklin,3.7,54960.0,16.7,46502.0,7.0,0.22,10.6,48442,1.0417186357576018,11.043005784738584,6.141966645435935e-07,0.03828615381654642,0.0,0.02203532900160899,0.00828612720135762,0.0036419814885219953,0.0009313268756696024,0.0005828726346518702,0.39856613741340086,0.20334454651710568,0.069586434770574,0.008360854462210424,0.009706968818668466,0.05550966141589938,0.025079492403308555,0.14713797661917083,0.00894352236464078,0.576416551499878,0,3591,0,8510,5892,3185,1998,102,6288,4827,586,262,293,1445,50,10609,804,0,80,1,0,53,0,26,0,0,0,46569,0,0,2,0,58,0,0,0,0,0,0,0,0,0,0,0,0,0,0,0,2,0,0,0,0,1,0,0,0,0,0,0,0,0,0,0,0,3,0,0,0,0,0,0,0,523,8,0,0,0,0,0,9,5,172,0,15,675,1,47,1,0,0,0,0,1,0,0,0,0,0,0,0,0,0,6,0,0,0,66,0,0,0,50,6,0,0,0,0,0,0,0,0,6,6,0,0,11,0,0,0,0,19,0,0,1,0,0,0,0,0,0,48442,0.0,0.07412988728789068,0.0,0.1756740018991784,0.121629990504108,0.06574873044052681,0.04124520044589406,0.002105610833574171,0.12980471491680773,0.09964493621237769,0.012096940671318277,0.005408529788200322,0.006048470335659139,0.029829486808967427,0.0010321621733206721,0.2190041699351802,0.01659716774699641,48423,0.0,0.0016521074695908969,2.065134336988621e-05,0.0,0.0010945211986039692,0.0,0.0005369349276170415,0.0,0.0,0.0,0.961712409392231,0.0,0.0,4.130268673977242e-05,0.0,0.0011977779154534003,0.0,0.0,0.0,0.0,0.0,0.0,0.0,0.0,0.0,0.0,0.0,0.0,0.0,0.0,0.0,4.130268673977242e-05,0.0,0.0,0.0,0.0,2.065134336988621e-05,0.0,0.0,0.0,0.0,0.0,0.0,0.0,0.0,0.0,0.0,0.0,6.195403010965863e-05,0.0,0.0,0.0,0.0,0.0,0.0,0.0,0.010800652582450488,0.0001652107469590897,0.0,0.0,0.0,0.0,0.0,0.0001858620903289759,0.00010325671684943105,0.003552031059620428,0.0,0.0003097701505482932,0.013939656774673192,2.065134336988621e-05,0.0009706131383846519,2.065134336988621e-05,0.0,0.0,0.0,0.0,2.065134336988621e-05,0.0,0.0,0.0,0.0,0.0,0.0,0.0,0.0,0.0,0.00012390806021931726,0.0,0.0,0.0,0.00136298866241249,0.0,0.0,0.0,0.0010325671684943106,0.00012390806021931726,0.0,0.0,0.0,0.0,0.0,0.0,0.0,0.0,0.00012390806021931726,0.00012390806021931726,0.0,0.0,0.00022716477706874832,0.0,0.0,0.0,0.0,0.00039237552402783803,0.0,0.0,2.065134336988621e-05,0.0,0.0,0.0,0.0,0.0,0.0,0.08058915381920793,0.0308616489822881,0.38295040361786764
NY,BUFBGM,Cayuga,36011,E,cc,-76.5543,42.9169,1898.2832178493268,Cayuga,3.5,62839.0,14.8,74485.0,4.0,0.23,39.24,62587,0.8402631402295764,32.97031729064559,0.0,0.05813951837371023,0.0,0.04357411177050504,0.02607811222864683,0.00869475498643323,0.0028785313715903814,0.0007113503208649036,0.21192560118094567,0.016319408126242673,0.02063673189665495,0.008354934939606215,0.001651771536805398,0.1319367896849944,0.3604842293681193,0.10059383316539534,0.008020321049485466,0.3682157727396802,0,5242,0,12278,7906,7048,1041,3564,8678,586,1476,568,3881,4226,1787,3167,1139,0,61,0,0,60,0,25,0,0,0,60914,0,0,1,0,0,0,0,0,1,0,0,0,0,0,0,0,0,0,1,0,0,0,0,0,1,2,0,0,0,1,0,0,0,0,0,0,0,11,0,0,0,0,0,0,0,249,1,0,0,0,0,0,1,2,170,0,0,880,3,28,8,0,0,0,0,0,0,0,0,0,0,0,0,1,0,1,0,0,0,59,0,0,0,72,0,0,1,0,0,0,0,0,0,2,0,0,0,17,0,0,0,0,5,0,0,1,0,0,0,0,0,0,62587,0.0,0.08375541246584754,0.0,0.19617492450508892,0.12632016233403104,0.11261124514675572,0.016632847076869,0.056944732931758994,0.1386549922507869,0.009362966750283605,0.023583172224263826,0.009075367089012095,0.062009682521929475,0.06752200936296675,0.028552255260677138,0.05060156262482624,0.018198667454902777,62579,0.0,0.0009747678933827642,0.0,0.0,0.0009587880918518992,0.0,0.0003994950382716247,0.0,0.0,0.0,0.9733936304511098,0.0,0.0,1.5979801530864986e-05,0.0,0.0,0.0,0.0,0.0,1.5979801530864986e-05,0.0,0.0,0.0,0.0,0.0,0.0,0.0,0.0,0.0,1.5979801530864986e-05,0.0,0.0,0.0,0.0,0.0,1.5979801530864986e-05,3.195960306172997e-05,0.0,0.0,0.0,1.5979801530864986e-05,0.0,0.0,0.0,0.0,0.0,0.0,0.0,0.00017577781683951485,0.0,0.0,0.0,0.0,0.0,0.0,0.0,0.003978970581185382,1.5979801530864986e-05,0.0,0.0,0.0,0.0,0.0,1.5979801530864986e-05,3.195960306172997e-05,0.0027165662602470476,0.0,0.0,0.014062225347161188,4.793940459259496e-05,0.0004474344428642196,0.0001278384122469199,0.0,0.0,0.0,0.0,0.0,0.0,0.0,0.0,0.0,0.0,0.0,0.0,1.5979801530864986e-05,0.0,1.5979801530864986e-05,0.0,0.0,0.0,0.0009428082903210342,0.0,0.0,0.0,0.001150545710222279,0.0,0.0,1.5979801530864986e-05,0.0,0.0,0.0,0.0,0.0,0.0,3.195960306172997e-05,0.0,0.0,0.0,0.0002716566260247048,0.0,0.0,0.0,0.0,7.989900765432493e-05,0.0,0.0,1.5979801530864986e-05,0.0,0.0,0.0,0.0,0.0,0.0,0.4924210190531137,0.09607426462364388,0.19510593761490325
NY,BGM,Oneida,36065,E,cc,-75.4359,43.2418,3250.140801330664,Oneida,3.6,59804.0,14.2,227555.0,2.0,0.27,70.01,62949,0.2766320230274,19.368083984000812,0.0,0.03596891031018652,0.0,0.05378420146437426,0.02380043512740233,0.013700072779218036,0.005356860028674956,0.0006241377680468552,0.34491240649335464,0.10788351234219998,0.04097113404284548,0.011228951589519682,0.011757174474700169,0.1473667218476689,0.09273780602583179,0.10433825502910478,0.005569420676871605,0.4367810666691226,0,1527,0,23378,13658,2945,476,87,5341,715,755,4100,1479,2601,1553,2879,1455,0,202,0,0,42,0,30,0,0,1,61530,0,0,1,0,2,0,0,0,0,0,0,0,0,0,0,0,0,0,0,0,0,0,0,0,1,0,0,0,0,1,0,0,0,0,0,0,0,11,0,0,0,0,0,0,0,266,1,0,0,0,0,0,0,4,100,0,7,552,13,55,0,0,0,0,0,1,0,0,0,0,0,0,0,0,0,3,0,0,0,25,0,0,0,37,0,0,0,0,0,0,0,0,0,18,0,0,0,17,0,0,0,0,11,0,0,2,0,0,0,0,0,0,62949,0.0,0.024257732450078635,0.0,0.37138000603663285,0.2169692926019476,0.04678390443057078,0.0075616769130566015,0.0013820712004956393,0.08484646300973804,0.011358401245452667,0.011993836280163307,0.06513209105784047,0.02349521040842587,0.041319163132059286,0.02467076522264055,0.04573543662329822,0.023113949387599485,62933,0.0,0.00320976276357396,0.0,0.0,0.0006673764161886451,0.0,0.00047669744013474646,0.0,0.0,1.5889914671158214e-05,0.977706449716365,0.0,0.0,1.5889914671158214e-05,0.0,3.177982934231643e-05,0.0,0.0,0.0,0.0,0.0,0.0,0.0,0.0,0.0,0.0,0.0,0.0,0.0,0.0,0.0,0.0,0.0,0.0,0.0,1.5889914671158214e-05,0.0,0.0,0.0,0.0,1.5889914671158214e-05,0.0,0.0,0.0,0.0,0.0,0.0,0.0,0.00017478906138274037,0.0,0.0,0.0,0.0,0.0,0.0,0.0,0.0042267173025280855,1.5889914671158214e-05,0.0,0.0,0.0,0.0,0.0,0.0,6.355965868463286e-05,0.0015889914671158216,0.0,0.00011122940269810751,0.008771232898479335,0.0002065688907250568,0.0008739453069137019,0.0,0.0,0.0,0.0,0.0,1.5889914671158214e-05,0.0,0.0,0.0,0.0,0.0,0.0,0.0,0.0,0.0,4.766974401347465e-05,0.0,0.0,0.0,0.0003972478667789554,0.0,0.0,0.0,0.000587926842832854,0.0,0.0,0.0,0.0,0.0,0.0,0.0,0.0,0.0,0.0002860184640808479,0.0,0.0,0.0,0.0002701285494096897,0.0,0.0,0.0,0.0,0.00017478906138274037,0.0,0.0,3.177982934231643e-05,0.0,0.0,0.0,0.0,0.0,0.0,0.2401045278735007,0.06598992835469983,0.2748383337005068
NY,ALY,Herkimer,36043,E,ee,-74.9626,43.4196,3770.31292965824,Herkimer,4.0,59366.0,13.3,59484.0,2.0,0.22,15.78,41441,0.6966747360634793,10.991395349180317,0.0,0.030545605995516326,0.0,0.022798649417215093,0.008625202316986668,0.00512985099129069,0.0011646405780505757,0.0008274952388644945,0.4948037921345303,0.09591320282592126,0.0940647409592035,0.0047171755655166315,0.005397661140580552,0.10795155495480942,0.034550368441480746,0.08711978523722762,0.006390274202806146,0.4397163594897681,0,2049,0,5618,14752,1319,875,0,2880,619,834,1204,46,9820,196,1077,152,0,36,0,0,27,0,10,0,0,0,40889,0,0,0,0,1,0,0,0,1,0,0,0,0,0,0,0,0,0,0,0,0,0,0,0,0,0,0,0,0,0,0,0,0,0,0,0,0,1,0,0,0,0,0,0,0,118,0,0,0,0,0,0,9,0,52,0,2,230,1,11,0,0,0,0,0,1,0,0,0,0,0,0,0,0,0,0,0,0,0,16,0,0,0,18,0,0,0,0,0,0,0,0,0,4,0,0,0,8,0,0,0,0,5,0,0,0,0,0,0,0,0,0,41441,0.0,0.04944378755338916,0.0,0.135566226683719,0.3559759658309404,0.03182838251972684,0.021114355348567843,0.0,0.06949639246157187,0.014936898240872565,0.02012499698366352,0.029053352959629353,0.0011100118240389952,0.23696339374049855,0.004729615598079197,0.02598875509760865,0.003667865157694071,41440,0.0,0.0008687258687258687,0.0,0.0,0.0006515444015444016,0.0,0.00024131274131274132,0.0,0.0,0.0,0.9867036679536679,0.0,0.0,0.0,0.0,2.413127413127413e-05,0.0,0.0,0.0,2.413127413127413e-05,0.0,0.0,0.0,0.0,0.0,0.0,0.0,0.0,0.0,0.0,0.0,0.0,0.0,0.0,0.0,0.0,0.0,0.0,0.0,0.0,0.0,0.0,0.0,0.0,0.0,0.0,0.0,0.0,2.413127413127413e-05,0.0,0.0,0.0,0.0,0.0,0.0,0.0,0.0028474903474903475,0.0,0.0,0.0,0.0,0.0,0.0,0.00021718146718146717,0.0,0.0012548262548262548,0.0,4.826254826254826e-05,0.00555019305019305,2.413127413127413e-05,0.00026544401544401547,0.0,0.0,0.0,0.0,0.0,2.413127413127413e-05,0.0,0.0,0.0,0.0,0.0,0.0,0.0,0.0,0.0,0.0,0.0,0.0,0.0,0.0003861003861003861,0.0,0.0,0.0,0.00043436293436293434,0.0,0.0,0.0,0.0,0.0,0.0,0.0,0.0,0.0,9.652509652509652e-05,0.0,0.0,0.0,0.00019305019305019305,0.0,0.0,0.0,0.0,0.00012065637065637066,0.0,0.0,0.0,0.0,0.0,0.0,0.0,0.0,0.0,0.14250192339629017,0.24169300933857774,1.6960684008905795
NY,ALY,Schenectady,36093,E,ec,-74.0585,42.8182,541.9206964308443,Schenectady,3.4,72357.0,12.9,159902.0,2.0,0.34,295.07,23952,0.14979174744531026,44.19834886866435,0.0,0.015290677047239786,0.0,0.09378326132584411,0.0775276949756125,0.053899512250115224,0.022446110435062287,0.002380723434873288,0.1443189240986906,0.08909973506991303,0.24904754483751065,0.00787661353696587,0.01097188557938121,0.14565517973135625,0.010943701527575608,0.06747262002261356,0.00928581612724602,0.3067004033581418,0,3952,0,4259,5122,1583,473,2,1436,644,1055,58,4,1110,878,1710,1666,0,27,0,0,22,0,14,0,0,0,23136,0,0,0,0,0,0,0,0,0,0,0,0,0,0,0,0,0,0,1,0,0,0,0,0,0,0,0,0,0,0,0,0,0,0,0,0,0,1,0,0,0,0,0,0,0,165,1,0,0,0,0,0,1,1,42,0,1,461,1,11,1,0,0,0,0,0,0,0,0,0,0,0,0,0,0,1,0,0,0,11,0,0,0,33,0,0,0,0,0,0,0,0,0,0,0,0,0,11,0,0,0,0,6,0,0,1,0,0,0,0,0,1,23952,0.0,0.16499665998663995,0.0,0.17781396125584503,0.2138443553774215,0.06609051436205744,0.019747828991315965,8.350033400133601e-05,0.059953239812959254,0.026887107548430194,0.04404642618570474,0.002421509686038744,0.00016700066800267202,0.04634268537074148,0.036656646626586506,0.07139278557114229,0.06955577822311289,23950,0.0,0.001127348643006263,0.0,0.0,0.000918580375782881,0.0,0.0005845511482254698,0.0,0.0,0.0,0.9660125260960334,0.0,0.0,0.0,0.0,0.0,0.0,0.0,0.0,0.0,0.0,0.0,0.0,0.0,0.0,0.0,0.0,0.0,0.0,4.175365344467641e-05,0.0,0.0,0.0,0.0,0.0,0.0,0.0,0.0,0.0,0.0,0.0,0.0,0.0,0.0,0.0,0.0,0.0,0.0,4.175365344467641e-05,0.0,0.0,0.0,0.0,0.0,0.0,0.0,0.006889352818371607,4.175365344467641e-05,0.0,0.0,0.0,0.0,0.0,4.175365344467641e-05,4.175365344467641e-05,0.0017536534446764092,0.0,4.175365344467641e-05,0.019248434237995826,4.175365344467641e-05,0.0004592901878914405,4.175365344467641e-05,0.0,0.0,0.0,0.0,0.0,0.0,0.0,0.0,0.0,0.0,0.0,0.0,0.0,0.0,4.175365344467641e-05,0.0,0.0,0.0,0.0004592901878914405,0.0,0.0,0.0,0.0013778705636743214,0.0,0.0,0.0,0.0,0.0,0.0,0.0,0.0,0.0,0.0,0.0,0.0,0.0,0.0004592901878914405,0.0,0.0,0.0,0.0,0.00025052192066805847,0.0,0.0,4.175365344467641e-05,0.0,0.0,0.0,0.0,0.0,4.175365344467641e-05,0.15659888125893184,0.08299933199732798,0.530012292106295
NY,ALY,Albany,36001,E,ec,-73.9735,42.6002,1378.6658888990758,Albany,3.1,74512.0,11.9,316659.0,2.0,0.44,229.69,136539,0.43118622871922163,99.03704813428892,0.0,0.016147059724438983,0.0,0.08316296238848225,0.06677606903558857,0.04858260280748724,0.02526855826751486,0.005742320924767189,0.17974813558681357,0.08260834712268077,0.24981996184820487,0.007802413586575052,0.011716654816191637,0.13829797633858773,0.012475259010542904,0.06317269911242006,0.008678979429704307,0.2556171275924373,0,6859,0,25086,25471,26641,2954,50,6651,2570,5578,3502,552,21223,109,6254,3039,0,185,0,0,192,0,89,0,0,1,131159,7,0,4,0,41,0,0,0,5,0,0,0,2,0,0,0,0,0,1,0,0,0,0,0,2,1,0,0,0,0,0,0,0,0,0,0,0,13,0,0,0,0,0,0,0,1532,10,0,0,0,1,3,5,4,228,0,18,2314,57,159,5,0,0,0,0,2,0,0,0,0,0,0,0,0,0,3,0,0,0,55,0,0,0,291,4,0,1,1,0,0,0,2,0,2,1,0,0,63,1,1,0,0,57,0,0,0,0,0,0,0,1,2,136539,0.0,0.05023473146866463,0.0,0.1837277261441786,0.18654743333406573,0.19511641362541104,0.021634844256952227,0.0003661957389463816,0.048711357194647684,0.018822460981844015,0.040852796636858334,0.02564834955580457,0.004042800957968053,0.15543544335318113,0.0007983067109031119,0.045803763027413416,0.022257377013161075,136525,0.0,0.0013550631752426295,0.0,0.0,0.0014063358359274857,0.0,0.0006518952572788867,0.0,0.0,7.324665812122322e-06,0.9606958432521516,5.127266068485626e-05,0.0,2.929866324848929e-05,0.0,0.00030031129829701517,0.0,0.0,0.0,3.662332906061161e-05,0.0,0.0,0.0,1.4649331624244644e-05,0.0,0.0,0.0,0.0,0.0,7.324665812122322e-06,0.0,0.0,0.0,0.0,0.0,1.4649331624244644e-05,7.324665812122322e-06,0.0,0.0,0.0,0.0,0.0,0.0,0.0,0.0,0.0,0.0,0.0,9.522065555759019e-05,0.0,0.0,0.0,0.0,0.0,0.0,0.0,0.011221388024171396,7.324665812122322e-05,0.0,0.0,0.0,7.324665812122322e-06,2.1973997436366965e-05,3.662332906061161e-05,2.929866324848929e-05,0.0016700238051638894,0.0,0.00013184398461820178,0.01694927668925105,0.00041750595129097235,0.001164621864127449,3.662332906061161e-05,0.0,0.0,0.0,0.0,1.4649331624244644e-05,0.0,0.0,0.0,0.0,0.0,0.0,0.0,0.0,0.0,2.1973997436366965e-05,0.0,0.0,0.0,0.0004028566196667277,0.0,0.0,0.0,0.0021314777513275957,2.929866324848929e-05,0.0,7.324665812122322e-06,7.324665812122322e-06,0.0,0.0,0.0,1.4649331624244644e-05,0.0,1.4649331624244644e-05,7.324665812122322e-06,0.0,0.0,0.00046145394616370626,7.324665812122322e-06,7.324665812122322e-06,0.0,0.0,0.00041750595129097235,0.0,0.0,0.0,0.0,0.0,0.0,0.0,7.324665812122322e-06,1.4649331624244644e-05,0.15077323534913065,0.15623375006408424,1.0362167376876221
NY,ALY,Greene,36039,E,ec,-74.1227,42.2766,1701.9476925117267,Greene,3.6,61375.0,11.7,47062.0,6.0,0.28,27.65,46859,0.9956865411584718,27.532573536878623,0.0,0.016398852185941653,0.0,0.04683440379929621,0.017567785178204204,0.007894785471229413,0.0022840127030387507,0.0024719712148930724,0.45015218831753373,0.09263345186334994,0.23788208771221228,0.0032185255288313046,0.0044238886820993275,0.067931690808248,0.007734281573466171,0.03725063158811743,0.0053214433735385034,0.23842053114140976,0,929,0,20088,4732,1811,514,449,9682,2252,2442,8,382,2584,455,400,131,0,242,0,0,114,0,27,0,0,0,44372,0,0,2,0,28,0,0,0,2,0,0,0,0,0,0,0,0,0,0,0,3,0,0,0,5,0,0,0,0,0,0,0,0,0,0,0,0,0,1,0,0,0,0,0,0,613,2,0,0,0,0,0,22,7,147,0,11,1015,1,59,1,0,0,0,0,6,0,0,0,0,0,0,0,0,0,3,0,0,0,49,0,0,0,52,3,0,1,1,0,0,0,0,0,8,1,0,0,35,0,0,0,0,9,0,0,0,0,0,0,0,0,0,46859,0.0,0.01982543374805267,0.0,0.42869032629804305,0.10098380247124351,0.03864785846902409,0.010969077445101262,0.009581937301265499,0.20661985957873621,0.0480590708295098,0.05211378817302973,0.00017072494077978616,0.00815211592223479,0.05514415587187093,0.009709981006850337,0.008536247038989309,0.0027956209052689986,46842,0.0,0.005166303744502797,0.0,0.0,0.002433713334187268,0.0,0.0005764057896759318,0.0,0.0,0.0,0.9472695444259426,0.0,0.0,4.269672516118014e-05,0.0,0.0005977541522565219,0.0,0.0,0.0,4.269672516118014e-05,0.0,0.0,0.0,0.0,0.0,0.0,0.0,0.0,0.0,0.0,0.0,6.40450877417702e-05,0.0,0.0,0.0,0.00010674181290295034,0.0,0.0,0.0,0.0,0.0,0.0,0.0,0.0,0.0,0.0,0.0,0.0,0.0,2.134836258059007e-05,0.0,0.0,0.0,0.0,0.0,0.0,0.013086546261901711,4.269672516118014e-05,0.0,0.0,0.0,0.0,0.0,0.0004696639767729815,0.00014943853806413047,0.00313820929934674,0.0,0.00023483198838649075,0.02166858801929892,2.134836258059007e-05,0.001259553392254814,2.134836258059007e-05,0.0,0.0,0.0,0.0,0.0001280901754835404,0.0,0.0,0.0,0.0,0.0,0.0,0.0,0.0,0.0,6.40450877417702e-05,0.0,0.0,0.0,0.0010460697664489134,0.0,0.0,0.0,0.0011101148541906836,6.40450877417702e-05,0.0,2.134836258059007e-05,2.134836258059007e-05,0.0,0.0,0.0,0.0,0.0,0.00017078690064472056,2.134836258059007e-05,0.0,0.0,0.0007471926903206525,0.0,0.0,0.0,0.0,0.00019213526322531062,0.0,0.0,0.0,0.0,0.0,0.0,0.0,0.0,0.0,0.07566597238171417,0.06485413687872127,0.8571109950394856
NY,ALY,Ulster,36111,E,ec,-74.2585,41.8881,3001.914621065191,Ulster,3.2,77427.0,11.3,182333.0,3.0,0.36,60.74,177801,0.9751443786917343,59.2291995089819,0.0,0.02893775262345208,0.0,0.05279893762689174,0.021941082118974532,0.010379152963406683,0.0034704946584976975,0.0019102239641053918,0.48143541311549415,0.038735246730526404,0.21157384373224414,0.0026280921769129034,0.003454628513677515,0.06375974944663078,0.009669966226066818,0.06547239500354145,0.003833021099577721,0.11913750366915626,0,8177,0,34346,18652,14348,2203,574,26164,4404,7425,102,4489,41508,2161,8076,5172,0,884,0,0,393,0,147,0,0,5,169290,0,1,5,0,65,0,0,0,0,0,0,0,1,0,0,0,0,0,1,0,3,0,0,1,8,4,0,0,1,1,0,0,0,0,0,0,0,12,1,0,0,0,1,0,0,2124,5,0,0,0,0,1,91,30,385,0,17,3426,8,130,1,0,0,0,2,24,0,0,0,0,0,0,0,0,0,37,0,0,0,107,0,0,0,239,8,0,5,2,0,0,0,1,0,31,2,1,0,191,0,0,1,0,77,0,0,2,0,0,0,0,0,0,177801,0.0,0.04598961760620019,0.0,0.19317101703589967,0.10490379694152452,0.08069695895973589,0.012390256522741717,0.003228328299615863,0.1471532781030478,0.02476926451482275,0.04176017007778359,0.0005736750636948049,0.025247327067901754,0.23345200533180352,0.012154037378867385,0.045421566807835725,0.02908870028852481,177772,0.0,0.004972661611502374,0.0,0.0,0.0022106968476475483,0.0,0.0008269018743109151,0.0,0.0,2.8125914092207996e-05,0.9522871993339783,0.0,5.625182818441599e-06,2.8125914092207996e-05,0.0,0.00036563688319870397,0.0,0.0,0.0,0.0,0.0,0.0,0.0,5.625182818441599e-06,0.0,0.0,0.0,0.0,0.0,5.625182818441599e-06,0.0,1.68755484553248e-05,0.0,0.0,5.625182818441599e-06,4.500146254753279e-05,2.2500731273766396e-05,0.0,0.0,5.625182818441599e-06,5.625182818441599e-06,0.0,0.0,0.0,0.0,0.0,0.0,0.0,6.75021938212992e-05,5.625182818441599e-06,0.0,0.0,0.0,5.625182818441599e-06,0.0,0.0,0.011947888306369957,2.8125914092207996e-05,0.0,0.0,0.0,0.0,5.625182818441599e-06,0.0005118916364781856,0.00016875548455324798,0.0021656953851000157,0.0,9.562810791350719e-05,0.01927187633598092,4.500146254753279e-05,0.0007312737663974079,5.625182818441599e-06,0.0,0.0,0.0,1.1250365636883198e-05,0.0001350043876425984,0.0,0.0,0.0,0.0,0.0,0.0,0.0,0.0,0.0,0.00020813176428233917,0.0,0.0,0.0,0.0006018945615732512,0.0,0.0,0.0,0.0013444186936075423,4.500146254753279e-05,0.0,2.8125914092207996e-05,1.1250365636883198e-05,0.0,0.0,0.0,5.625182818441599e-06,0.0,0.0001743806673716896,1.1250365636883198e-05,5.625182818441599e-06,0.0,0.0010744099183223454,0.0,0.0,5.625182818441599e-06,0.0,0.00043313907702000314,0.0,0.0,1.1250365636883198e-05,0.0,0.0,0.0,0.0,0.0,0.0,0.0734297156726976,0.2456060427106709,3.3447772534681266
NY,ALY,Dutchess,36027,E,ec,-73.7428,41.7652,2134.600576598196,Dutchess,3.1,87370.0,9.7,297150.0,2.0,0.39,139.21,207224,0.697371697795726,97.07858335269557,0.0,0.029081320761389605,0.0,0.06451948353763584,0.057117692726112265,0.03736639222376219,0.011332347606722026,0.0033184070972316015,0.4992072366703772,0.01042212226490336,0.028721777541263267,0.005454194867373179,0.006415362515556349,0.13966485856563304,0.019620787155465814,0.08054399647024549,0.007214019996328785,0.11482498592539535,0,6576,0,46067,33697,27825,5059,1186,37094,527,2174,594,692,17976,467,22775,4515,0,281,0,0,247,0,87,0,0,0,201437,0,0,6,0,7,1,0,0,1,0,6,0,2,0,0,0,0,0,1,0,3,0,0,0,11,5,0,0,8,0,0,0,0,0,0,0,2,15,0,0,0,0,1,0,0,1315,2,0,0,0,0,1,11,4,375,0,6,2850,16,83,4,0,0,0,0,14,0,0,0,0,0,0,0,0,0,11,0,0,0,53,0,0,0,154,3,0,0,10,0,0,0,0,0,5,0,0,0,110,1,0,0,0,58,0,0,0,0,0,0,0,0,0,207224,0.0,0.03173377601050072,0.0,0.22230533142879202,0.16261147357448943,0.13427498745319075,0.024413195382774196,0.005723275296297726,0.17900436242906226,0.0025431417210361735,0.010491062811257383,0.002866463344014207,0.0033393815388178976,0.08674670887541984,0.0022535999691155463,0.10990522333320465,0.021788016832027177,207207,0.0,0.0013561317909143995,0.0,0.0,0.0011920446703055398,0.0,0.0004198699850873764,0.0,0.0,0.0,0.97215345041432,0.0,0.0,2.895655069568113e-05,0.0,3.378264247829465e-05,4.8260917826135215e-06,0.0,0.0,4.8260917826135215e-06,0.0,2.895655069568113e-05,0.0,9.652183565227043e-06,0.0,0.0,0.0,0.0,0.0,4.8260917826135215e-06,0.0,1.4478275347840565e-05,0.0,0.0,0.0,5.308700960874874e-05,2.413045891306761e-05,0.0,0.0,3.860873426090817e-05,0.0,0.0,0.0,0.0,0.0,0.0,0.0,9.652183565227043e-06,7.239137673920283e-05,0.0,0.0,0.0,0.0,4.8260917826135215e-06,0.0,0.0,0.006346310694136781,9.652183565227043e-06,0.0,0.0,0.0,0.0,4.8260917826135215e-06,5.308700960874874e-05,1.9304367130454086e-05,0.0018097844184800707,0.0,2.895655069568113e-05,0.013754361580448536,7.721746852181634e-05,0.0004005656179569223,1.9304367130454086e-05,0.0,0.0,0.0,0.0,6.75652849565893e-05,0.0,0.0,0.0,0.0,0.0,0.0,0.0,0.0,0.0,5.308700960874874e-05,0.0,0.0,0.0,0.00025578286447851663,0.0,0.0,0.0,0.0007432181345224824,1.4478275347840565e-05,0.0,0.0,4.826091782613522e-05,0.0,0.0,0.0,0.0,0.0,2.413045891306761e-05,0.0,0.0,0.0,0.0005308700960874874,4.8260917826135215e-06,0.0,0.0,0.0,0.00027991332339158425,0.0,0.0,0.0,0.0,0.0,0.0,0.0,0.0,0.0,0.15928564572109885,0.08900030884453539,0.5587465740658794
NY,ALY,Columbia,36021,E,ec,-73.6318,42.2501,1676.4437530129862,Columbia,2.8,69403.0,10.5,60470.0,6.0,0.36,36.07,87139,1.4410286092277163,51.978481141040106,0.0,0.019975119538237496,0.0,0.03683776941997222,0.03463540368576009,0.015288459528514714,0.0036543513204814653,0.002068369279222349,0.44293921760005917,0.03851272510734456,0.08124955446178717,0.004454578149680472,0.004039725125032092,0.19031784495109397,0.04854530768533988,0.06999653217174487,0.00748504197572949,0.13400814985683898,0,5934,0,9064,11311,10403,845,8,15543,3174,2472,129,39,21972,856,4238,1151,0,159,0,0,146,0,54,0,0,1,84607,0,0,8,0,11,1,0,1,0,0,0,0,0,0,0,0,0,0,0,0,3,0,0,0,0,1,0,0,1,1,0,0,0,0,0,0,2,3,0,0,0,0,0,0,0,567,0,0,0,0,0,1,4,6,176,0,2,1159,1,72,1,0,0,0,0,2,0,0,0,0,0,0,0,0,0,3,0,0,0,31,0,0,0,44,1,0,0,2,0,0,0,0,0,3,0,0,0,40,0,0,0,0,16,0,0,2,0,0,0,0,0,0,87139,0.0,0.06809809614523922,0.0,0.1040177188170624,0.12980410608338402,0.11938397273321934,0.009697150529613606,9.180734229219982e-05,0.17837019015595773,0.03642456305443028,0.028368468768289745,0.0014803933944617222,0.00044756079367447413,0.2521488656055268,0.00982338562526538,0.04863493957929285,0.013208781372290248,87132,0.0,0.0018248175182481751,0.0,0.0,0.0016756186016618465,0.0,0.000619749345820135,0.0,0.0,1.1476839737409908e-05,0.97102097966304,0.0,0.0,9.181471789927926e-05,0.0,0.00012624523711150898,1.1476839737409908e-05,0.0,1.1476839737409908e-05,0.0,0.0,0.0,0.0,0.0,0.0,0.0,0.0,0.0,0.0,0.0,0.0,3.443051921222972e-05,0.0,0.0,0.0,0.0,1.1476839737409908e-05,0.0,0.0,1.1476839737409908e-05,1.1476839737409908e-05,0.0,0.0,0.0,0.0,0.0,0.0,2.2953679474819815e-05,3.443051921222972e-05,0.0,0.0,0.0,0.0,0.0,0.0,0.0,0.006507368131111417,0.0,0.0,0.0,0.0,0.0,1.1476839737409908e-05,4.590735894963963e-05,6.886103842445945e-05,0.0020199237937841437,0.0,2.2953679474819815e-05,0.013301657255658081,1.1476839737409908e-05,0.0008263324610935132,1.1476839737409908e-05,0.0,0.0,0.0,0.0,2.2953679474819815e-05,0.0,0.0,0.0,0.0,0.0,0.0,0.0,0.0,0.0,3.443051921222972e-05,0.0,0.0,0.0,0.0003557820318597071,0.0,0.0,0.0,0.0005049809484460359,1.1476839737409908e-05,0.0,0.0,2.2953679474819815e-05,0.0,0.0,0.0,0.0,0.0,3.443051921222972e-05,0.0,0.0,0.0,0.00045907358949639625,0.0,0.0,0.0,0.0,0.00018362943579855852,0.0,0.0,2.2953679474819815e-05,0.0,0.0,0.0,0.0,0.0,0.0,0.23886315263643385,0.26197225123079215,1.096746184328949
NY,ALY,Rensselaer,36083,E,ec,-73.5097,42.7111,1720.584436136805,Rensselaer,3.1,74106.0,12.3,159305.0,2.0,0.35,92.59,83583,0.5246727974639842,48.578261109735074,0.0,0.017856089133185413,0.0,0.042886154768438475,0.0385012457068675,0.02985048906592612,0.010001686704331174,0.00296243766896417,0.269613682044223,0.06697678353317037,0.27128054279503094,0.006001638661978708,0.007990174294521552,0.13165850033707976,0.041987971657100845,0.055037736745663264,0.007394866883518705,0.14350628065522106,0,14285,0,15756,19664,9334,2891,230,3043,1340,5162,127,3336,3000,279,2487,2649,0,112,0,0,211,0,41,0,0,0,79745,0,1,0,0,55,0,0,0,0,0,0,0,0,0,0,0,0,0,0,0,1,0,0,0,2,0,0,0,0,0,0,0,0,2,0,0,0,9,0,0,0,0,0,0,0,1527,15,0,0,0,0,0,18,20,206,0,26,1251,4,108,7,0,0,0,0,2,0,0,0,0,0,0,0,0,0,6,0,0,0,31,0,0,0,101,5,0,0,3,0,0,0,0,0,13,6,0,0,39,0,0,3,0,10,0,0,1,0,0,0,0,0,0,83583,0.0,0.17090795975258127,0.0,0.18850723233193353,0.23526315159781294,0.11167342641446228,0.03458837323379156,0.0027517557398035485,0.03640692485313999,0.016031968223203283,0.06175897012550399,0.0015194477345871768,0.039912422382541904,0.03589246617135063,0.003337999353935609,0.029754854456049674,0.03169304762930261,83581,0.0,0.001340017468084852,0.0,0.0,0.002524497194338426,0.0,0.0004905421088524905,0.0,0.0,0.0,0.9541044017180939,0.0,1.1964441679329034e-05,0.0,0.0,0.0006580442923630968,0.0,0.0,0.0,0.0,0.0,0.0,0.0,0.0,0.0,0.0,0.0,0.0,0.0,0.0,0.0,1.1964441679329034e-05,0.0,0.0,0.0,2.3928883358658067e-05,0.0,0.0,0.0,0.0,0.0,0.0,0.0,0.0,2.3928883358658067e-05,0.0,0.0,0.0,0.00010767997511396131,0.0,0.0,0.0,0.0,0.0,0.0,0.0,0.018269702444335435,0.0001794666251899355,0.0,0.0,0.0,0.0,0.0,0.00021535995022792262,0.0002392888335865807,0.002464674985941781,0.0,0.0003110754836625549,0.014967516540840622,4.7857766717316134e-05,0.0012921597013675356,8.375109175530324e-05,0.0,0.0,0.0,0.0,2.3928883358658067e-05,0.0,0.0,0.0,0.0,0.0,0.0,0.0,0.0,0.0,7.17866500759742e-05,0.0,0.0,0.0,0.00037089769205920006,0.0,0.0,0.0,0.0012084086096122324,5.982220839664517e-05,0.0,0.0,3.58933250379871e-05,0.0,0.0,0.0,0.0,0.0,0.00015553774183127745,7.17866500759742e-05,0.0,0.0,0.0004666132254938323,0.0,0.0,3.58933250379871e-05,0.0,0.00011964441679329035,0.0,0.0,1.1964441679329034e-05,0.0,0.0,0.0,0.0,0.0,0.0,0.1736464719941806,0.039230465525286244,0.2259214660381984
NY,ALY,Saratoga,36091,E,ec,-73.8639,43.1074,2181.0587891529167,Saratoga,2.7,87154.0,7.7,238711.0,2.0,0.43,109.45,143467,0.6010070755013385,65.77860290309734,0.0,0.037019782685794006,0.0,0.06418055722034872,0.04714323550939994,0.021491278474656768,0.006907278365913164,0.003237181744749929,0.23111228642076606,0.17692996211685902,0.13145865951265565,0.006690614973911833,0.007574980568259472,0.08940289463939344,0.030614207763716626,0.1359286806723485,0.010308399331226839,0.2103655502129602,0,5451,0,19008,13617,13149,5331,953,8309,2960,32637,458,151,12222,883,20958,7380,0,184,1,0,157,0,72,0,0,7,138925,0,0,1,0,68,0,0,0,4,0,0,0,0,0,0,0,0,0,1,0,0,0,0,0,6,1,0,0,0,0,0,0,0,5,1,0,0,2,0,0,0,0,0,0,0,1372,35,0,0,0,0,1,14,4,242,0,20,1824,6,80,21,0,0,0,0,9,0,0,0,0,0,0,0,0,0,7,0,0,0,26,0,0,0,192,3,0,3,5,0,0,0,0,0,8,0,0,0,66,0,0,2,0,73,0,0,1,0,0,1,0,0,0,143467,0.0,0.03799480019795493,0.0,0.1324903984888511,0.09491381293259077,0.09165173872737284,0.03715837091456572,0.006642642558915988,0.05791575763067465,0.02063192232360055,0.22748785434978078,0.0031923717649354902,0.0010525068482647578,0.08519032251319118,0.006154725476938947,0.1460823743439258,0.051440400928436505,143450,0.0,0.0012826768909027537,6.9710700592540955e-06,0.0,0.0010944579993028929,0.0,0.0005019170442662949,0.0,0.0,4.8797490414778666e-05,0.9684559079818752,0.0,0.0,6.9710700592540955e-06,0.0,0.0004740327640292785,0.0,0.0,0.0,2.7884280237016382e-05,0.0,0.0,0.0,0.0,0.0,0.0,0.0,0.0,0.0,6.9710700592540955e-06,0.0,0.0,0.0,0.0,0.0,4.1826420355524574e-05,6.9710700592540955e-06,0.0,0.0,0.0,0.0,0.0,0.0,0.0,3.4855350296270476e-05,6.9710700592540955e-06,0.0,0.0,1.3942140118508191e-05,0.0,0.0,0.0,0.0,0.0,0.0,0.0,0.009564308121296619,0.00024398745207389336,0.0,0.0,0.0,0.0,6.9710700592540955e-06,9.759498082955733e-05,2.7884280237016382e-05,0.0016869989543394912,0.0,0.0001394214011850819,0.01271523178807947,4.1826420355524574e-05,0.0005576856047403276,0.000146392471244336,0.0,0.0,0.0,0.0,6.273963053328686e-05,0.0,0.0,0.0,0.0,0.0,0.0,0.0,0.0,0.0,4.8797490414778666e-05,0.0,0.0,0.0,0.00018124782154060648,0.0,0.0,0.0,0.0013384454513767864,2.0913210177762287e-05,0.0,2.0913210177762287e-05,3.4855350296270476e-05,0.0,0.0,0.0,0.0,0.0,5.5768560474032764e-05,0.0,0.0,0.0,0.0004600906239107703,0.0,0.0,1.3942140118508191e-05,0.0,0.000508888114325549,0.0,0.0,6.9710700592540955e-06,0.0,0.0,6.9710700592540955e-06,0.0,0.0,0.0,0.12001710240311006,0.09134504799013013,0.7611002612221295
NY,BTV,St. Lawrence,36089,E,nn,-75.0625,44.4921,7154.9652827141035,St. Lawrence,4.2,55531.0,15.0,106940.0,4.0,0.24,14.95,78348,0.7326351224985973,10.950157953845464,0.0,0.03199664004526801,0.0,0.02942382951995375,0.008759630937189884,0.004758889859308172,0.0012766773602464435,0.0012608616737464877,0.4262749263378125,0.09301820285099088,0.04334389302370068,0.010601154243863325,0.009620707202187485,0.1117189969239745,0.03344641130776397,0.17770379830029068,0.016795380413703213,0.4406398616515348,0,3437,0,30292,10856,4129,901,69,11545,2219,1496,164,595,3531,126,7074,1914,0,131,0,0,175,0,35,0,0,0,75105,0,0,7,0,7,1,0,0,4,0,0,0,1,0,0,0,0,0,0,0,2,1,0,0,0,0,0,0,0,0,0,0,0,0,0,0,0,19,0,0,0,0,0,0,0,874,1,0,0,0,0,0,6,1,256,0,26,1134,6,260,0,0,0,0,0,8,0,0,0,0,0,0,0,0,0,3,0,0,0,53,0,0,0,108,0,0,1,1,0,0,0,0,0,6,1,0,0,39,0,0,0,0,44,0,0,3,0,0,0,0,0,0,78348,0.0,0.04386838209016184,0.0,0.38663399193342524,0.13856129065196304,0.05270077091948742,0.011499974472864655,0.0008806861693980701,0.1473553887782713,0.028322356665135037,0.019094297237963957,0.002093225098279471,0.0075943227650993005,0.045068157451370806,0.0016082095267269108,0.09028947771481084,0.02442946852504212,78319,0.0,0.0016726464842503096,0.0,0.0,0.0022344514102580473,0.0,0.00044689028205160947,0.0,0.0,0.0,0.9589627038138894,0.0,0.0,8.937805641032189e-05,0.0,8.937805641032189e-05,1.2768293772903128e-05,0.0,0.0,5.107317509161251e-05,0.0,0.0,0.0,1.2768293772903128e-05,0.0,0.0,0.0,0.0,0.0,0.0,0.0,2.5536587545806256e-05,1.2768293772903128e-05,0.0,0.0,0.0,0.0,0.0,0.0,0.0,0.0,0.0,0.0,0.0,0.0,0.0,0.0,0.0,0.0002425975816851594,0.0,0.0,0.0,0.0,0.0,0.0,0.0,0.011159488757517332,1.2768293772903128e-05,0.0,0.0,0.0,0.0,0.0,7.660976263741876e-05,1.2768293772903128e-05,0.0032686832058632007,0.0,0.0003319756380954813,0.014479245138472145,7.660976263741876e-05,0.003319756380954813,0.0,0.0,0.0,0.0,0.0,0.00010214635018322502,0.0,0.0,0.0,0.0,0.0,0.0,0.0,0.0,0.0,3.830488131870938e-05,0.0,0.0,0.0,0.0006767195699638657,0.0,0.0,0.0,0.0013789757274735377,0.0,0.0,1.2768293772903128e-05,1.2768293772903128e-05,0.0,0.0,0.0,0.0,0.0,7.660976263741876e-05,1.2768293772903128e-05,0.0,0.0,0.000497963457143222,0.0,0.0,0.0,0.0,0.0005618049260077376,0.0,0.0,3.830488131870938e-05,0.0,0.0,0.0,0.0,0.0,0.0,0.14516540823173846,0.04667636697809772,0.32153918448384566
NY,OKX,Nassau,36059,E,se,-73.5885,40.7411,750.7324147680895,Nassau,2.9,125118.0,6.1,1381715.0,1.0,0.48,1840.49,245085,0.17737738969324354,326.4611933343917,0.0,0.021555099489679846,0.0,0.17033940720482973,0.18530776065002957,0.3380877003503512,0.11334208213496304,0.006640627806341764,0.05006214363201391,0.002399534461577514,0.0472782526024891,0.0012428726402781735,0.0029179967479363287,0.003419695819493703,0.00016882952050021433,0.007569788855335851,0.04966820808418008,0.004004004004004004,0,17258,0,24742,29658,71944,17359,6063,25964,99,13944,496,202,3734,0,28602,5019,0,140,0,0,101,0,192,0,1,1,237634,0,0,26,16,19,1,0,0,11,0,4,0,1,2,0,0,0,0,0,0,1,2,0,0,1,6,0,3,1,0,0,0,0,0,0,1,0,49,0,0,0,1,0,0,0,2400,0,0,0,0,0,4,3,22,374,0,4,3389,83,211,6,0,0,14,0,2,0,0,0,0,0,1,0,0,0,4,3,0,0,97,0,0,0,90,4,0,1,12,0,0,0,0,1,4,1,2,0,41,2,0,1,1,47,0,0,0,0,0,3,0,0,0,245084,0.0,0.0704166734670562,0.0,0.1009531425960079,0.12101157154281797,0.29354833444859724,0.0708287770723507,0.02473845701881804,0.10593918819669991,0.0004039431378629368,0.056894778932937276,0.002023795923030471,0.0008242072105890225,0.015235592694749556,0.0,0.11670284473894664,0.02047869301953616,245041,0.0,0.0005713329606065923,0.0,0.0,0.0004121759215804702,0.0,0.0007835423459747553,0.0,4.0809497186185165e-06,4.0809497186185165e-06,0.9697724054341926,0.0,0.0,0.00010610469268408144,6.529519549789626e-05,7.753804465375182e-05,4.0809497186185165e-06,0.0,0.0,4.489044690480368e-05,0.0,1.6323798874474066e-05,0.0,4.0809497186185165e-06,8.161899437237033e-06,0.0,0.0,0.0,0.0,0.0,0.0,4.0809497186185165e-06,8.161899437237033e-06,0.0,0.0,4.0809497186185165e-06,2.4485698311711102e-05,0.0,1.2242849155855551e-05,4.0809497186185165e-06,0.0,0.0,0.0,0.0,0.0,0.0,4.0809497186185165e-06,0.0,0.00019996653621230732,0.0,0.0,0.0,4.0809497186185165e-06,0.0,0.0,0.0,0.00979427932468444,0.0,0.0,0.0,0.0,0.0,1.6323798874474066e-05,1.2242849155855551e-05,8.978089380960737e-05,0.0015262751947633254,0.0,1.6323798874474066e-05,0.013830338596398154,0.0003387188266453369,0.000861080390628507,2.4485698311711102e-05,0.0,0.0,5.7133296060659234e-05,0.0,8.161899437237033e-06,0.0,0.0,0.0,0.0,0.0,4.0809497186185165e-06,0.0,0.0,0.0,1.6323798874474066e-05,1.2242849155855551e-05,0.0,0.0,0.00039585212270599617,0.0,0.0,0.0,0.0003672854746756665,1.6323798874474066e-05,0.0,4.0809497186185165e-06,4.8971396623422205e-05,0.0,0.0,0.0,0.0,4.0809497186185165e-06,1.6323798874474066e-05,4.0809497186185165e-06,8.161899437237033e-06,0.0,0.0001673189384633592,8.161899437237033e-06,0.0,4.0809497186185165e-06,4.0809497186185165e-06,0.0001918046367750703,0.0,0.0,0.0,0.0,0.0,1.2242849155855551e-05,0.0,0.0,0.0,0.003588525339993917,0.015235592694749556,4.245641663707851
NY,BUF,Chautauqua,36013,E,ww,-79.3664,42.2282,2805.627083607797,Chautauqua,4.0,48102.0,17.2,124891.0,4.0,0.24,44.51,96723,0.7744593285344821,34.474645816300885,0.0,0.02271579363394087,0.0,0.05219844363584653,0.02565051082911606,0.010827034244559339,0.0030692344080938366,0.0010425084001195282,0.38794668122014797,0.027598127904731068,0.11723463357030782,0.003539404095152352,0.0036425339583899827,0.18742763694572903,0.09043592224520758,0.05846758631601232,0.008203948592645689,0.3921149605736502,0,2182,0,25704,20350,8090,5874,324,9636,638,7459,73,2373,7946,1671,3066,1337,0,136,0,0,89,0,47,0,0,0,94011,0,0,2,0,33,0,0,0,0,0,5,0,1,0,4,0,0,0,1,0,2,0,0,0,2,3,0,0,1,0,0,0,0,0,0,0,0,9,0,0,0,0,0,0,0,670,34,0,0,0,0,0,14,2,272,0,6,1023,14,85,2,0,0,0,0,8,0,0,1,0,0,0,0,0,0,2,0,0,0,61,1,0,0,118,1,0,1,1,0,0,0,0,0,3,5,0,0,20,0,0,0,0,4,0,0,0,0,0,0,0,0,0,96723,0.0,0.022559267185674556,0.0,0.26574858099934867,0.2103946320937109,0.08364091270948999,0.06073012623677926,0.0033497720294035547,0.09962470146707608,0.006596156033208234,0.07711712829420096,0.0007547325868717885,0.02453397847461307,0.08215212514086619,0.017276139077572035,0.031698768648615115,0.013822979022569607,96694,0.0,0.001406498852048731,0.0,0.0,0.0009204293958260078,0.0,0.0004860694562227232,0.0,0.0,0.0,0.9722526733820093,0.0,0.0,2.0683806647775456e-05,0.0,0.000341282809688295,0.0,0.0,0.0,0.0,0.0,5.1709516619438644e-05,0.0,1.0341903323887728e-05,0.0,4.136761329555091e-05,0.0,0.0,0.0,1.0341903323887728e-05,0.0,2.0683806647775456e-05,0.0,0.0,0.0,2.0683806647775456e-05,3.102570997166319e-05,0.0,0.0,1.0341903323887728e-05,0.0,0.0,0.0,0.0,0.0,0.0,0.0,0.0,9.307712991498955e-05,0.0,0.0,0.0,0.0,0.0,0.0,0.0,0.006929075227004778,0.00035162471301218275,0.0,0.0,0.0,0.0,0.0,0.0001447866465344282,2.0683806647775456e-05,0.002812997704097462,0.0,6.205141994332638e-05,0.010579767100337147,0.0001447866465344282,0.0008790617825304569,2.0683806647775456e-05,0.0,0.0,0.0,0.0,8.273522659110183e-05,0.0,0.0,1.0341903323887728e-05,0.0,0.0,0.0,0.0,0.0,0.0,2.0683806647775456e-05,0.0,0.0,0.0,0.0006308561027571514,1.0341903323887728e-05,0.0,0.0,0.0012203445922187518,1.0341903323887728e-05,0.0,1.0341903323887728e-05,1.0341903323887728e-05,0.0,0.0,0.0,0.0,0.0,3.102570997166319e-05,5.1709516619438644e-05,0.0,0.0,0.00020683806647775458,0.0,0.0,0.0,0.0,4.136761329555091e-05,0.0,0.0,0.0,0.0,0.0,0.0,0.0,0.0,0.0,0.27786355919093664,0.09942826421843823,0.3578312482138586
NY,OKX,Suffolk,36103,E,se,-72.8573,40.878,2414.3055076609553,Suffolk,3.2,112681.0,6.4,1523170.0,1.0,0.39,630.89,521751,0.3425428547043337,216.10810990755124,0.0,0.03267127054030921,0.0,0.19636418330758873,0.20176478099954617,0.13710392297242105,0.04226472161754342,0.01937081882755727,0.14672231821381915,0.054960556575039676,0.043573731784710266,0.0033157123290068237,0.012903578891875983,0.03885481714624615,0.018639992047651543,0.0181802003649294,0.03330939438175517,0.031017088537923086,0,46375,0,66520,96227,80978,18560,34038,60597,3233,15817,1286,12921,18645,949,23058,42547,0,251,0,0,178,0,270,0,1,0,510669,1,1,78,1,13,0,0,0,6,1,8,0,1,3,0,3,0,1,0,1,1,4,1,2,3,3,1,11,0,0,1,19,3,0,0,4,0,151,1,0,10,0,10,3,8,4331,1,2,3,1,0,0,12,5,576,3,4,3551,132,513,5,3,1,56,0,4,1,0,19,2,0,0,3,0,0,2,5,0,0,140,0,0,1,96,0,6,1,5,0,0,0,0,2,3,1,0,5,105,1,0,0,0,186,0,0,3,1,1,15,0,0,3,521751,0.0,0.08888339456944021,0.0,0.12749376618348598,0.18443088753064202,0.15520430243545294,0.035572524058411006,0.06523801583513975,0.11614160777842304,0.006196442364269546,0.030315226995252523,0.0024647772596506764,0.024764686603379774,0.035735437018807825,0.0018188752872538817,0.044193494597997894,0.08154656148239295,521533,0.0,0.00048127347646265915,0.0,0.0,0.0003413015092045949,0.0,0.0005177045364339361,0.0,1.9174242090145784e-06,0.0,0.9791691033932656,1.9174242090145784e-06,1.9174242090145784e-06,0.0001495590883031371,1.9174242090145784e-06,2.4926514717189516e-05,0.0,0.0,0.0,1.150454525408747e-05,1.9174242090145784e-06,1.5339393672116627e-05,0.0,1.9174242090145784e-06,5.752272627043735e-06,0.0,5.752272627043735e-06,0.0,1.9174242090145784e-06,0.0,1.9174242090145784e-06,1.9174242090145784e-06,7.669696836058314e-06,1.9174242090145784e-06,3.834848418029157e-06,5.752272627043735e-06,5.752272627043735e-06,1.9174242090145784e-06,2.109166629916036e-05,0.0,0.0,1.9174242090145784e-06,3.6431059971276986e-05,5.752272627043735e-06,0.0,0.0,7.669696836058314e-06,0.0,0.0002895310555612013,1.9174242090145784e-06,0.0,1.917424209014578e-05,0.0,1.917424209014578e-05,5.752272627043735e-06,1.5339393672116627e-05,0.008304364249242139,1.9174242090145784e-06,3.834848418029157e-06,5.752272627043735e-06,1.9174242090145784e-06,0.0,0.0,2.300909050817494e-05,9.58712104507289e-06,0.001104436344392397,5.752272627043735e-06,7.669696836058314e-06,0.006808773366210767,0.0002530999955899243,0.0009836386192244786,9.58712104507289e-06,5.752272627043735e-06,1.9174242090145784e-06,0.00010737575570481637,0.0,7.669696836058314e-06,1.9174242090145784e-06,0.0,3.6431059971276986e-05,3.834848418029157e-06,0.0,0.0,5.752272627043735e-06,0.0,0.0,3.834848418029157e-06,9.58712104507289e-06,0.0,0.0,0.00026843938926204093,0.0,0.0,1.9174242090145784e-06,0.0001840727240653995,0.0,1.150454525408747e-05,1.9174242090145784e-06,9.58712104507289e-06,0.0,0.0,0.0,0.0,3.834848418029157e-06,5.752272627043735e-06,1.9174242090145784e-06,0.0,9.58712104507289e-06,0.0002013295419465307,1.9174242090145784e-06,0.0,0.0,0.0,0.0003566409028767115,0.0,0.0,5.752272627043735e-06,1.9174242090145784e-06,1.9174242090145784e-06,2.8761363135218674e-05,0.0,0.0,5.752272627043735e-06,0.05749480919389769,0.03755431230606171,0.6531774404087873
NY,OKX,Queens,36081,E,se,-73.8191,40.7104,297.8483324850231,Queens,5.3,72807.0,13.6,2252196.0,1.0,0.35,7561.55,210028,0.09325476113091401,705.1508338075419,0.0,0.06203660395008827,0.0,0.03292243161277668,0.08426150851728352,0.31202981426437526,0.4476756642575856,0.009849570740981034,0.017161307844350226,3.6211657135959684e-05,0.00044661043801016943,0.001876970894880577,0.003108167237503206,0.0003319401904129638,0.0011346319235934035,0.005818006246510856,0.021310560224512273,0.0,0,25075,0,12401,23744,23802,50770,10659,43724,62,126,3369,1768,56,1424,9921,3127,0,925,1,1,314,1,182,0,0,17,197577,2,1,80,10,36,2,1,0,5,0,14,0,4,1,0,0,0,0,1,0,6,2,0,1,5,26,0,3,2,0,0,1,0,4,1,0,2,82,0,0,0,0,0,0,0,2776,2,0,0,0,0,1,22,95,601,0,0,6124,121,407,14,1,1,21,0,50,0,0,0,0,0,0,0,3,0,7,1,0,0,67,2,1,0,77,10,0,7,34,0,0,0,0,0,120,0,0,0,40,9,1,3,0,52,0,0,5,0,0,3,0,0,2,210028,0.0,0.1193888433923096,0.0,0.05904450835126745,0.11305159312091721,0.11332774677662026,0.24172967413868626,0.05075037614032415,0.2081817662406917,0.0002951987354067077,0.0005999200106652446,0.01604071838040642,0.008417925229017083,0.0002666311158512198,0.006780048374502448,0.047236558934999145,0.014888491058335078,209990,0.0,0.004404971665317396,4.7621315300728604e-06,4.7621315300728604e-06,0.0014953093004428783,4.7621315300728604e-06,0.0008667079384732607,0.0,0.0,8.095623601123863e-05,0.9408876613172056,9.524263060145721e-06,4.7621315300728604e-06,0.00038097052240582883,4.7621315300728604e-05,0.000171436735082623,9.524263060145721e-06,4.7621315300728604e-06,0.0,2.3810657650364302e-05,0.0,6.666984142102005e-05,0.0,1.9048526120291442e-05,4.7621315300728604e-06,0.0,0.0,0.0,0.0,4.7621315300728604e-06,0.0,2.8572789180437163e-05,9.524263060145721e-06,0.0,4.7621315300728604e-06,2.3810657650364302e-05,0.00012381541978189438,0.0,1.4286394590218581e-05,9.524263060145721e-06,0.0,0.0,4.7621315300728604e-06,0.0,1.9048526120291442e-05,4.7621315300728604e-06,0.0,9.524263060145721e-06,0.00039049478546597456,0.0,0.0,0.0,0.0,0.0,0.0,0.0,0.013219677127482262,9.524263060145721e-06,0.0,0.0,0.0,0.0,4.7621315300728604e-06,0.00010476689366160294,0.00045240249535692174,0.002862041049573789,0.0,0.0,0.0291632934901662,0.0005762179151388161,0.0019381875327396543,6.666984142102005e-05,4.7621315300728604e-06,4.7621315300728604e-06,0.00010000476213153007,0.0,0.00023810657650364303,0.0,0.0,0.0,0.0,0.0,0.0,0.0,1.4286394590218581e-05,0.0,3.3334920710510026e-05,4.7621315300728604e-06,0.0,0.0,0.00031906281251488166,9.524263060145721e-06,4.7621315300728604e-06,0.0,0.00036668412781561024,4.7621315300728604e-05,0.0,3.3334920710510026e-05,0.00016191247202247726,0.0,0.0,0.0,0.0,0.0,0.0005714557836087432,0.0,0.0,0.0,0.00019048526120291442,4.285918377065575e-05,4.7621315300728604e-06,1.4286394590218581e-05,0.0,0.00024763083956378876,0.0,0.0,2.3810657650364302e-05,0.0,0.0,1.4286394590218581e-05,0.0,0.0,9.524263060145721e-06,0.0014665721140063673,0.0070466794903536675,4.804863956606687
NY,OKX,Kings,36047,E,se,-73.9472,40.6447,183.26984433773134,Kings,5.9,66943.0,19.2,2561225.0,1.0,0.4,13975.16,515475,0.20126111528663043,2812.6558510634077,0.0,0.03101090752148154,0.0,0.02410542629575862,0.045346647310393534,0.19128869619806177,0.6518715423549261,0.004732804959391062,0.018117079295327028,0.00036293012123827834,0.00041687919331423863,0.006341468199474242,0.010603444893475105,0.0006179620983246361,4.904461097814572e-06,0.0018097461450935772,0.013369560952642523,0.0,0,25037,0,36104,126639,15584,66880,5970,8426,586,24,955,33489,170391,8,148,25234,0,819,1,2,69,0,238,1,3,0,499022,0,0,81,1,78,12,0,0,36,20,0,0,1,16,0,1,0,0,4,0,4,2,0,1,20,19,1,3,1,0,0,0,1,3,1,6,0,154,0,4,0,0,0,0,0,7505,3,0,0,0,0,5,44,49,437,0,0,5109,254,607,3,0,0,26,1,29,0,0,0,0,0,0,0,1,0,5,1,5,0,42,1,1,0,73,10,0,5,26,0,1,0,0,0,56,0,0,0,104,4,0,0,2,333,4,0,7,0,0,1,0,1,1,515475,0.0,0.04857073572918182,0.0,0.0700402541345361,0.245674378000873,0.030232310005334884,0.12974441049517435,0.011581550996653572,0.01634608855909598,0.001136815558465493,4.65589989815219e-05,0.0018526601678063922,0.06496726320384112,0.3305514331441874,1.5519666327173967e-05,0.0002871138270527184,0.04895290751248848,515381,0.0,0.0015891156251394598,1.9403121186073993e-06,3.8806242372147985e-06,0.00013388153618391053,0.0,0.000461794284228561,1.9403121186073993e-06,5.820936355822197e-06,0.0,0.9682584340517015,0.0,0.0,0.00015716528160719933,1.9403121186073993e-06,0.00015134434525137714,2.328374542328879e-05,0.0,0.0,6.985123626986638e-05,3.880624237214798e-05,0.0,0.0,1.9403121186073993e-06,3.104499389771839e-05,0.0,1.9403121186073993e-06,0.0,0.0,7.761248474429597e-06,0.0,7.761248474429597e-06,3.8806242372147985e-06,0.0,1.9403121186073993e-06,3.880624237214798e-05,3.686593025354059e-05,1.9403121186073993e-06,5.820936355822197e-06,1.9403121186073993e-06,0.0,0.0,0.0,1.9403121186073993e-06,5.820936355822197e-06,1.9403121186073993e-06,1.1641872711644395e-05,0.0,0.00029880806626553946,0.0,7.761248474429597e-06,0.0,0.0,0.0,0.0,0.0,0.01456204245014853,5.820936355822197e-06,0.0,0.0,0.0,0.0,9.701560593036995e-06,8.537373321872556e-05,9.507529381176256e-05,0.0008479163958314335,0.0,0.0,0.009913054613965203,0.0004928392781262794,0.0011777694559946914,5.820936355822197e-06,0.0,0.0,5.044811508379238e-05,1.9403121186073993e-06,5.626905143961458e-05,0.0,0.0,0.0,0.0,0.0,0.0,0.0,1.9403121186073993e-06,0.0,9.701560593036995e-06,1.9403121186073993e-06,9.701560593036995e-06,0.0,8.149310898151076e-05,1.9403121186073993e-06,1.9403121186073993e-06,0.0,0.00014164278465834013,1.940312118607399e-05,0.0,9.701560593036995e-06,5.044811508379238e-05,0.0,1.9403121186073993e-06,0.0,0.0,0.0,0.00010865747864201436,0.0,0.0,0.0,0.00020179246033516951,7.761248474429597e-06,0.0,0.0,3.8806242372147985e-06,0.000646123935496264,7.761248474429597e-06,0.0,1.3582184830251795e-05,0.0,0.0,1.9403121186073993e-06,0.0,1.9403121186073993e-06,1.9403121186073993e-06,0.0006228665594224507,0.33056695281051457,530.7187355138007
NY,BUF,Jefferson,36045,E,cc,-75.9102,44.0409,3312.82237963602,Jefferson,4.1,59430.0,12.4,114787.0,3.0,0.25,34.65,63206,0.5506372672863652,19.079199774949736,0.0,0.013273634468448649,0.0,0.03144954205052804,0.02839039999305911,0.016779596175896194,0.005231151897261847,0.0025025153939943427,0.2753436620611888,0.047709927286066794,0.02242909923815623,0.024561253198976545,0.019749536980426426,0.2761383394847855,0.09718191822820825,0.12062476666009632,0.018634656882906952,0.4460797450528828,0,2594,0,12670,10582,11229,707,616,6518,845,383,509,324,8391,1493,4956,1389,0,27,0,0,35,0,21,0,0,0,61800,0,0,3,0,5,0,0,0,0,2,0,0,1,0,0,0,0,0,0,0,0,0,0,0,0,1,0,0,0,0,0,0,0,0,0,0,0,7,0,0,0,0,0,0,0,359,0,0,0,0,0,2,4,0,113,0,0,657,7,44,0,0,0,0,0,0,0,0,0,0,0,0,0,0,0,0,0,0,0,14,0,0,0,29,0,0,0,1,0,0,0,0,0,2,0,0,0,22,0,0,0,0,18,0,0,0,0,0,1,0,0,0,63206,0.0,0.04104040755624466,0.0,0.20045565294434073,0.167420814479638,0.17765718444451475,0.011185646932253266,0.009745910198398886,0.10312312122266873,0.013368983957219251,0.006059551308420087,0.008053032939910767,0.00512609562383318,0.1327563838876056,0.023621175204885613,0.07841027750530014,0.02197576179476632,63175,0.0,0.00042738425009893153,0.0,0.0,0.000554016620498615,0.0,0.000332409972299169,0.0,0.0,0.0,0.9782350613375544,0.0,0.0,4.748713889988128e-05,0.0,7.914523149980213e-05,0.0,0.0,0.0,0.0,3.1658092599920855e-05,0.0,0.0,1.5829046299960428e-05,0.0,0.0,0.0,0.0,0.0,0.0,0.0,0.0,0.0,0.0,0.0,0.0,1.5829046299960428e-05,0.0,0.0,0.0,0.0,0.0,0.0,0.0,0.0,0.0,0.0,0.0,0.00011080332409972299,0.0,0.0,0.0,0.0,0.0,0.0,0.0,0.005682627621685793,0.0,0.0,0.0,0.0,0.0,3.1658092599920855e-05,6.331618519984171e-05,0.0,0.0017886822318955284,0.0,0.0,0.010399683419074001,0.00011080332409972299,0.0006964780371982588,0.0,0.0,0.0,0.0,0.0,0.0,0.0,0.0,0.0,0.0,0.0,0.0,0.0,0.0,0.0,0.0,0.0,0.0,0.0,0.00022160664819944597,0.0,0.0,0.0,0.00045904234269885237,0.0,0.0,0.0,1.5829046299960428e-05,0.0,0.0,0.0,0.0,0.0,3.1658092599920855e-05,0.0,0.0,0.0,0.0003482390185991294,0.0,0.0,0.0,0.0,0.0002849228333992877,0.0,0.0,0.0,0.0,0.0,1.5829046299960428e-05,0.0,0.0,0.0,0.37332025771299376,0.1563775590924912,0.41888313281063166
NY,BUF,Erie,36029,E,ww,-78.7308,42.7621,2704.8890374116622,Erie,3.7,63014.0,13.7,946147.0,1.0,0.36,349.79,288479,0.30489871024270015,106.65095536637935,0.0,0.006180850325301793,0.0,0.0953567557710468,0.09072311099256657,0.05757012996460161,0.029493564216171653,0.0043901708270375,0.2345411479281961,0.022580299071045567,0.09431842074756801,0.004059670715597512,0.004937239855722584,0.1528886872303061,0.09858602419659408,0.09840632514102722,0.0059676030172168965,0.18868241034385744,0,1604,0,77967,40488,24994,51428,176,15971,478,6895,4573,780,26038,6511,22962,7614,0,283,4,1,249,0,234,0,0,0,277051,0,0,2,0,15,1,0,0,14,2,7,0,2,1,0,0,0,0,0,0,2,0,0,0,5,21,0,0,2,0,0,0,0,0,0,0,0,45,0,0,0,0,0,0,0,1944,7,0,0,0,0,3,11,145,1800,0,9,4588,34,1296,6,0,0,0,0,14,0,0,0,0,0,0,0,0,0,3,0,0,0,292,0,0,0,144,2,0,0,3,0,0,0,0,0,9,0,0,0,83,1,0,1,0,103,0,0,0,0,0,0,0,0,0,288479,0.0,0.005560196756089698,0.0,0.2702692397020234,0.14034990415246865,0.08664062202101366,0.1782729418779183,0.0006100964021644557,0.05536278203959387,0.001656966364969374,0.023901219846158644,0.015852107085784408,0.002703836327774292,0.09025960295203464,0.02257010042325438,0.07959678174147858,0.026393602307273667,288439,0.0,0.0009811433266652568,1.3867750200215644e-05,3.466937550053911e-06,0.0008632674499634239,0.0,0.0008112633867126152,0.0,0.0,0.0,0.9605185151799861,0.0,0.0,6.933875100107822e-06,0.0,5.200406325080866e-05,3.466937550053911e-06,0.0,0.0,4.853712570075475e-05,6.933875100107822e-06,2.4268562850377375e-05,0.0,6.933875100107822e-06,3.466937550053911e-06,0.0,0.0,0.0,0.0,0.0,0.0,6.933875100107822e-06,0.0,0.0,0.0,1.7334687750269553e-05,7.280568855113213e-05,0.0,0.0,6.933875100107822e-06,0.0,0.0,0.0,0.0,0.0,0.0,0.0,0.0,0.00015601218975242598,0.0,0.0,0.0,0.0,0.0,0.0,0.0,0.0067397265973048025,2.4268562850377375e-05,0.0,0.0,0.0,0.0,1.0400812650161733e-05,3.813631305059302e-05,0.0005027059447578171,0.006240487590097039,0.0,3.12024379504852e-05,0.015906309479647343,0.00011787587670183298,0.004493151064869868,2.0801625300323466e-05,0.0,0.0,0.0,0.0,4.853712570075475e-05,0.0,0.0,0.0,0.0,0.0,0.0,0.0,0.0,0.0,1.0400812650161733e-05,0.0,0.0,0.0,0.001012345764615742,0.0,0.0,0.0,0.0004992390072077632,6.933875100107822e-06,0.0,0.0,1.0400812650161733e-05,0.0,0.0,0.0,0.0,0.0,3.12024379504852e-05,0.0,0.0,0.0,0.0002877558166544746,3.466937550053911e-06,0.0,3.466937550053911e-06,0.0,0.00035709456765555285,0.0,0.0,0.0,0.0,0.0,0.0,0.0,0.0,0.0,0.2514747114269002,0.11282970337528903,0.4486721656228518
NY,OKX,New York (Manhattan),36061,E,se,-73.9671,40.7786,81.72093955547123,New York,4.6,84371.0,17.4,1597451.0,1.0,0.63,19547.63,553831,0.346696706190049,6777.100251326233,0.0,0.26397826397826396,0.0,0.04775104775104775,0.04452804452804453,0.142010142010142,0.48075548075548075,0.001045001045001045,0.012309012309012308,0.001771001771001771,0.000561000561000561,0.000253000253000253,0.001595001595001595,0.000418000418000418,0.0,0.000319000319000319,0.002706002706002706,0.0,0,5741,0,324820,87415,31610,63680,810,31374,1138,207,857,1160,57,0,2431,2531,0,486,9,11,101,0,332,1,0,0,534847,1,8,84,0,4,31,0,0,8,1,4,0,1,0,0,0,0,0,2,0,1,0,0,0,14,38,0,0,0,0,0,1,4,4,0,3,2,102,0,14,1,0,1,0,0,6727,1,0,0,0,0,3,31,207,678,1,0,7864,98,1126,12,0,0,1,0,7,0,0,0,0,0,0,0,2,0,8,16,0,2,8,0,0,0,196,0,0,0,172,0,0,1,1,0,54,0,0,0,29,22,0,1,0,340,1,0,4,0,0,8,0,1,0,553831,0.0,0.01036597806912217,0.0,0.5864966027542698,0.15783695748342003,0.05707517275125444,0.11498092378360908,0.001462540016719902,0.05664904998095087,0.0020547784432435167,0.00037376022649508603,0.0015474034497888346,0.002094501752339613,0.00010291948265806717,0.0,0.004389425655118619,0.004569986151009965,553738,0.0,0.0008776713897186034,1.625317388367784e-05,1.9864990302272916e-05,0.0001823967291390513,0.0,0.0005995615254867825,1.8059082092975379e-06,0.0,0.0,0.9658845880181602,1.8059082092975379e-06,1.4447265674380303e-05,0.00015169628958099318,0.0,7.2236328371901515e-06,5.5983154488223676e-05,0.0,0.0,1.4447265674380303e-05,1.8059082092975379e-06,7.2236328371901515e-06,0.0,1.8059082092975379e-06,0.0,0.0,0.0,0.0,0.0,3.6118164185950757e-06,0.0,1.8059082092975379e-06,0.0,0.0,0.0,2.528271493016553e-05,6.862451195330643e-05,0.0,0.0,0.0,0.0,0.0,1.8059082092975379e-06,7.2236328371901515e-06,7.2236328371901515e-06,0.0,5.417724627892614e-06,3.6118164185950757e-06,0.00018420263734834886,0.0,2.528271493016553e-05,1.8059082092975379e-06,0.0,1.8059082092975379e-06,0.0,0.0,0.012148344523944537,1.8059082092975379e-06,0.0,0.0,0.0,0.0,5.417724627892614e-06,5.5983154488223676e-05,0.0003738229993245903,0.0012244057659037307,1.8059082092975379e-06,0.0,0.014201662157915837,0.0001769790045111587,0.0020334526436690276,2.1670898511570455e-05,0.0,0.0,1.8059082092975379e-06,0.0,1.2641357465082765e-05,0.0,0.0,0.0,0.0,0.0,0.0,0.0,3.6118164185950757e-06,0.0,1.4447265674380303e-05,2.8894531348760606e-05,0.0,3.6118164185950757e-06,1.4447265674380303e-05,0.0,0.0,0.0,0.0003539580090223174,0.0,0.0,0.0,0.0003106162119991765,0.0,0.0,1.8059082092975379e-06,1.8059082092975379e-06,0.0,9.751904330206704e-05,0.0,0.0,0.0,5.23713380696286e-05,3.972998060454583e-05,0.0,1.8059082092975379e-06,0.0,0.0006140087911611628,1.8059082092975379e-06,0.0,7.2236328371901515e-06,0.0,0.0,1.4447265674380303e-05,0.0,1.8059082092975379e-06,0.0,0.000418000418000418,0.00010291948265806717,0.24621861181479548
