{
"type": "FeatureCollection",
"name": "ny_simple",
"crs": { "type": "name", "properties": { "name": "urn:ogc:def:crs:OGC:1.3:CRS84" } },
"features": [
{ "type": "Feature", "properties": { "NAME": "New York", "ABBREV": "NY", "GNIS_ID": "1779796", "FIPS_CODE": "36", "POP1990": 17990455, "POP2000": 18976457, "POP2010": 19378102, "POP2020": 20201249, "CALC_SQ_MI": 48419.156537499999, "DATEMOD": "2022-07-29" }, "geometry": { "type": "MultiPolygon", "coordinates": [ [ [ [ -74.049281894470255, 40.565381176149188 ], [ -74.050024961110338, 40.565352722037254 ], [ -74.051101250618544, 40.566664483191452 ], [ -74.050012798819694, 40.566383328314949 ], [ -74.049281894470255, 40.565381176149188 ] ] ], [ [ [ -74.202463440473423, 40.579470676339021 ], [ -74.200503591407937, 40.57866101431312 ], [ -74.200965095495278, 40.574554925356594 ], [ -74.20700189547712, 40.573709834423923 ], [ -74.205875546451381, 40.578555055043822 ], [ -74.202463440473423, 40.579470676339021 ] ] ], [ [ [ -74.053170488434475, 40.577719124604258 ], [ -74.054837753516964, 40.577809797778706 ], [ -74.053710032763789, 40.580533857516677 ], [ -74.052992254597271, 40.579933013240556 ], [ -74.053170488434475, 40.577719124604258 ] ] ], [ [ [ -73.835811992383384, 40.594307965392723 ], [ -73.833010382370801, 40.592868644252498 ], [ -73.832794530682762, 40.590177843760472 ], [ -73.837041908178207, 40.5897344485359 ], [ -73.838658354666762, 40.590999682725531 ], [ -73.838355341243329, 40.593332492921647 ], [ -73.843146051263645, 40.594028897338738 ], [ -73.838923524762222, 40.596637007527413 ], [ -73.835811992383384, 40.594307965392723 ] ] ], [ [ [ -73.729679879167534, 40.596444278719098 ], [ -73.726837482946138, 40.594254332760848 ], [ -73.734332104005347, 40.595794033163735 ], [ -73.733261025624117, 40.596214897890398 ], [ -73.729679879167534, 40.596444278719098 ] ] ], [ [ [ -73.913776405786209, 40.591731313767049 ], [ -73.915971498471777, 40.592109467663853 ], [ -73.922129493761858, 40.598831469229729 ], [ -73.919202560682322, 40.599609752005193 ], [ -73.916398590795495, 40.598191493833362 ], [ -73.913372250146622, 40.594678330604104 ], [ -73.913776405786209, 40.591731313767049 ] ] ], [ [ [ -73.614343260139691, 40.595496313533609 ], [ -73.597166089400091, 40.595269313438472 ], [ -73.586240404317152, 40.593071978982749 ], [ -73.576198242858879, 40.594875661291738 ], [ -73.575036519075582, 40.591775484971258 ], [ -73.576581326716848, 40.586912375523525 ], [ -73.579491123534012, 40.584738702846224 ], [ -73.616590620401723, 40.585554199269296 ], [ -73.64965717931041, 40.581935547252243 ], [ -73.698249886314855, 40.582892431212564 ], [ -73.734958570219874, 40.585538451076609 ], [ -73.755115708776756, 40.582245310914345 ], [ -73.754844856837124, 40.585451806615218 ], [ -73.752931565656183, 40.587302747489268 ], [ -73.741712991163084, 40.592984271280777 ], [ -73.712622351447393, 40.588233017672117 ], [ -73.711441125239276, 40.589735703046046 ], [ -73.68651753566634, 40.588875807555169 ], [ -73.682889938224747, 40.59200872970149 ], [ -73.659180734372015, 40.594609335563952 ], [ -73.624555112456818, 40.594532727984983 ], [ -73.617483535912669, 40.594995277956954 ], [ -73.616160498060552, 40.596691658667766 ], [ -73.614343260139691, 40.595496313533609 ] ] ], [ [ [ -73.679315395283837, 40.598281844595284 ], [ -73.677610426112253, 40.596968421719048 ], [ -73.680481263893867, 40.596325844683619 ], [ -73.681050397830319, 40.598187849461276 ], [ -73.679315395283837, 40.598281844595284 ] ] ], [ [ [ -73.605769165044578, 40.597546970273001 ], [ -73.605977416985326, 40.597381447276085 ], [ -73.606634106119259, 40.597454918065061 ], [ -73.606158334988592, 40.597854371180851 ], [ -73.605769165044578, 40.597546970273001 ] ] ], [ [ [ -73.666001114114948, 40.596625269961095 ], [ -73.669868640789133, 40.59779156049597 ], [ -73.670304198836106, 40.599562371383136 ], [ -73.668077853761815, 40.599278838589214 ], [ -73.666001114114948, 40.596625269961095 ] ] ], [ [ [ -73.857398765578935, 40.601921782703968 ], [ -73.853020831431664, 40.601384337625753 ], [ -73.850958959801076, 40.598873716380169 ], [ -73.857035884831717, 40.596054712479926 ], [ -73.860329562312501, 40.596544899498518 ], [ -73.863278264266341, 40.599682079927206 ], [ -73.861091330080185, 40.602511233077486 ], [ -73.857398765578935, 40.601921782703968 ] ] ], [ [ [ -73.625696668163684, 40.600427579111013 ], [ -73.625483986630272, 40.599043598914868 ], [ -73.625797436680671, 40.598854266283482 ], [ -73.62658249147546, 40.599914726186519 ], [ -73.625696668163684, 40.600427579111013 ] ] ], [ [ [ -73.60415918822271, 40.599797927757294 ], [ -73.597737618245105, 40.598338743215393 ], [ -73.595966516000615, 40.596679764910384 ], [ -73.607582815992487, 40.598983454215904 ], [ -73.606811135315681, 40.600583978847119 ], [ -73.60415918822271, 40.599797927757294 ] ] ], [ [ [ -73.620728341448768, 40.60085628150609 ], [ -73.61743484003776, 40.600231595514416 ], [ -73.616276704125681, 40.598389898661488 ], [ -73.621824036363719, 40.598160570889888 ], [ -73.624289319828875, 40.599622838861869 ], [ -73.62287719155843, 40.601898130729012 ], [ -73.620728341448768, 40.60085628150609 ] ] ], [ [ [ -73.810464981002966, 40.598727579281558 ], [ -73.81235038937578, 40.598561067463834 ], [ -73.814617897951337, 40.601191936247687 ], [ -73.814828161219992, 40.604159193865065 ], [ -73.810715937055676, 40.603008062147651 ], [ -73.810464981002966, 40.598727579281558 ] ] ], [ [ [ -73.619299652736061, 40.603018159665133 ], [ -73.61866002799924, 40.60294794420485 ], [ -73.617253108160824, 40.602174347734973 ], [ -73.619032914182114, 40.602493581213508 ], [ -73.619299652736061, 40.603018159665133 ] ] ], [ [ [ -73.605466139943047, 40.602616112921439 ], [ -73.606108396743636, 40.602555086150218 ], [ -73.606070614501107, 40.603199603029658 ], [ -73.605488980507459, 40.602950275400211 ], [ -73.605466139943047, 40.602616112921439 ] ] ], [ [ [ -73.597613348901973, 40.601981312965087 ], [ -73.593813014414394, 40.599818866531358 ], [ -73.591868739440997, 40.596580444416333 ], [ -73.599599962373006, 40.602987417647448 ], [ -73.597613348901973, 40.601981312965087 ] ] ], [ [ [ -73.671080742991876, 40.604143199069554 ], [ -73.672216552175882, 40.601686600073513 ], [ -73.671069073876353, 40.597509699498204 ], [ -73.678672125183624, 40.598584705613789 ], [ -73.677322137872949, 40.602688364612511 ], [ -73.676980734047532, 40.602145783774958 ], [ -73.675725282742448, 40.601823922756715 ], [ -73.671080742991876, 40.604143199069554 ] ] ], [ [ [ -73.599409694704249, 40.601216039991371 ], [ -73.601419769475569, 40.602423393165836 ], [ -73.601930687191725, 40.6037166640943 ], [ -73.600748201545571, 40.603808417818712 ], [ -73.599409694704249, 40.601216039991371 ] ] ], [ [ [ -73.664354592030691, 40.606060988821639 ], [ -73.661852557588958, 40.605912848701848 ], [ -73.662478291676521, 40.596817034443902 ], [ -73.66554341708779, 40.59762760827406 ], [ -73.669228890288196, 40.602092987477768 ], [ -73.668894310065667, 40.60456623529651 ], [ -73.664354592030691, 40.606060988821639 ] ] ], [ [ [ -73.572229638647244, 40.600687910244112 ], [ -73.575263688637889, 40.597439340469286 ], [ -73.5814632687391, 40.595643640473348 ], [ -73.587398894165446, 40.595169690036734 ], [ -73.590303231920643, 40.597260633714264 ], [ -73.58612628054685, 40.603168292280124 ], [ -73.580016664924685, 40.605741727368859 ], [ -73.573253020080159, 40.606340884384544 ], [ -73.570745766426626, 40.604622840073951 ], [ -73.572229638647244, 40.600687910244112 ] ] ], [ [ [ -73.83351785594617, 40.605392571217585 ], [ -73.835110216805319, 40.60672789866679 ], [ -73.8319085663355, 40.609451335659131 ], [ -73.830135305439356, 40.606721878002588 ], [ -73.83351785594617, 40.605392571217585 ] ] ], [ [ [ -73.607376605024086, 40.604115596239382 ], [ -73.606550819716006, 40.603171102254763 ], [ -73.612080322192298, 40.597838151152125 ], [ -73.616952130319831, 40.602791377444568 ], [ -73.611769106251998, 40.602629190323007 ], [ -73.608228718156511, 40.607279080403664 ], [ -73.607376605024086, 40.604115596239382 ] ] ], [ [ [ -73.825805108664611, 40.605966709318253 ], [ -73.828794393808025, 40.606048368351672 ], [ -73.827809532134481, 40.609578374008855 ], [ -73.826254298646035, 40.609423323793948 ], [ -73.827107330754984, 40.608112387423525 ], [ -73.825805108664611, 40.605966709318253 ] ] ], [ [ [ -73.703841032084242, 40.607602415525513 ], [ -73.704639422369411, 40.607592191850948 ], [ -73.704789979112718, 40.608298205502479 ], [ -73.703758327789288, 40.608745991614612 ], [ -73.703841032084242, 40.607602415525513 ] ] ], [ [ [ -73.796634588957247, 40.604139503188193 ], [ -73.803961835014391, 40.604379681171594 ], [ -73.803876565131006, 40.606591926866351 ], [ -73.799777340487154, 40.609719638607935 ], [ -73.795844328425389, 40.609786798569985 ], [ -73.793590608989462, 40.606744941071923 ], [ -73.796634588957247, 40.604139503188193 ] ] ], [ [ [ -73.484704461065405, 40.604506978781153 ], [ -73.486770688626834, 40.604290627671524 ], [ -73.488985970948377, 40.605092314960551 ], [ -73.486829038696087, 40.606994682838099 ], [ -73.484704461065405, 40.604506978781153 ] ] ], [ [ [ -74.198291913127306, 40.6135734187284 ], [ -74.200639012437023, 40.608217141859626 ], [ -74.19873376027958, 40.601720648573625 ], [ -74.201990580782592, 40.605547364801012 ], [ -74.202749605993702, 40.609046908656047 ], [ -74.202499474594418, 40.613249781760963 ], [ -74.198291913127306, 40.6135734187284 ] ] ], [ [ [ -73.670818018110637, 40.608241404699378 ], [ -73.668820889859177, 40.6065574341389 ], [ -73.67489930699152, 40.603531473702148 ], [ -73.675584343362559, 40.602072573907769 ], [ -73.676742302306522, 40.602343266342146 ], [ -73.677615804325868, 40.603560514490091 ], [ -73.67305360864583, 40.607161170237802 ], [ -73.672250189591693, 40.609830988533403 ], [ -73.670818018110637, 40.608241404699378 ] ] ], [ [ [ -73.627399879332273, 40.609354478319801 ], [ -73.627810413908691, 40.607999948234898 ], [ -73.626552085299735, 40.605335136403156 ], [ -73.629547176254803, 40.598202379884697 ], [ -73.6332588676851, 40.598393564849175 ], [ -73.634444414789741, 40.601018494755124 ], [ -73.629832716547654, 40.604095973751974 ], [ -73.631201848753633, 40.607443056011206 ], [ -73.627399879332273, 40.609354478319801 ] ] ], [ [ [ -73.849710813595863, 40.610172545589982 ], [ -73.85449665025574, 40.607202575320116 ], [ -73.85656102459275, 40.610855522848688 ], [ -73.853066709291554, 40.610353701522108 ], [ -73.850542960772785, 40.612349836337515 ], [ -73.849710813595863, 40.610172545589982 ] ] ], [ [ [ -73.623227438399496, 40.609608825204923 ], [ -73.623844567524955, 40.604971028376021 ], [ -73.626698187297549, 40.603704626996986 ], [ -73.626098003991586, 40.605186241733108 ], [ -73.627587534700169, 40.60812670768513 ], [ -73.623227438399496, 40.609608825204923 ] ] ], [ [ [ -73.694394808493868, 40.611188489589892 ], [ -73.692112732837657, 40.609195118891591 ], [ -73.693150109124389, 40.605910961594873 ], [ -73.696382011259743, 40.606194996173109 ], [ -73.703932669226376, 40.603349218257762 ], [ -73.698649366223364, 40.607288755805676 ], [ -73.699197170561717, 40.608566887486695 ], [ -73.694394808493868, 40.611188489589892 ] ] ], [ [ [ -73.613488964101123, 40.610397471023944 ], [ -73.612631252667839, 40.610291754350264 ], [ -73.614146653059962, 40.607455756010481 ], [ -73.614182548840404, 40.609289869855914 ], [ -73.613488964101123, 40.610397471023944 ] ] ], [ [ [ -73.557106322972672, 40.609868141278085 ], [ -73.553848992226548, 40.608461029475365 ], [ -73.554243896117029, 40.605886783159633 ], [ -73.551605617789434, 40.599667269495264 ], [ -73.553361185467722, 40.598751091870334 ], [ -73.56639753237927, 40.600762809719484 ], [ -73.568544803250703, 40.604950251489271 ], [ -73.567236670245762, 40.607600510734578 ], [ -73.557106322972672, 40.609868141278085 ] ] ], [ [ [ -73.634325253267292, 40.611545541733562 ], [ -73.635474242533121, 40.608106039532544 ], [ -73.63401070817055, 40.608178118203554 ], [ -73.6341085400949, 40.60505401991626 ], [ -73.637355780963702, 40.600888987461019 ], [ -73.641176201781022, 40.599195383571278 ], [ -73.644412344862829, 40.600260067531927 ], [ -73.640140411020752, 40.607862581635658 ], [ -73.64216886352618, 40.610955020581166 ], [ -73.634325253267292, 40.611545541733562 ] ] ], [ [ [ -73.840609301427776, 40.612399268713219 ], [ -73.835880863521268, 40.612366002381414 ], [ -73.838750650273994, 40.608111231463617 ], [ -73.841498636253988, 40.607266460845729 ], [ -73.84116054721197, 40.60475083560538 ], [ -73.845510117054133, 40.603580707310513 ], [ -73.847794340582183, 40.604668477282814 ], [ -73.847304033811923, 40.605903017603566 ], [ -73.84955302092294, 40.606070732600287 ], [ -73.845743662858354, 40.608618950318579 ], [ -73.845417244728509, 40.613773627277929 ], [ -73.840609301427776, 40.612399268713219 ] ] ], [ [ [ -73.624561318917117, 40.611345180570773 ], [ -73.624170466428581, 40.611034191894653 ], [ -73.626383917983603, 40.610903772458137 ], [ -73.624487650775606, 40.611773158274168 ], [ -73.624561318917117, 40.611345180570773 ] ] ], [ [ [ -73.566428965329408, 40.611784012789983 ], [ -73.564570293514365, 40.610467654789453 ], [ -73.568619167586533, 40.608984622695971 ], [ -73.568589410892756, 40.611554358628361 ], [ -73.566428965329408, 40.611784012789983 ] ] ], [ [ [ -73.609042998740748, 40.609592549379222 ], [ -73.607686268675565, 40.608872066311342 ], [ -73.609986699607973, 40.606976303106777 ], [ -73.611555021550117, 40.603276924995036 ], [ -73.615269490571251, 40.603948516757669 ], [ -73.610027190271097, 40.612829329793357 ], [ -73.609042998740748, 40.609592549379222 ] ] ], [ [ [ -73.59671869515094, 40.608851997845015 ], [ -73.597545114669614, 40.611962501366222 ], [ -73.595930889714751, 40.61287474931693 ], [ -73.595754489339043, 40.612038384524865 ], [ -73.59671869515094, 40.608851997845015 ] ] ], [ [ [ -73.48872318677833, 40.611969809066494 ], [ -73.486926621787092, 40.612105954731121 ], [ -73.486254461867333, 40.611809736423709 ], [ -73.489908976428083, 40.610299185667962 ], [ -73.489669547557085, 40.612371790677983 ], [ -73.48872318677833, 40.611969809066494 ] ] ], [ [ [ -73.588079822540706, 40.606866703879739 ], [ -73.586732977536911, 40.604592128121133 ], [ -73.589195508564003, 40.6023129891663 ], [ -73.594558550523203, 40.604114197410084 ], [ -73.593148261104147, 40.605883379954847 ], [ -73.596170695878172, 40.608170275415048 ], [ -73.595114877178645, 40.614056439849072 ], [ -73.592599744401767, 40.611894362273929 ], [ -73.588268530734126, 40.610830896112354 ], [ -73.588079822540706, 40.606866703879739 ] ] ], [ [ [ -73.528621597814421, 40.605125947744114 ], [ -73.530842944662481, 40.604989236109262 ], [ -73.536070019416897, 40.610368388197443 ], [ -73.533490869099609, 40.613753565739074 ], [ -73.533627757975864, 40.611212136913352 ], [ -73.525502853760486, 40.607066302362526 ], [ -73.528621597814421, 40.605125947744114 ] ] ], [ [ [ -73.694172091880418, 40.613809840184942 ], [ -73.692880824744918, 40.611964442175847 ], [ -73.697515825285478, 40.613557698274761 ], [ -73.695627926782677, 40.615745009773271 ], [ -73.694172091880418, 40.613809840184942 ] ] ], [ [ [ -73.610581351088399, 40.614440783383927 ], [ -73.612766079910514, 40.611539342833169 ], [ -73.61643968277275, 40.613355531942837 ], [ -73.613632187896755, 40.614741398605354 ], [ -73.610581351088399, 40.614440783383927 ] ] ], [ [ [ -73.658782778904524, 40.60796785272494 ], [ -73.66569954428418, 40.608358388876837 ], [ -73.66254239455688, 40.615197118524662 ], [ -73.65989147783155, 40.615597489152016 ], [ -73.661505020066784, 40.612187516928813 ], [ -73.657659365573139, 40.608776817594553 ], [ -73.658782778904524, 40.60796785272494 ] ] ], [ [ [ -73.463572399795297, 40.613622375578387 ], [ -73.464013540871775, 40.613301842990197 ], [ -73.46459452179019, 40.613567327078641 ], [ -73.463892990553887, 40.613826852143184 ], [ -73.463572399795297, 40.613622375578387 ] ] ], [ [ [ -73.618115989398575, 40.615020509754792 ], [ -73.614767207461611, 40.614999079311104 ], [ -73.616703812619107, 40.61342802706509 ], [ -73.613889400715422, 40.611588786719594 ], [ -73.616110200489459, 40.608195641035756 ], [ -73.614808185909908, 40.607068391988797 ], [ -73.621431531873384, 40.605113134769958 ], [ -73.623406460957511, 40.60687248583266 ], [ -73.621864525230222, 40.608859695292949 ], [ -73.623117330098495, 40.611359534918947 ], [ -73.621983886178654, 40.615012032909398 ], [ -73.618115989398575, 40.615020509754792 ] ] ], [ [ [ -73.515149834789696, 40.613566285776763 ], [ -73.511796166915929, 40.611593061161784 ], [ -73.514097442264685, 40.607012882518084 ], [ -73.517518491869609, 40.604384939548133 ], [ -73.522730624945922, 40.604038277290201 ], [ -73.519166388376263, 40.614135654540391 ], [ -73.515149834789696, 40.613566285776763 ] ] ], [ [ [ -73.472748159518247, 40.613297133586421 ], [ -73.477701403519561, 40.610898127244681 ], [ -73.477240351284806, 40.608808654247355 ], [ -73.484482542155916, 40.607699273358229 ], [ -73.482788064408538, 40.610459281024134 ], [ -73.474792384643422, 40.614438314160068 ], [ -73.472748159518247, 40.613297133586421 ] ] ], [ [ [ -73.591903842009032, 40.616235633374629 ], [ -73.586525832320575, 40.61496388650756 ], [ -73.584950061548099, 40.61019192146928 ], [ -73.577893347630337, 40.610481018441114 ], [ -73.573192906617976, 40.608321611063786 ], [ -73.586150563805603, 40.6048723851654 ], [ -73.587859356207034, 40.611643324025856 ], [ -73.592180908493816, 40.612573211901847 ], [ -73.594364862069838, 40.615126529898347 ], [ -73.59412009900268, 40.616358194439606 ], [ -73.591903842009032, 40.616235633374629 ] ] ], [ [ [ -73.506467153139681, 40.615166851263325 ], [ -73.505844231677273, 40.612803254673956 ], [ -73.511330336542187, 40.610790909698402 ], [ -73.512317915619448, 40.613848523 ], [ -73.506467153139681, 40.615166851263325 ] ] ], [ [ [ -73.643643393267823, 40.617455445369259 ], [ -73.64007898242501, 40.61291647204974 ], [ -73.643376032181393, 40.610881017703342 ], [ -73.641193263483231, 40.607780647932742 ], [ -73.64550663391438, 40.608288950346555 ], [ -73.64240660536106, 40.606742009170169 ], [ -73.642551348207846, 40.604650644571905 ], [ -73.648112602536159, 40.604772250921435 ], [ -73.645423647548427, 40.602878242243655 ], [ -73.645097414471536, 40.598944622970492 ], [ -73.651003111625869, 40.597401762693295 ], [ -73.651216533371084, 40.595967936354981 ], [ -73.662007484636121, 40.596434502842556 ], [ -73.661459333548052, 40.605762485595442 ], [ -73.657166667487573, 40.606797922607328 ], [ -73.652098283721358, 40.612535166641564 ], [ -73.650500329951242, 40.611900371561049 ], [ -73.652308907214447, 40.613726988401694 ], [ -73.651637532422242, 40.616370376547806 ], [ -73.643643393267823, 40.617455445369259 ] ] ], [ [ [ -73.676331046382927, 40.616059611739203 ], [ -73.678375696411223, 40.607498503063681 ], [ -73.679878105367706, 40.606942090877297 ], [ -73.680407566107959, 40.608511774125972 ], [ -73.684873984310713, 40.609809417304433 ], [ -73.684704253925986, 40.614544500251284 ], [ -73.683522621679359, 40.61631094502259 ], [ -73.68377701288972, 40.615059722395941 ], [ -73.681768444593132, 40.614287012139364 ], [ -73.681299322792185, 40.615968704709594 ], [ -73.676878171594922, 40.61815038677571 ], [ -73.676331046382927, 40.616059611739203 ] ] ], [ [ [ -73.545181525342514, 40.613956860130557 ], [ -73.544706657917018, 40.615595766657819 ], [ -73.538821891508803, 40.616552637395991 ], [ -73.534053507318248, 40.615656435113443 ], [ -73.534499157039122, 40.613201243343163 ], [ -73.540002332589381, 40.609783349190138 ], [ -73.536962075240126, 40.610191442050692 ], [ -73.532240866076691, 40.605517382340288 ], [ -73.535183846660473, 40.602963736039982 ], [ -73.547098671194334, 40.601441941573377 ], [ -73.554319421076244, 40.613165655436752 ], [ -73.551206899652257, 40.617268584234786 ], [ -73.546270164889251, 40.615952531354552 ], [ -73.545181525342514, 40.613956860130557 ] ] ], [ [ [ -73.43107298325809, 40.61482189311868 ], [ -73.435029350618947, 40.61268161997566 ], [ -73.436551968076046, 40.615118476532992 ], [ -73.43155511985087, 40.616011171510763 ], [ -73.43107298325809, 40.61482189311868 ] ] ], [ [ [ -73.46170375578231, 40.614604271578202 ], [ -73.462019268364614, 40.614143699841172 ], [ -73.465026580000824, 40.614755746768637 ], [ -73.461864291011793, 40.616604942216021 ], [ -73.46170375578231, 40.614604271578202 ] ] ], [ [ [ -73.528163181236735, 40.614900695027039 ], [ -73.524460846658457, 40.613723679701785 ], [ -73.52675307058243, 40.608331664813768 ], [ -73.531974865937926, 40.611425908310252 ], [ -73.533326086635469, 40.613994588169369 ], [ -73.531671998939871, 40.617718913668938 ], [ -73.528163181236735, 40.614900695027039 ] ] ], [ [ [ -73.529145537508938, 40.617709442978615 ], [ -73.52573551831739, 40.616892749258426 ], [ -73.5247150725788, 40.614147946161161 ], [ -73.528571237361277, 40.615617207820584 ], [ -73.529145537508938, 40.617709442978615 ] ] ], [ [ [ -73.453848715359754, 40.615765845357281 ], [ -73.452975278917407, 40.614743870545674 ], [ -73.460852633491641, 40.614381480388658 ], [ -73.460096638297983, 40.617046328349588 ], [ -73.456681461878389, 40.61567265081829 ], [ -73.454814309068766, 40.617095632464675 ], [ -73.453848715359754, 40.615765845357281 ] ] ], [ [ [ -73.428425587030361, 40.614729073679932 ], [ -73.429764756828376, 40.616226945976486 ], [ -73.425635174517822, 40.617254255704012 ], [ -73.427809616731608, 40.616440759290761 ], [ -73.428425587030361, 40.614729073679932 ] ] ], [ [ [ -73.676140369082404, 40.62038917337086 ], [ -73.674701534796867, 40.619991310024012 ], [ -73.675370349390533, 40.618753606966301 ], [ -73.68061783027494, 40.619270028105895 ], [ -73.676140369082404, 40.62038917337086 ] ] ], [ [ [ -73.514050135185187, 40.613908477704868 ], [ -73.515490272926201, 40.614127213042664 ], [ -73.515357860354996, 40.617767028764369 ], [ -73.510433746023409, 40.61893348362576 ], [ -73.511459686756581, 40.61540822932465 ], [ -73.514050135185187, 40.613908477704868 ] ] ], [ [ [ -73.45011166359069, 40.618277368355876 ], [ -73.44923331695702, 40.617601432419072 ], [ -73.451965225788371, 40.614809272257503 ], [ -73.454688447910925, 40.617974040836266 ], [ -73.45011166359069, 40.618277368355876 ] ] ], [ [ [ -73.520594648592578, 40.617127834738625 ], [ -73.522912467315621, 40.617955143849009 ], [ -73.521740282650839, 40.619359134604451 ], [ -73.519960294271542, 40.617667903938262 ], [ -73.520594648592578, 40.617127834738625 ] ] ], [ [ [ -73.433155186458535, 40.61830777740245 ], [ -73.432515815944953, 40.61809531473147 ], [ -73.432404989890031, 40.617751783888572 ], [ -73.433232781136127, 40.61799761211509 ], [ -73.433155186458535, 40.61830777740245 ] ] ], [ [ [ -73.421524890714508, 40.617840956509319 ], [ -73.421855418636781, 40.616810654790427 ], [ -73.423913123881078, 40.615772563476426 ], [ -73.42459601956682, 40.61763097373359 ], [ -73.421524890714508, 40.617840956509319 ] ] ], [ [ [ -73.461520623431866, 40.618945742315852 ], [ -73.462233242573703, 40.617487944772257 ], [ -73.464897810098108, 40.616435147276228 ], [ -73.463358065361774, 40.618563558967168 ], [ -73.461520623431866, 40.618945742315852 ] ] ], [ [ [ -73.850549257962925, 40.620788652384903 ], [ -73.854599300743274, 40.619699106034318 ], [ -73.85740452198327, 40.620284639846872 ], [ -73.855726604678154, 40.621826846443561 ], [ -73.852062480838796, 40.620740904939161 ], [ -73.85285032130929, 40.622320300687882 ], [ -73.85037553277013, 40.623629347839866 ], [ -73.848832114822599, 40.621872732366839 ], [ -73.850549257962925, 40.620788652384903 ] ] ], [ [ [ -73.862748221417775, 40.623395920258254 ], [ -73.863565037047749, 40.62377326365759 ], [ -73.862147524275485, 40.624138427644745 ], [ -73.862070653639989, 40.623875483075111 ], [ -73.862748221417775, 40.623395920258254 ] ] ], [ [ [ -73.661998265226359, 40.621920150356061 ], [ -73.661329518904665, 40.617772997292171 ], [ -73.665960640519813, 40.615099465540773 ], [ -73.667614229650411, 40.611374252742891 ], [ -73.672904276306269, 40.612836726732183 ], [ -73.672286617174777, 40.616683462444485 ], [ -73.665579695550534, 40.621927704475567 ], [ -73.661998265226359, 40.621920150356061 ] ] ], [ [ [ -73.455616199190288, 40.617309807127256 ], [ -73.456399916393593, 40.616388096345894 ], [ -73.458199131414929, 40.616989219948664 ], [ -73.454008630751687, 40.619752073207742 ], [ -73.455616199190288, 40.617309807127256 ] ] ], [ [ [ -73.687717640868456, 40.620344836290371 ], [ -73.683745084967896, 40.62111001159434 ], [ -73.682286106860445, 40.617786271519783 ], [ -73.68482777497249, 40.615642565159284 ], [ -73.685809787189953, 40.61117624857102 ], [ -73.685066125865148, 40.609655446496618 ], [ -73.680680305407989, 40.607847743008911 ], [ -73.684780817337654, 40.604179193492264 ], [ -73.69059429883481, 40.605381964597328 ], [ -73.69062201814954, 40.611773377860423 ], [ -73.695611974499883, 40.616756878604207 ], [ -73.695810712383434, 40.620016516374967 ], [ -73.694060803193125, 40.621859290536264 ], [ -73.688531737298064, 40.622701827756821 ], [ -73.687717640868456, 40.620344836290371 ] ] ], [ [ [ -73.657883319166729, 40.622437294308376 ], [ -73.65357003587215, 40.617103736051597 ], [ -73.654067175228491, 40.611841915331475 ], [ -73.656879552448046, 40.609611507380947 ], [ -73.660407650692122, 40.61251368084573 ], [ -73.65829559557649, 40.615447857701781 ], [ -73.659530712616814, 40.622336590459163 ], [ -73.657883319166729, 40.622437294308376 ] ] ], [ [ [ -73.800106496681991, 40.619573136317172 ], [ -73.801102913385023, 40.622755326424368 ], [ -73.797955674770265, 40.624518822061354 ], [ -73.799584349126462, 40.622310518368451 ], [ -73.800106496681991, 40.619573136317172 ] ] ], [ [ [ -73.436769770904917, 40.619624117318487 ], [ -73.433330092935918, 40.616859639953567 ], [ -73.448570830096244, 40.616079584620415 ], [ -73.447620077454033, 40.619562220335183 ], [ -73.436769770904917, 40.619624117318487 ] ] ], [ [ [ -73.673087812000276, 40.620315780976725 ], [ -73.67130568832556, 40.619380522055685 ], [ -73.673940868363744, 40.617267975990003 ], [ -73.674672595569987, 40.620284346647892 ], [ -73.677492929168039, 40.621355884738172 ], [ -73.677415116199796, 40.623714652133025 ], [ -73.673087812000276, 40.620315780976725 ] ] ], [ [ [ -73.574299014803728, 40.621523496857584 ], [ -73.56585258468354, 40.618170192653231 ], [ -73.5610632724418, 40.615610245563559 ], [ -73.570129417937139, 40.61210781779522 ], [ -73.577975158999877, 40.61711733090069 ], [ -73.577423209834805, 40.621413918081181 ], [ -73.576130902450231, 40.62269970384591 ], [ -73.574299014803728, 40.621523496857584 ] ] ], [ [ [ -73.802423709940527, 40.615345219652056 ], [ -73.806386959294755, 40.621841405819914 ], [ -73.803908311593148, 40.624714108530846 ], [ -73.798590309365665, 40.625292956220733 ], [ -73.801961280588458, 40.623035001375953 ], [ -73.802423709940527, 40.615345219652056 ] ] ], [ [ [ -73.572306294585374, 40.623059693160677 ], [ -73.572831116425505, 40.62309481215285 ], [ -73.573143263020427, 40.623419962811184 ], [ -73.572427581521765, 40.623536010859993 ], [ -73.572306294585374, 40.623059693160677 ] ] ], [ [ [ -73.672520587882104, 40.622024504724081 ], [ -73.669331262297959, 40.621103294011881 ], [ -73.666633102273522, 40.621915743615489 ], [ -73.670098499907411, 40.619904614750482 ], [ -73.673547790748231, 40.621098083998476 ], [ -73.674926090261707, 40.624885101506116 ], [ -73.673231573886767, 40.624554852554034 ], [ -73.672520587882104, 40.622024504724081 ] ] ], [ [ [ -73.811812232045256, 40.62330553526396 ], [ -73.812667001495981, 40.62332439460085 ], [ -73.814521194310998, 40.625511682920177 ], [ -73.812177452903811, 40.626350653274258 ], [ -73.811812232045256, 40.62330553526396 ] ] ], [ [ [ -73.500543314508192, 40.622711466833977 ], [ -73.498301606445906, 40.622652814149511 ], [ -73.501489135399481, 40.614767640037385 ], [ -73.504460120962236, 40.616330439817943 ], [ -73.500543314508192, 40.622711466833977 ] ] ], [ [ [ -73.839235425218746, 40.627227847722587 ], [ -73.840424433532178, 40.626129075996396 ], [ -73.841618573022529, 40.626541491135356 ], [ -73.841069307125196, 40.627189063568565 ], [ -73.839235425218746, 40.627227847722587 ] ] ], [ [ [ -73.866952669324121, 40.618091013430032 ], [ -73.876831993170839, 40.615770628914589 ], [ -73.879785204667385, 40.61783484274649 ], [ -73.877770046329857, 40.621619378565633 ], [ -73.865979294408106, 40.628020613503857 ], [ -73.864946295611759, 40.62648704166967 ], [ -73.866716721424837, 40.623088239999674 ], [ -73.865285885738615, 40.620100640891529 ], [ -73.866952669324121, 40.618091013430032 ] ] ], [ [ [ -73.579693961328545, 40.625392349272602 ], [ -73.581378898069289, 40.618464050062649 ], [ -73.57594481733743, 40.611807894491569 ], [ -73.583890591196962, 40.61143010433878 ], [ -73.584439971180316, 40.615970293541345 ], [ -73.590952000608723, 40.617589899008479 ], [ -73.590847350471378, 40.618821773157116 ], [ -73.585160135272233, 40.621002406779233 ], [ -73.587261169855964, 40.625429055645121 ], [ -73.579693961328545, 40.625392349272602 ] ] ], [ [ [ -73.470631001073485, 40.624015872671727 ], [ -73.481088770792908, 40.614378571325283 ], [ -73.494307074160218, 40.615084822865711 ], [ -73.496873513316231, 40.616504044098328 ], [ -73.496504547381292, 40.621660041024946 ], [ -73.49503894869018, 40.622574637081662 ], [ -73.489865886938858, 40.623209021194249 ], [ -73.482633050224791, 40.621120274111618 ], [ -73.472285672674005, 40.625100071410934 ], [ -73.470631001073485, 40.624015872671727 ] ] ], [ [ [ -73.514396685458863, 40.623313675598048 ], [ -73.518970914072128, 40.618778503531864 ], [ -73.524003465838291, 40.622141230218041 ], [ -73.521087146353821, 40.625851572583045 ], [ -73.520628206058319, 40.623940271072442 ], [ -73.518405961793306, 40.623424604682448 ], [ -73.51732574485068, 40.625883182923801 ], [ -73.514396685458863, 40.623313675598048 ] ] ], [ [ [ -73.416480044605365, 40.623305765039689 ], [ -73.417324115121048, 40.620880654728552 ], [ -73.430480470666367, 40.617535108121075 ], [ -73.432299069534878, 40.618949368509334 ], [ -73.430912130923332, 40.621343181244121 ], [ -73.423066549760691, 40.623429076096919 ], [ -73.422771138779524, 40.624307864142139 ], [ -73.421192203242285, 40.623357199334308 ], [ -73.417693589502463, 40.624711144690529 ], [ -73.416480044605365, 40.623305765039689 ] ] ], [ [ [ -73.689600930115532, 40.628144100618087 ], [ -73.687859606124391, 40.623265960639465 ], [ -73.693666439190139, 40.622506866775694 ], [ -73.691219782292421, 40.624574287671244 ], [ -73.691631029232852, 40.627825830312041 ], [ -73.689600930115532, 40.628144100618087 ] ] ], [ [ [ -73.572764349141991, 40.624954077566983 ], [ -73.573491586568466, 40.626848563691567 ], [ -73.571460086079313, 40.627527163193172 ], [ -73.571774888094225, 40.625879740511159 ], [ -73.572764349141991, 40.624954077566983 ] ] ], [ [ [ -73.485330818583776, 40.626442624775905 ], [ -73.477860400833265, 40.624935164827157 ], [ -73.482067393666796, 40.621844377287815 ], [ -73.487707464381515, 40.623983059398114 ], [ -73.494829431921517, 40.623168017399941 ], [ -73.491320804661228, 40.625913263289121 ], [ -73.485330818583776, 40.626442624775905 ] ] ], [ [ [ -73.54442073404357, 40.627194738085919 ], [ -73.540394712213896, 40.626328768298087 ], [ -73.544468933150128, 40.620089884550929 ], [ -73.543589051295626, 40.61882314849484 ], [ -73.539764218851957, 40.617181459246765 ], [ -73.541712011627993, 40.6163920295322 ], [ -73.550480681813639, 40.618204236846957 ], [ -73.552647595247038, 40.620844898404052 ], [ -73.551487713908386, 40.623427807218903 ], [ -73.54442073404357, 40.627194738085919 ] ] ], [ [ [ -73.53805272521646, 40.627987147007822 ], [ -73.533307443898366, 40.622618299711846 ], [ -73.532370700483042, 40.618867240429331 ], [ -73.533486993767482, 40.616248537636423 ], [ -73.543903579324379, 40.61965525261953 ], [ -73.541005009651627, 40.62265117092992 ], [ -73.539796166536718, 40.626424881736632 ], [ -73.540808587624852, 40.627031164117618 ], [ -73.53805272521646, 40.627987147007822 ] ] ], [ [ [ -73.587340224295914, 40.62714737224821 ], [ -73.588144023337421, 40.625246330840646 ], [ -73.591435548454783, 40.626073026012406 ], [ -73.588307040612037, 40.626759770581167 ], [ -73.587836114095694, 40.629320002168541 ], [ -73.587340224295914, 40.62714737224821 ] ] ], [ [ [ -73.518796684924467, 40.628395608648511 ], [ -73.511846201280605, 40.626797391166377 ], [ -73.513227484997458, 40.623822911218859 ], [ -73.510962148548259, 40.621376525609612 ], [ -73.514283182424407, 40.620507987519211 ], [ -73.514378363420334, 40.625014019578266 ], [ -73.518796684924467, 40.628395608648511 ] ] ], [ [ [ -73.436151180220477, 40.625047105750959 ], [ -73.434214418756127, 40.624931478959283 ], [ -73.436289156956533, 40.620641347457088 ], [ -73.433813778224234, 40.617763682760945 ], [ -73.43770303873842, 40.620792115515506 ], [ -73.446987473051166, 40.620224968380271 ], [ -73.447636366605082, 40.624411431373296 ], [ -73.445120258257802, 40.625902259027306 ], [ -73.438351311556474, 40.625116567092292 ], [ -73.438904712399037, 40.627731508567436 ], [ -73.436151180220477, 40.625047105750959 ] ] ], [ [ [ -73.418610605015857, 40.626871689356648 ], [ -73.419550430550942, 40.626963163797747 ], [ -73.419583237025122, 40.627257348645315 ], [ -73.417790486280595, 40.627283744699007 ], [ -73.418610605015857, 40.626871689356648 ] ] ], [ [ [ -73.422720618426254, 40.627345717705097 ], [ -73.419147035784391, 40.626684895469779 ], [ -73.417662612896521, 40.62688681829205 ], [ -73.419760632734153, 40.624542230122543 ], [ -73.422687866749314, 40.624439248773761 ], [ -73.428428259518327, 40.622893438331346 ], [ -73.427730661106352, 40.624088776908891 ], [ -73.428456653467833, 40.626452319902192 ], [ -73.428095172295812, 40.626926472585957 ], [ -73.422720618426254, 40.627345717705097 ] ] ], [ [ [ -73.382933671248921, 40.627332572871133 ], [ -73.384916497422722, 40.626098041210135 ], [ -73.386805617634309, 40.626357720090326 ], [ -73.385944385703425, 40.627047607506043 ], [ -73.382933671248921, 40.627332572871133 ] ] ], [ [ [ -73.562332342206616, 40.62986242576806 ], [ -73.558448010748407, 40.621249546511187 ], [ -73.555235889515615, 40.619146163874987 ], [ -73.55526897716247, 40.61592128999672 ], [ -73.559167241490741, 40.616109873970963 ], [ -73.571645370793178, 40.622796819345886 ], [ -73.568196220089519, 40.628481879746154 ], [ -73.562332342206616, 40.62986242576806 ] ] ], [ [ [ -73.852962684381652, 40.633256908918909 ], [ -73.852688918307237, 40.630896483052503 ], [ -73.857475460144641, 40.630416226173594 ], [ -73.857507980954551, 40.632741842806134 ], [ -73.852962684381652, 40.633256908918909 ] ] ], [ [ [ -73.529244347698622, 40.628536592795463 ], [ -73.529134514282092, 40.626522187495127 ], [ -73.525084012462614, 40.626820154136219 ], [ -73.525180554406219, 40.625377740216621 ], [ -73.523368939040708, 40.625253290048022 ], [ -73.523225619125341, 40.627143930582534 ], [ -73.520580004256814, 40.626810689508808 ], [ -73.524365932462175, 40.62217123522089 ], [ -73.523145076176974, 40.619355527525521 ], [ -73.530630785050263, 40.62069816090257 ], [ -73.533322501459168, 40.630435385519846 ], [ -73.529244347698622, 40.628536592795463 ] ] ], [ [ [ -73.432843035372031, 40.63045588178052 ], [ -73.430785293296779, 40.629822272805228 ], [ -73.431351259773564, 40.628777987316461 ], [ -73.429520033287091, 40.629414448477846 ], [ -73.430856102100748, 40.628414695624606 ], [ -73.427970339708992, 40.623942004260599 ], [ -73.428698287702844, 40.623009456612579 ], [ -73.428480614231404, 40.622036723982049 ], [ -73.430512384215149, 40.621850816604159 ], [ -73.433236287260684, 40.61966844055825 ], [ -73.435443676984178, 40.621450210032172 ], [ -73.433261622446651, 40.625011625062442 ], [ -73.435904511826607, 40.625696619448689 ], [ -73.438219954505726, 40.62962413309674 ], [ -73.432843035372031, 40.63045588178052 ] ] ], [ [ [ -73.736975104776391, 40.633447871569686 ], [ -73.736924799120487, 40.634108403960582 ], [ -73.736329965282081, 40.634272872046694 ], [ -73.736475910074688, 40.633833522194315 ], [ -73.736975104776391, 40.633447871569686 ] ] ], [ [ [ -73.387918102960256, 40.627493525321917 ], [ -73.388965550259641, 40.627442551690351 ], [ -73.385132281737128, 40.629924389563605 ], [ -73.380985317924157, 40.629070794497025 ], [ -73.387918102960256, 40.627493525321917 ] ] ], [ [ [ -73.416260659843303, 40.630605328946302 ], [ -73.417191319867541, 40.628119712740734 ], [ -73.423428734313589, 40.628669823529336 ], [ -73.419376021740206, 40.630591484593808 ], [ -73.416260659843303, 40.630605328946302 ] ] ], [ [ [ -73.425384814946426, 40.630974819453321 ], [ -73.421230707730317, 40.630448546786958 ], [ -73.428616673064354, 40.626740992665695 ], [ -73.430525874215775, 40.628469110793503 ], [ -73.427264268387248, 40.629614248900857 ], [ -73.426570167116665, 40.631085562649226 ], [ -73.425384814946426, 40.630974819453321 ] ] ], [ [ [ -73.737649406279814, 40.633446908294182 ], [ -73.737840490517158, 40.633445833215987 ], [ -73.7387509734818, 40.635134519738529 ], [ -73.737290715275066, 40.633966158809123 ], [ -73.737649406279814, 40.633446908294182 ] ] ], [ [ [ -73.737833197095355, 40.632869031843789 ], [ -73.740172345416511, 40.632425027418115 ], [ -73.739960663708018, 40.633533428511967 ], [ -73.740619391119353, 40.634857258941338 ], [ -73.739132721544948, 40.635177146826571 ], [ -73.737833197095355, 40.632869031843789 ] ] ], [ [ [ -73.429583092325089, 40.631970427866413 ], [ -73.430757226334052, 40.630998486361399 ], [ -73.432325002100512, 40.631384498141152 ], [ -73.430958780436029, 40.631910213949141 ], [ -73.429583092325089, 40.631970427866413 ] ] ], [ [ [ -73.549273644312478, 40.633482033413664 ], [ -73.550223663929401, 40.627117198351925 ], [ -73.555225510380822, 40.622149466151484 ], [ -73.557969238346374, 40.623268303398966 ], [ -73.559529106243389, 40.62801560174595 ], [ -73.556993894323256, 40.632806531532196 ], [ -73.549273644312478, 40.633482033413664 ] ] ], [ [ [ -73.545064418267131, 40.631991837867275 ], [ -73.546242929766464, 40.631052863973991 ], [ -73.543686858965458, 40.629591002149908 ], [ -73.549144891477724, 40.626906445677378 ], [ -73.548229672594914, 40.633516379987149 ], [ -73.546786468005536, 40.634453600638395 ], [ -73.545064418267131, 40.631991837867275 ] ] ], [ [ [ -73.431638567052545, 40.633287964920413 ], [ -73.430363782205916, 40.633061583347448 ], [ -73.430353378816605, 40.632993844134532 ], [ -73.432050650324527, 40.632544148069698 ], [ -73.431638567052545, 40.633287964920413 ] ] ], [ [ [ -73.847511125129301, 40.633343254179678 ], [ -73.850128403540523, 40.633059489761997 ], [ -73.848171068859529, 40.637723583654193 ], [ -73.845460200368763, 40.638888265307408 ], [ -73.844184109371668, 40.636682668628914 ], [ -73.847511125129301, 40.633343254179678 ] ] ], [ [ [ -73.742243150792618, 40.634737110988539 ], [ -73.74033182871878, 40.633718980917038 ], [ -73.741509912620046, 40.631482400016381 ], [ -73.745604316904078, 40.633595829293448 ], [ -73.742698037889554, 40.637940004423939 ], [ -73.741290308669065, 40.637602179749351 ], [ -73.742833988924644, 40.635221437248894 ], [ -73.742243150792618, 40.634737110988539 ] ] ], [ [ [ -73.548635387709851, 40.634349937860968 ], [ -73.550125728698788, 40.634212813591823 ], [ -73.54932106188474, 40.636312697754754 ], [ -73.548359767512679, 40.635688567505127 ], [ -73.548635387709851, 40.634349937860968 ] ] ], [ [ [ -73.402238640977814, 40.634451093296626 ], [ -73.39814251731832, 40.634411740698127 ], [ -73.39761726518519, 40.633956826766145 ], [ -73.398462632868146, 40.632013669857251 ], [ -73.401353429418748, 40.63319063493396 ], [ -73.405400042431353, 40.633854373269536 ], [ -73.402238640977814, 40.634451093296626 ] ] ], [ [ [ -73.823210411204698, 40.637782647107493 ], [ -73.820338154084936, 40.627543496010496 ], [ -73.818853986318601, 40.626908611043675 ], [ -73.819183535077215, 40.623625435534414 ], [ -73.816745883790219, 40.620151221920672 ], [ -73.815355024032442, 40.620265671918069 ], [ -73.817532516924956, 40.618824510876927 ], [ -73.815125688631994, 40.613417863609513 ], [ -73.814958551683475, 40.607579678742233 ], [ -73.818908474530488, 40.604005686774265 ], [ -73.81919949903812, 40.597486964056166 ], [ -73.820891492943744, 40.595185478934624 ], [ -73.832206032662057, 40.594532945581491 ], [ -73.834736404459406, 40.59523065397471 ], [ -73.83427636821925, 40.596513116346713 ], [ -73.831938200858389, 40.597882567965776 ], [ -73.82726974526004, 40.597004694889804 ], [ -73.826490325597035, 40.59901800678216 ], [ -73.824006164934502, 40.598735317456033 ], [ -73.822907581935908, 40.605850857175078 ], [ -73.819386881318181, 40.6107869400388 ], [ -73.820913206122484, 40.612206425776556 ], [ -73.821502774036716, 40.608734889730073 ], [ -73.82575256261039, 40.614281247875873 ], [ -73.827515472219488, 40.613477248609492 ], [ -73.830898405408604, 40.61549661337957 ], [ -73.83426480959649, 40.613283230409813 ], [ -73.837336414555907, 40.615332110643216 ], [ -73.835354371713024, 40.617543792621575 ], [ -73.834871379025799, 40.622658714739273 ], [ -73.831015568179538, 40.624564694544489 ], [ -73.830741931462526, 40.626468130727545 ], [ -73.833003130271535, 40.628066614483345 ], [ -73.831099255231408, 40.632796685984246 ], [ -73.833389355538046, 40.638588475193465 ], [ -73.826485221369609, 40.635566513646161 ], [ -73.824047959053118, 40.636367629346779 ], [ -73.824221756111129, 40.639836211428182 ], [ -73.823210411204698, 40.637782647107493 ] ] ], [ [ [ -73.433344674389616, 40.632495042834044 ], [ -73.437457082708576, 40.632018589962165 ], [ -73.438499686291934, 40.632568620911272 ], [ -73.435088653800733, 40.635464732733659 ], [ -73.433344674389616, 40.632495042834044 ] ] ], [ [ [ -73.373483960398616, 40.631331881746611 ], [ -73.37522055026821, 40.632571759608112 ], [ -73.373885075240963, 40.634657522607718 ], [ -73.372754906578649, 40.63417292161536 ], [ -73.373483960398616, 40.631331881746611 ] ] ], [ [ [ -73.412880876147568, 40.635448056911933 ], [ -73.401733735685852, 40.632946592850118 ], [ -73.398950903157669, 40.630959600771334 ], [ -73.407628606344375, 40.624399223458781 ], [ -73.414954745677122, 40.624725234351061 ], [ -73.41435438989464, 40.634328836751273 ], [ -73.412880876147568, 40.635448056911933 ] ] ], [ [ [ -73.429750340664683, 40.635205663262994 ], [ -73.425558037981006, 40.634236741131012 ], [ -73.434104104740911, 40.633984314329382 ], [ -73.432810716683051, 40.635661293334238 ], [ -73.429750340664683, 40.635205663262994 ] ] ], [ [ [ -73.481060008534143, 40.633379580551967 ], [ -73.47438539571742, 40.633029923911458 ], [ -73.472314854445997, 40.631211892432582 ], [ -73.482129925393735, 40.62774736613288 ], [ -73.489510764042421, 40.628934736582423 ], [ -73.490878228975248, 40.633005083787467 ], [ -73.488862593632319, 40.636283787089965 ], [ -73.485199419312224, 40.637981878512342 ], [ -73.481060008534143, 40.633379580551967 ] ] ], [ [ [ -73.418806651546831, 40.637161089648004 ], [ -73.4172641624573, 40.636206194512127 ], [ -73.417238435605881, 40.63282079605289 ], [ -73.423968616409454, 40.634330035887288 ], [ -73.423417889851478, 40.635848521577557 ], [ -73.418806651546831, 40.637161089648004 ] ] ], [ [ [ -73.442749051759108, 40.632647204182511 ], [ -73.445006112029603, 40.633931443657239 ], [ -73.440784304180411, 40.637588765625146 ], [ -73.439761994437603, 40.635604302422209 ], [ -73.442749051759108, 40.632647204182511 ] ] ], [ [ [ -73.367665760051267, 40.634534228873889 ], [ -73.365661192850965, 40.633857575305854 ], [ -73.36491400024876, 40.635246073400118 ], [ -73.36425903318522, 40.633206049444496 ], [ -73.37147125715677, 40.632009683733486 ], [ -73.370046606371275, 40.638135870607734 ], [ -73.367665760051267, 40.634534228873889 ] ] ], [ [ [ -73.512081995567968, 40.63802660130218 ], [ -73.515815180988042, 40.637031078421941 ], [ -73.516077798969761, 40.63994649957602 ], [ -73.514353600461206, 40.640861571157529 ], [ -73.51006693514681, 40.639065776892302 ], [ -73.512081995567968, 40.63802660130218 ] ] ], [ [ [ -73.396095637671507, 40.639410956800141 ], [ -73.394207192993022, 40.638831748183108 ], [ -73.394508032493462, 40.635439622197623 ], [ -73.398480992635925, 40.63491076286946 ], [ -73.40219751610411, 40.637021549799798 ], [ -73.396095637671507, 40.639410956800141 ] ] ], [ [ [ -73.343641714657764, 40.638790807832812 ], [ -73.342497447835356, 40.638452145598045 ], [ -73.344903462254692, 40.637819301678711 ], [ -73.344302410277876, 40.638592449336073 ], [ -73.343641714657764, 40.638790807832812 ] ] ], [ [ [ -73.379503642084416, 40.632559336394259 ], [ -73.386425899763722, 40.635324667154244 ], [ -73.389108403949393, 40.638795353883665 ], [ -73.386052541067002, 40.639810065733556 ], [ -73.380899606069619, 40.638747262798169 ], [ -73.379503642084416, 40.632559336394259 ] ] ], [ [ [ -73.566036151818594, 40.639648614683395 ], [ -73.568020955184338, 40.640864308655573 ], [ -73.568478910926288, 40.642443077180502 ], [ -73.567223543164502, 40.641754412863271 ], [ -73.566036151818594, 40.639648614683395 ] ] ], [ [ [ -73.349151314958917, 40.638075615214994 ], [ -73.347522363921627, 40.637141840885739 ], [ -73.351555993583403, 40.636222295475385 ], [ -73.351083248876947, 40.639159085350578 ], [ -73.349151314958917, 40.638075615214994 ] ] ], [ [ [ -73.342232155569036, 40.63956378268508 ], [ -73.34164118628297, 40.638916535439989 ], [ -73.344190429887803, 40.639072296348147 ], [ -73.343377604574343, 40.639551623211851 ], [ -73.342232155569036, 40.63956378268508 ] ] ], [ [ [ -73.425009444921827, 40.639608089283747 ], [ -73.423349532549935, 40.639407393067245 ], [ -73.425654062494971, 40.63741314314688 ], [ -73.434492224554361, 40.638306352726175 ], [ -73.430242132350131, 40.639426069261404 ], [ -73.429124197843663, 40.641467778356606 ], [ -73.425009444921827, 40.639608089283747 ] ] ], [ [ [ -73.365201211408035, 40.639118458085562 ], [ -73.361755435674894, 40.63854236216995 ], [ -73.359328945057015, 40.640503353985544 ], [ -73.356130382995119, 40.638689347449116 ], [ -73.357117881224013, 40.636712639149437 ], [ -73.356671446375572, 40.636035348457838 ], [ -73.353985710949814, 40.635644341472613 ], [ -73.362010540147594, 40.634203755633131 ], [ -73.363282897746345, 40.634307603382219 ], [ -73.36220766106365, 40.635482882392814 ], [ -73.363384548408959, 40.636486313498132 ], [ -73.367996704791821, 40.635590003729419 ], [ -73.369467484965483, 40.639433817037926 ], [ -73.366895582255907, 40.640717889162786 ], [ -73.365201211408035, 40.639118458085562 ] ] ], [ [ [ -74.082378311582332, 40.648331680401633 ], [ -74.078098104256512, 40.647820880033976 ], [ -74.072168932327173, 40.644589942137614 ], [ -74.072110417866199, 40.642488623800325 ], [ -74.070383204611531, 40.642710701639054 ], [ -74.073213026215598, 40.6421780848029 ], [ -74.070242734152245, 40.642235247327889 ], [ -74.072889504254235, 40.640955117727017 ], [ -74.069983977129596, 40.641084298564749 ], [ -74.073133350141475, 40.640518503690352 ], [ -74.073346444001587, 40.632123010360473 ], [ -74.072993452807324, 40.630308254568007 ], [ -74.068064761559384, 40.62879734007398 ], [ -74.072928525273554, 40.629999656463085 ], [ -74.073296422213318, 40.62703629253533 ], [ -74.070011207760814, 40.621428579824453 ], [ -74.066416210180904, 40.617890997152877 ], [ -74.064244497947229, 40.61818089816196 ], [ -74.065088906229462, 40.617517960729806 ], [ -74.056382168594467, 40.607190749586039 ], [ -74.05381684245107, 40.605918399537771 ], [ -74.052249295755018, 40.599800883835997 ], [ -74.089144171672359, 40.567109832200423 ], [ -74.091537969902134, 40.566509626885221 ], [ -74.094051810901632, 40.562734726839388 ], [ -74.096371561900852, 40.562681388956364 ], [ -74.097845191530581, 40.559072262493068 ], [ -74.101406496897468, 40.557543545114136 ], [ -74.101289719503782, 40.555526134505371 ], [ -74.10333387815362, 40.555966294757688 ], [ -74.104876264835198, 40.553020716133936 ], [ -74.108199264225192, 40.553754775353681 ], [ -74.112824961812663, 40.547779009578534 ], [ -74.11685058928191, 40.54793856656768 ], [ -74.122938061432293, 40.545021197913435 ], [ -74.131657293734605, 40.533517147841131 ], [ -74.136881011484789, 40.529351642179918 ], [ -74.139432322113123, 40.530300169739014 ], [ -74.140402132514069, 40.535174775206691 ], [ -74.133968270888431, 40.535552912862997 ], [ -74.128219653144683, 40.540487437316223 ], [ -74.12756633269305, 40.54322213428852 ], [ -74.130759429404748, 40.546276496522353 ], [ -74.137941407100669, 40.546005665222118 ], [ -74.142255290469876, 40.542181137104116 ], [ -74.141662774284882, 40.537197430394116 ], [ -74.148989624184992, 40.534443151098067 ], [ -74.159663239304265, 40.527339687333637 ], [ -74.172317010804306, 40.523319326147586 ], [ -74.177622294683999, 40.51936468527137 ], [ -74.181072293397278, 40.520757371208362 ], [ -74.184782670592284, 40.519490746108353 ], [ -74.195507527412005, 40.509893267730263 ], [ -74.199680315094454, 40.511423912705844 ], [ -74.200027739428904, 40.512672940888429 ], [ -74.197193355281513, 40.513218843914956 ], [ -74.198981991742045, 40.514991306435753 ], [ -74.201685828220775, 40.515815583456096 ], [ -74.198202583757123, 40.513343332550562 ], [ -74.208867725966627, 40.511398925635227 ], [ -74.217543822067313, 40.503306073281372 ], [ -74.231901121841233, 40.501714800519593 ], [ -74.24687667273642, 40.496154677210313 ], [ -74.253288535519061, 40.500219818993884 ], [ -74.255585288748691, 40.507690565202388 ], [ -74.251987438119414, 40.513848775987015 ], [ -74.2398891802995, 40.520197648687969 ], [ -74.242928767505546, 40.521264004304378 ], [ -74.243909467284368, 40.524883963235098 ], [ -74.241496976011859, 40.530794730330513 ], [ -74.242268314430575, 40.533314484180814 ], [ -74.240467864225735, 40.533403727763833 ], [ -74.245073041597166, 40.536935410280933 ], [ -74.245567741129193, 40.541016970140085 ], [ -74.248006285341575, 40.543116127783001 ], [ -74.246184261196888, 40.545664230934399 ], [ -74.243637028919949, 40.547668867593821 ], [ -74.240401103230454, 40.547557062614743 ], [ -74.236080003694596, 40.55055096178117 ], [ -74.236340477397746, 40.552378512060208 ], [ -74.232792681794422, 40.552741147522283 ], [ -74.230647420454289, 40.55538887100338 ], [ -74.220713444004005, 40.555878260618151 ], [ -74.219724371926745, 40.554563792757321 ], [ -74.21338389466645, 40.556518395884993 ], [ -74.208814996656088, 40.569722624443266 ], [ -74.199463561497879, 40.573301681933508 ], [ -74.197990962235764, 40.578173198144306 ], [ -74.191616062432118, 40.575857207599796 ], [ -74.18675378542973, 40.576545640459742 ], [ -74.185412900747863, 40.574851306025423 ], [ -74.183684923925213, 40.57485507858118 ], [ -74.184918527304291, 40.576756292020065 ], [ -74.180317607048991, 40.577213246614328 ], [ -74.186453184881159, 40.578577120779897 ], [ -74.191279767325724, 40.57747934960134 ], [ -74.196585544380511, 40.580097249689615 ], [ -74.205877826375584, 40.579995131823438 ], [ -74.204333895490009, 40.583654017699658 ], [ -74.204635747391805, 40.589314693845338 ], [ -74.197259473981362, 40.59657645072128 ], [ -74.196037488513852, 40.602263717793932 ], [ -74.198416843630483, 40.607189203510949 ], [ -74.195678919679992, 40.614595673980844 ], [ -74.200652315588073, 40.617164799997788 ], [ -74.201551574103235, 40.623077474594545 ], [ -74.200143376860481, 40.631510277192049 ], [ -74.194257316878264, 40.636031474372473 ], [ -74.194435816616789, 40.637319836338371 ], [ -74.183081151849706, 40.644762542569566 ], [ -74.179190913968498, 40.645068651379574 ], [ -74.178256622953882, 40.642560396130797 ], [ -74.173988503358544, 40.64509940675169 ], [ -74.17137644775238, 40.641707578807434 ], [ -74.165006863280269, 40.642238514399082 ], [ -74.164062048502103, 40.639967310569268 ], [ -74.161691467230852, 40.640622285721747 ], [ -74.162299990495896, 40.638750851106415 ], [ -74.152887314489789, 40.63708520980461 ], [ -74.152459170238856, 40.638776768856758 ], [ -74.149350442400348, 40.63738225948503 ], [ -74.148760039951199, 40.638866301958352 ], [ -74.143925978133595, 40.638844919383565 ], [ -74.13503197230456, 40.64178852683208 ], [ -74.129489178355342, 40.641351683761449 ], [ -74.127012540184992, 40.639373577813309 ], [ -74.118610199378949, 40.641534327687886 ], [ -74.118831524502028, 40.64254973679094 ], [ -74.117118773225144, 40.64168573021972 ], [ -74.109945835275909, 40.645476660227459 ], [ -74.098719356506606, 40.645021895989046 ], [ -74.085954113961265, 40.648868687854268 ], [ -74.082378311582332, 40.648331680401633 ] ] ], [ [ [ -73.493838891098761, 40.638103538036866 ], [ -73.494876581795836, 40.639449746807188 ], [ -73.489425218376226, 40.643534841959827 ], [ -73.490937423460892, 40.640002533825225 ], [ -73.493838891098761, 40.638103538036866 ] ] ], [ [ [ -73.404019134210287, 40.644084334983781 ], [ -73.401528436507448, 40.643821066117226 ], [ -73.400595544169732, 40.642696912282091 ], [ -73.404664995051789, 40.642191275792122 ], [ -73.404019134210287, 40.644084334983781 ] ] ], [ [ [ -73.338331411890579, 40.640621724723481 ], [ -73.339641683784208, 40.641854672314039 ], [ -73.337850952452442, 40.643332071102378 ], [ -73.336189973780307, 40.641959150945603 ], [ -73.338331411890579, 40.640621724723481 ] ] ], [ [ [ -73.478778979415253, 40.641640103300119 ], [ -73.478409469101223, 40.639378999079895 ], [ -73.48345019014657, 40.641550205832822 ], [ -73.486848175506594, 40.641205723402805 ], [ -73.486940003989886, 40.642953763297584 ], [ -73.485384588143432, 40.644837137717325 ], [ -73.480951920544214, 40.645417076703957 ], [ -73.481156450764729, 40.643083894542706 ], [ -73.478778979415253, 40.641640103300119 ] ] ], [ [ [ -73.411266613463482, 40.637593835970812 ], [ -73.414053436308151, 40.636865038339252 ], [ -73.413136242928331, 40.644198770549274 ], [ -73.406514261505805, 40.643241455437597 ], [ -73.406567038427056, 40.640966750713254 ], [ -73.411266613463482, 40.637593835970812 ] ] ], [ [ [ -73.476772409870165, 40.645689534041132 ], [ -73.476199257769437, 40.645297367623158 ], [ -73.478583836589451, 40.646060630743371 ], [ -73.477131326352051, 40.646559627863788 ], [ -73.476772409870165, 40.645689534041132 ] ] ], [ [ [ -73.374856013027596, 40.64428774563526 ], [ -73.375580516880646, 40.645382467020347 ], [ -73.374264527210244, 40.645761338372772 ], [ -73.374253522848008, 40.645007844009768 ], [ -73.374856013027596, 40.64428774563526 ] ] ], [ [ [ -73.391173872434393, 40.646190812503313 ], [ -73.383820190755046, 40.644524455757178 ], [ -73.382094724723601, 40.643532724846139 ], [ -73.389522091612449, 40.640191357917345 ], [ -73.392870578003681, 40.640422687288144 ], [ -73.39528234613239, 40.643974192040723 ], [ -73.391173872434393, 40.646190812503313 ] ] ], [ [ [ -73.489130154144746, 40.644048112588727 ], [ -73.494809480339057, 40.640036013385654 ], [ -73.502202881028694, 40.637594490384863 ], [ -73.501855188097977, 40.636438297780558 ], [ -73.495973241501446, 40.636297472790829 ], [ -73.498579186767017, 40.629467020023291 ], [ -73.500840509543522, 40.629058666519349 ], [ -73.499007974211693, 40.625678937573461 ], [ -73.502045725261311, 40.624134950369388 ], [ -73.504308928211714, 40.629392419289694 ], [ -73.507699367723347, 40.628284098765597 ], [ -73.507729456793768, 40.638751248519746 ], [ -73.503310357348624, 40.641839816016791 ], [ -73.501675342683143, 40.644993374884827 ], [ -73.491780442049389, 40.647838213894346 ], [ -73.488464375856765, 40.645418137957328 ], [ -73.489130154144746, 40.644048112588727 ] ] ], [ [ [ -73.335489235756427, 40.646444107845511 ], [ -73.336381939264953, 40.6450221515911 ], [ -73.333943219881078, 40.644188535434964 ], [ -73.338142826766344, 40.644423053845976 ], [ -73.337969694461648, 40.646608548949246 ], [ -73.335489235756427, 40.646444107845511 ] ] ], [ [ [ -73.250283120165989, 40.645851150421549 ], [ -73.249241978141583, 40.645362385666289 ], [ -73.249108386980723, 40.645086267457557 ], [ -73.251274328437006, 40.645121349646615 ], [ -73.250283120165989, 40.645851150421549 ] ] ], [ [ [ -73.319401101618922, 40.646295669447234 ], [ -73.311532311582624, 40.645636478383203 ], [ -73.311913582640344, 40.643364870778598 ], [ -73.308299922560394, 40.641301378494816 ], [ -73.297757675271654, 40.640072687851003 ], [ -73.275796570503928, 40.642674921557692 ], [ -73.272448769527259, 40.641576169529436 ], [ -73.251669760536871, 40.642583773329072 ], [ -73.250718735705121, 40.641139318934286 ], [ -73.253867229266348, 40.637632791318815 ], [ -73.26298983747057, 40.635608648951568 ], [ -73.283699852253875, 40.639542849548604 ], [ -73.29302946284227, 40.637842954572264 ], [ -73.310625931223882, 40.63918862462868 ], [ -73.312713096717943, 40.637035332148933 ], [ -73.30905742961869, 40.633865518018645 ], [ -73.310282139676445, 40.63293961126562 ], [ -73.319709007267392, 40.635657253573797 ], [ -73.326634977683767, 40.634875977311005 ], [ -73.343458662257376, 40.628626115085737 ], [ -73.366703419141899, 40.625543636369336 ], [ -73.42646440306838, 40.609194563767041 ], [ -73.519568011665058, 40.589641800951377 ], [ -73.554421269368206, 40.580631593752464 ], [ -73.575810085316192, 40.573091443229217 ], [ -73.571589412039188, 40.58285867944943 ], [ -73.56405632871278, 40.589940212445569 ], [ -73.557404896921966, 40.591530909575418 ], [ -73.555321304926096, 40.590984867641595 ], [ -73.555492836432961, 40.589704697059943 ], [ -73.54925801632146, 40.590326878278169 ], [ -73.548856639171063, 40.592450144594913 ], [ -73.542934880139441, 40.596961540734739 ], [ -73.538648278605422, 40.596209477894647 ], [ -73.530078477457366, 40.598958940421795 ], [ -73.518979129165388, 40.599368450562359 ], [ -73.514326807309544, 40.602565908743401 ], [ -73.51105111859232, 40.601672622866253 ], [ -73.509588077404842, 40.603764317310592 ], [ -73.510146270759449, 40.60622888210635 ], [ -73.501342758517183, 40.609468189828419 ], [ -73.500076195950356, 40.613787597862974 ], [ -73.497259595750634, 40.612153489445454 ], [ -73.497293130758493, 40.609751800791123 ], [ -73.489446065579031, 40.607921794256875 ], [ -73.496268902214268, 40.605930751322468 ], [ -73.498847129063449, 40.60379621636956 ], [ -73.497526356762449, 40.602794059212144 ], [ -73.49541639382312, 40.603592460706309 ], [ -73.496442065960011, 40.604849993235177 ], [ -73.49534126681759, 40.606000886582812 ], [ -73.490709727485836, 40.606384056354734 ], [ -73.49195525600031, 40.603511606876893 ], [ -73.502149514812615, 40.601292111322131 ], [ -73.502443501065741, 40.598959361262473 ], [ -73.484599455195223, 40.599856149660127 ], [ -73.480904068187328, 40.601035803935282 ], [ -73.482574072233135, 40.604623432065459 ], [ -73.481549979334503, 40.605656313510686 ], [ -73.461854631427528, 40.612461132780702 ], [ -73.439419045509908, 40.61477982107175 ], [ -73.435409555376424, 40.611955984719067 ], [ -73.432468354355223, 40.611650339888087 ], [ -73.422751517777087, 40.615757894354623 ], [ -73.420886688909107, 40.617315020845567 ], [ -73.420274339719285, 40.618881689987461 ], [ -73.416809165765912, 40.619125010911965 ], [ -73.4141551723107, 40.61516066156377 ], [ -73.413635778091546, 40.620009292059954 ], [ -73.406457362215718, 40.622378550698869 ], [ -73.398783974618311, 40.619183444404726 ], [ -73.403048182050611, 40.618173760247188 ], [ -73.402951111897636, 40.617369385733568 ], [ -73.392778683943376, 40.620097823446422 ], [ -73.396935725955544, 40.61984476361458 ], [ -73.398859393576302, 40.623380843714514 ], [ -73.397305838140809, 40.62425069922174 ], [ -73.392005941457867, 40.625199510430981 ], [ -73.384985101760975, 40.621745629434415 ], [ -73.38169691388488, 40.623975780284688 ], [ -73.382662274930226, 40.627786132236359 ], [ -73.37637802232527, 40.628972608197124 ], [ -73.376456400333822, 40.626865776185078 ], [ -73.374139108023527, 40.626181065827453 ], [ -73.367164205475319, 40.627424515067347 ], [ -73.361473744663058, 40.630501956757172 ], [ -73.367918556752002, 40.631131896255326 ], [ -73.347483057238037, 40.636230160875321 ], [ -73.346334754285081, 40.635346149703608 ], [ -73.348274120863749, 40.634363627366817 ], [ -73.346663331964876, 40.634202040435845 ], [ -73.342047697305219, 40.635759445939591 ], [ -73.344514565398526, 40.636965110170927 ], [ -73.333748503755061, 40.641467732004941 ], [ -73.332119542836267, 40.63927779521422 ], [ -73.331687696628066, 40.640953857361794 ], [ -73.32719166995355, 40.641322584418766 ], [ -73.327535321363811, 40.644170437218804 ], [ -73.322609638573738, 40.647035649802127 ], [ -73.319401101618922, 40.646295669447234 ] ] ], [ [ [ -73.480997578316845, 40.646632864640907 ], [ -73.484674599268715, 40.646166459844522 ], [ -73.485099530245904, 40.646821316914647 ], [ -73.483053597423378, 40.649633767377033 ], [ -73.483417607352905, 40.647402477774307 ], [ -73.480997578316845, 40.646632864640907 ] ] ], [ [ [ -73.336993341630489, 40.648325943612875 ], [ -73.336587879840479, 40.647547633949642 ], [ -73.338462460819187, 40.646791021044265 ], [ -73.340595859007635, 40.641853145445332 ], [ -73.339905403100502, 40.639727924450519 ], [ -73.343839422173687, 40.640380283723253 ], [ -73.346307540721867, 40.638628088454979 ], [ -73.350502936305077, 40.640136390617215 ], [ -73.351742086781044, 40.639810285227654 ], [ -73.353653840046206, 40.635798039693775 ], [ -73.355201218665812, 40.636662706680141 ], [ -73.356930368688239, 40.636576498642071 ], [ -73.355808369305095, 40.63890224972657 ], [ -73.357885596737177, 40.640565929571842 ], [ -73.361410284078119, 40.640931829935823 ], [ -73.36226146565761, 40.639896866046605 ], [ -73.364878415285418, 40.641128060201375 ], [ -73.355605713868584, 40.64724010586739 ], [ -73.352660233273369, 40.645256463273675 ], [ -73.350870428104656, 40.64509620729941 ], [ -73.345177519383242, 40.648307453251732 ], [ -73.336993341630489, 40.648325943612875 ] ] ], [ [ [ -73.284291073966557, 40.645585717629231 ], [ -73.287138600466534, 40.645461162668326 ], [ -73.288772352999032, 40.64758994912701 ], [ -73.283388190749207, 40.64589644048025 ], [ -73.284291073966557, 40.645585717629231 ] ] ], [ [ [ -73.245765142259188, 40.644363630242324 ], [ -73.247066157912116, 40.644209403042851 ], [ -73.246835715787242, 40.647394907452252 ], [ -73.244902465837328, 40.646471285596242 ], [ -73.245765142259188, 40.644363630242324 ] ] ], [ [ [ -73.348589775379878, 40.64936862225354 ], [ -73.345876180502216, 40.648629046037634 ], [ -73.349827174141041, 40.645821896954637 ], [ -73.355403823796678, 40.64771049720764 ], [ -73.35222100381182, 40.646964383931021 ], [ -73.348589775379878, 40.64936862225354 ] ] ], [ [ [ -73.28922922447444, 40.644279874368586 ], [ -73.298281128977592, 40.641215582025225 ], [ -73.305837630485158, 40.643793594191564 ], [ -73.304135053527148, 40.646026457614433 ], [ -73.297641376680019, 40.644597282393711 ], [ -73.297779482773493, 40.648027869151683 ], [ -73.293785299034127, 40.649123672852362 ], [ -73.28922922447444, 40.644279874368586 ] ] ], [ [ [ -73.330994515232334, 40.646767316794367 ], [ -73.333563527163307, 40.64613945236821 ], [ -73.336385617866043, 40.649115343463656 ], [ -73.331491836946654, 40.650167312286321 ], [ -73.329877355073648, 40.64789878013373 ], [ -73.330994515232334, 40.646767316794367 ] ] ], [ [ [ -73.33980552481394, 40.649220983698925 ], [ -73.34287983280403, 40.648822629642339 ], [ -73.343112571022786, 40.651178413558057 ], [ -73.338926830532259, 40.649988518232092 ], [ -73.33980552481394, 40.649220983698925 ] ] ], [ [ [ -73.231376113989427, 40.651019765254389 ], [ -73.227043549255583, 40.651315583399771 ], [ -73.224670423955445, 40.649231767380812 ], [ -73.22764311991051, 40.648614262131431 ], [ -73.235134309405339, 40.651469948887012 ], [ -73.233115954862029, 40.652445466851219 ], [ -73.231376113989427, 40.651019765254389 ] ] ], [ [ [ -73.29372051972237, 40.651252200722993 ], [ -73.296993181117088, 40.650202214600768 ], [ -73.300356205842888, 40.652583475775621 ], [ -73.29629919303423, 40.654602013905141 ], [ -73.29372051972237, 40.651252200722993 ] ] ], [ [ [ -73.278396086527025, 40.654171404667643 ], [ -73.27697294041964, 40.652560434665801 ], [ -73.279365273497177, 40.651894599176849 ], [ -73.280390929464403, 40.649731439386699 ], [ -73.278732091477579, 40.648891590517877 ], [ -73.278823570516238, 40.646793164636556 ], [ -73.288687375068108, 40.649060449624294 ], [ -73.281978632558804, 40.654200672875319 ], [ -73.278396086527025, 40.654171404667643 ] ] ], [ [ [ -73.274377606054188, 40.654865934014474 ], [ -73.275760511230104, 40.654028569142064 ], [ -73.276300968247767, 40.654429904392096 ], [ -73.27620043419104, 40.654931302569366 ], [ -73.274377606054188, 40.654865934014474 ] ] ], [ [ [ -73.232218616944948, 40.652811093543058 ], [ -73.233727516229351, 40.652791289079317 ], [ -73.230938919211994, 40.654579043687711 ], [ -73.230730722966811, 40.653693993585414 ], [ -73.232218616944948, 40.652811093543058 ] ] ], [ [ [ -73.258434604632285, 40.655489874047966 ], [ -73.258220410335966, 40.654004802037662 ], [ -73.258457892557729, 40.653940824227341 ], [ -73.259861965635011, 40.655808667392776 ], [ -73.258434604632285, 40.655489874047966 ] ] ], [ [ [ -73.290239866, 40.655567168884502 ], [ -73.291561321918934, 40.655874269458209 ], [ -73.291090681066862, 40.656747881206378 ], [ -73.289807697296609, 40.656165791084611 ], [ -73.290239866, 40.655567168884502 ] ] ], [ [ [ -73.270678823414542, 40.656271675716795 ], [ -73.268987863469803, 40.655220273367867 ], [ -73.273082974727942, 40.655094509003163 ], [ -73.273210433090355, 40.654520821085391 ], [ -73.274218113768754, 40.654521589826899 ], [ -73.273119943995169, 40.656209307036413 ], [ -73.270678823414542, 40.656271675716795 ] ] ], [ [ [ -73.248484315674773, 40.657486576240764 ], [ -73.243685658259125, 40.654539279057026 ], [ -73.243524816704124, 40.650992219958958 ], [ -73.249594177920088, 40.646975893866106 ], [ -73.253208189241292, 40.648426895210171 ], [ -73.255135972942711, 40.648246012244108 ], [ -73.254166427544774, 40.653207914219131 ], [ -73.257970791874712, 40.655292476344897 ], [ -73.252505298853976, 40.655163393202308 ], [ -73.253395365807165, 40.657341712914459 ], [ -73.251098674561291, 40.658824459089509 ], [ -73.248484315674773, 40.657486576240764 ] ] ], [ [ [ -73.263057282982089, 40.65862337497861 ], [ -73.260638022005594, 40.656968778289041 ], [ -73.259828693833512, 40.653907144461236 ], [ -73.25479169630502, 40.653044654782242 ], [ -73.256876572891741, 40.64639546541035 ], [ -73.25259022378431, 40.647676592102215 ], [ -73.251803004948002, 40.64521753418596 ], [ -73.256575696560361, 40.643760246023227 ], [ -73.269687013272289, 40.6437739690436 ], [ -73.279508891653222, 40.646121722741981 ], [ -73.27825965938483, 40.646882691756858 ], [ -73.279106451795812, 40.651006494224703 ], [ -73.275939939826642, 40.652915006395816 ], [ -73.276369449516807, 40.654011472011895 ], [ -73.274688881283296, 40.652887378055169 ], [ -73.275247343234156, 40.65429002036165 ], [ -73.273117734139561, 40.654198597672135 ], [ -73.270557262491977, 40.655158915734951 ], [ -73.269410757067902, 40.65405108497972 ], [ -73.268550208754959, 40.655160323036327 ], [ -73.269560373275098, 40.657382247309314 ], [ -73.264958774791751, 40.659337168492861 ], [ -73.263057282982089, 40.65862337497861 ] ] ], [ [ [ -73.195972622903398, 40.654157748528938 ], [ -73.199168004929177, 40.654150439992392 ], [ -73.204031811762476, 40.657919289598055 ], [ -73.201286435388383, 40.659342333272129 ], [ -73.192962239927226, 40.655995144682819 ], [ -73.195972622903398, 40.654157748528938 ] ] ], [ [ [ -73.239252218108774, 40.659971799591631 ], [ -73.237365447889985, 40.658646433757156 ], [ -73.240696845629543, 40.657175673608343 ], [ -73.241641516677291, 40.658849885205242 ], [ -73.239252218108774, 40.659971799591631 ] ] ], [ [ [ -73.177655353524344, 40.658856653507392 ], [ -73.175483093318363, 40.656297371994143 ], [ -73.178735119512694, 40.652942130396909 ], [ -73.190915518383889, 40.656900802327826 ], [ -73.19163079294573, 40.659030198345356 ], [ -73.177655353524344, 40.658856653507392 ] ] ], [ [ [ -74.044133823850117, 40.688545760514458 ], [ -74.046249704890556, 40.689327216247165 ], [ -74.047188849502646, 40.69094530088568 ], [ -74.043874671568744, 40.690187205574219 ], [ -74.044133823850117, 40.688545760514458 ] ] ], [ [ [ -74.016753160515435, 40.693346394967449 ], [ -74.011809320976838, 40.692505481684549 ], [ -74.013189190745422, 40.691961689381323 ], [ -74.01205643313844, 40.690634873007788 ], [ -74.013179331735174, 40.688172778319121 ], [ -74.022591698720802, 40.68436474638402 ], [ -74.02213469519306, 40.683777511646831 ], [ -74.023047211045181, 40.682931940014065 ], [ -74.022762492710839, 40.68428738750837 ], [ -74.026203046537219, 40.68474551965506 ], [ -74.026372813752872, 40.686208018029767 ], [ -74.019736723390466, 40.693128397324379 ], [ -74.016753160515435, 40.693346394967449 ] ] ], [ [ [ -74.04037705136561, 40.700120448672372 ], [ -74.038894184359833, 40.699633299283938 ], [ -74.038373748993223, 40.698676808320833 ], [ -74.03993239248652, 40.698597934359988 ], [ -74.04037705136561, 40.700120448672372 ] ] ], [ [ [ -72.972972571222414, 40.702201839140677 ], [ -72.972917696734982, 40.700974159172688 ], [ -72.974856217998962, 40.701744225407239 ], [ -72.974225845909601, 40.70216945112896 ], [ -72.972972571222414, 40.702201839140677 ] ] ], [ [ [ -73.131545161468836, 40.720713353723376 ], [ -73.134099503012905, 40.71825573143331 ], [ -73.136209316831923, 40.720778056546322 ], [ -73.13844248101752, 40.719891742569416 ], [ -73.135111746234642, 40.722222515458803 ], [ -73.131545161468836, 40.720713353723376 ] ] ], [ [ [ -72.923378853530608, 40.720462312847289 ], [ -72.923370834270045, 40.721935744757651 ], [ -72.922628467417582, 40.72195832276568 ], [ -72.92276691666747, 40.721152144996758 ], [ -72.923378853530608, 40.720462312847289 ] ] ], [ [ [ -72.917220915732685, 40.723396755455546 ], [ -72.917794636466979, 40.721973609876208 ], [ -72.919486074315458, 40.722215803970329 ], [ -72.917656728901193, 40.723998219594726 ], [ -72.917220915732685, 40.723396755455546 ] ] ], [ [ [ -72.911946742307919, 40.730276683278156 ], [ -72.910798562424162, 40.726858169105768 ], [ -72.91733734547833, 40.728536855504359 ], [ -72.916272297487595, 40.730138696988 ], [ -72.911946742307919, 40.730276683278156 ] ] ], [ [ [ -72.89097059443516, 40.731442340218472 ], [ -72.892095752294836, 40.731931916470074 ], [ -72.891802906003775, 40.733005297228409 ], [ -72.890723268474503, 40.732472260691019 ], [ -72.89097059443516, 40.731442340218472 ] ] ], [ [ [ -72.896744821351035, 40.739519658353608 ], [ -72.897907786606069, 40.739712451921555 ], [ -72.895023307906868, 40.740346250355252 ], [ -72.895595972222381, 40.739866392883435 ], [ -72.896744821351035, 40.739519658353608 ] ] ], [ [ [ -72.834779799315413, 40.745458143310614 ], [ -72.839466198761571, 40.744253676915136 ], [ -72.841914627137029, 40.744602847091187 ], [ -72.837354398767488, 40.748919504325436 ], [ -72.835090219348345, 40.748424171108837 ], [ -72.833808598322406, 40.745848596281171 ], [ -72.834779799315413, 40.745458143310614 ] ] ], [ [ [ -73.942650231718176, 40.768415739010216 ], [ -73.952763667307735, 40.756833708573907 ], [ -73.961597289281684, 40.749531899248773 ], [ -73.944683368039463, 40.769848902248981 ], [ -73.940023521894801, 40.772927561272105 ], [ -73.942650231718176, 40.768415739010216 ] ] ], [ [ [ -72.805358960460865, 40.755588165854874 ], [ -72.806263108506116, 40.755884320848523 ], [ -72.80524046009846, 40.757558362228615 ], [ -72.804324851346806, 40.756503240575064 ], [ -72.805358960460865, 40.755588165854874 ] ] ], [ [ [ -73.938035720850948, 40.780840866302604 ], [ -73.93760360424983, 40.780410248428758 ], [ -73.939561721363447, 40.779524926891263 ], [ -73.938702308521002, 40.78111871374297 ], [ -73.938035720850948, 40.780840866302604 ] ] ], [ [ [ -72.755414801891845, 40.769080272278195 ], [ -72.754341956524442, 40.76854460686679 ], [ -72.755930601951576, 40.763813772330778 ], [ -72.787351525413172, 40.755923215934942 ], [ -72.891187500745346, 40.723230825516211 ], [ -72.904168153007603, 40.720758443839507 ], [ -73.006558837862315, 40.682079864881345 ], [ -73.058990260773143, 40.665640570197034 ], [ -73.244704524759413, 40.624413785001693 ], [ -73.26307768012893, 40.621857493200906 ], [ -73.291670852603204, 40.620626689632118 ], [ -73.306473523620284, 40.620574237952738 ], [ -73.314879136988893, 40.623650293465758 ], [ -73.313905586901413, 40.626539100083278 ], [ -73.298130151822747, 40.629041065301152 ], [ -73.296124471609787, 40.626345871838168 ], [ -73.291777088267025, 40.625148314142564 ], [ -73.254809057146204, 40.625868792151486 ], [ -73.236052675984908, 40.631512498312063 ], [ -73.224745208702842, 40.631918351189313 ], [ -73.209565115010733, 40.635737086174963 ], [ -73.194730842160283, 40.64306772502691 ], [ -73.192712837061634, 40.642945581733443 ], [ -73.194394125744026, 40.641067401248506 ], [ -73.19176900593871, 40.638499819712898 ], [ -73.183330032733693, 40.641874505244111 ], [ -73.168408837099733, 40.643230603988606 ], [ -73.156662230187649, 40.649787444974756 ], [ -73.143638204568518, 40.649367212785279 ], [ -73.129816515401288, 40.654349429674582 ], [ -73.102417291076193, 40.657062630075075 ], [ -73.083600286209631, 40.661942745098791 ], [ -73.074011375117848, 40.666331090097543 ], [ -73.070527894397301, 40.6667037045979 ], [ -73.069129796014963, 40.665366494236117 ], [ -73.069944288601604, 40.666590271105569 ], [ -73.054191292540409, 40.668852146545817 ], [ -73.042707104184089, 40.672376727519946 ], [ -73.042539713910671, 40.67392545483299 ], [ -73.035226400723587, 40.674102138766891 ], [ -73.011219817680882, 40.682481313375959 ], [ -73.002166480364835, 40.686228871132222 ], [ -73.004170379218593, 40.687064347463227 ], [ -72.995530187881513, 40.689804923999858 ], [ -72.990293780529626, 40.694858465498442 ], [ -72.99001805612788, 40.693240143503452 ], [ -72.991395787007775, 40.692805079258257 ], [ -72.989414375680539, 40.691473090824402 ], [ -72.988998915641417, 40.694907673320422 ], [ -72.987730240237028, 40.693339895799461 ], [ -72.986461194726715, 40.695592249330595 ], [ -72.984181275027197, 40.694859371356422 ], [ -72.97975519028239, 40.697285179413775 ], [ -72.97712127058054, 40.697409936596998 ], [ -72.976826510877942, 40.695974768092697 ], [ -72.972376547116255, 40.697326667547244 ], [ -72.972246182703898, 40.698940277497897 ], [ -72.975604590987459, 40.700460227365689 ], [ -72.971426432277909, 40.699513093626429 ], [ -72.970872932620637, 40.702118821929737 ], [ -72.966936066786303, 40.700244763998469 ], [ -72.949573031021174, 40.708035614654172 ], [ -72.948233624067939, 40.709034194985911 ], [ -72.950581287519668, 40.709446978205825 ], [ -72.945808816892864, 40.710925816748087 ], [ -72.947683467940166, 40.712060047002851 ], [ -72.939181016183923, 40.711675823652094 ], [ -72.939163663427578, 40.713507691751225 ], [ -72.93462277219281, 40.715146266685593 ], [ -72.93007873146469, 40.714721546653855 ], [ -72.928412881228766, 40.717670133981024 ], [ -72.925576354599428, 40.716145257851082 ], [ -72.921547931573002, 40.71957743056511 ], [ -72.921598965762612, 40.721544584302208 ], [ -72.91876060926505, 40.720950026110962 ], [ -72.919178501941957, 40.719956999032718 ], [ -72.916989047981431, 40.723012991037699 ], [ -72.911196126226187, 40.724738648243303 ], [ -72.908671502748334, 40.724486202414219 ], [ -72.910393986373009, 40.720939425595965 ], [ -72.895431888647522, 40.72455665154358 ], [ -72.8931195550376, 40.731354657028504 ], [ -72.889943549672523, 40.730294051523636 ], [ -72.879090326293664, 40.732527597071879 ], [ -72.882192512600284, 40.730656549475448 ], [ -72.880897086265037, 40.730091695593607 ], [ -72.872130010589018, 40.732014296119985 ], [ -72.867432943648865, 40.737086218901453 ], [ -72.853824654667278, 40.737839555561543 ], [ -72.843945693739897, 40.740596370885299 ], [ -72.8396872507968, 40.743666962679555 ], [ -72.833223715122386, 40.743881807072668 ], [ -72.831569714563372, 40.745890821843759 ], [ -72.821819500182528, 40.749389312304189 ], [ -72.818743742311568, 40.748859307524484 ], [ -72.806297101654778, 40.751837146373596 ], [ -72.808342877272125, 40.752184021523576 ], [ -72.803561980447967, 40.755896252243112 ], [ -72.800321446401057, 40.75579294088417 ], [ -72.801209093292869, 40.758390330106863 ], [ -72.79450931956336, 40.761000967679742 ], [ -72.79378840537818, 40.763139117193418 ], [ -72.78181547242184, 40.764625455920076 ], [ -72.781603097213946, 40.763377306316755 ], [ -72.77867574911275, 40.76346396752637 ], [ -72.778580921154742, 40.761260700345638 ], [ -72.785852397104108, 40.75972675068455 ], [ -72.784764259715601, 40.758232998481752 ], [ -72.782033900478126, 40.758676509565916 ], [ -72.776221885929829, 40.762934076303807 ], [ -72.769170371460916, 40.763888263516023 ], [ -72.76740071730066, 40.766610268728307 ], [ -72.763932309412269, 40.765720859996549 ], [ -72.755414801891845, 40.769080272278195 ] ] ], [ [ [ -72.754356155295824, 40.776228972543883 ], [ -72.748808230169686, 40.77637247265519 ], [ -72.747653499770891, 40.775069133224221 ], [ -72.750018950763547, 40.77358502065465 ], [ -72.756991932713674, 40.776532485784443 ], [ -72.754356155295824, 40.776228972543883 ] ] ], [ [ [ -72.73607507724293, 40.77620600479672 ], [ -72.739000999717788, 40.776224367158491 ], [ -72.740385023296227, 40.779600610592375 ], [ -72.734523755019225, 40.777034216209472 ], [ -72.73607507724293, 40.77620600479672 ] ] ], [ [ [ -72.724856701277488, 40.779821909860146 ], [ -72.72338899963033, 40.777998364514929 ], [ -72.727414617218088, 40.778547252404422 ], [ -72.726443453954317, 40.779683275390951 ], [ -72.724856701277488, 40.779821909860146 ] ] ], [ [ [ -73.897071337457675, 40.795783181194402 ], [ -73.897937123847043, 40.795772386546744 ], [ -73.899097143526248, 40.796555700189664 ], [ -73.897909174563594, 40.797083019940715 ], [ -73.897071337457675, 40.795783181194402 ] ] ], [ [ [ -73.887001876197914, 40.798069105679581 ], [ -73.872096737949647, 40.790909857563008 ], [ -73.871698855245683, 40.786811193941226 ], [ -73.878618078415954, 40.785412823399 ], [ -73.88901450847284, 40.787401093435989 ], [ -73.890265356810431, 40.79005177613422 ], [ -73.892124997009333, 40.790434231513402 ], [ -73.892446137536865, 40.794126987791898 ], [ -73.890664031828464, 40.797751783971854 ], [ -73.887001876197914, 40.798069105679581 ] ] ], [ [ [ -73.916195160112892, 40.79103999168332 ], [ -73.922854744114915, 40.78355631860893 ], [ -73.92744168119448, 40.781058276054715 ], [ -73.935986921504366, 40.783954644736788 ], [ -73.932502233448076, 40.789690436462699 ], [ -73.927203870189331, 40.791938950174988 ], [ -73.92834789087334, 40.793041124473589 ], [ -73.925656385568516, 40.801926729991145 ], [ -73.922533466145126, 40.801859471788667 ], [ -73.915376243323465, 40.797038608573281 ], [ -73.913777991312685, 40.79388217744161 ], [ -73.916195160112892, 40.79103999168332 ] ] ], [ [ [ -73.898481946676952, 40.80220952799219 ], [ -73.897046834111663, 40.800241694589978 ], [ -73.90017762187864, 40.79908769919308 ], [ -73.900164753512172, 40.800627287336191 ], [ -73.898481946676952, 40.80220952799219 ] ] ], [ [ [ -72.635839775046662, 40.799221038578139 ], [ -72.63774405432865, 40.799043782868644 ], [ -72.637996864504117, 40.800076725478299 ], [ -72.636715094357811, 40.800404373677473 ], [ -72.635839775046662, 40.799221038578139 ] ] ], [ [ [ -72.543166080381994, 40.828514002174224 ], [ -72.541940460330849, 40.828058907064666 ], [ -72.544600444650669, 40.828244274668833 ], [ -72.544321388397549, 40.828707772639525 ], [ -72.543166080381994, 40.828514002174224 ] ] ], [ [ [ -72.515358789152572, 40.836668554023944 ], [ -72.520876879431498, 40.832706744760571 ], [ -72.524800624472775, 40.834324761490215 ], [ -72.52300795906821, 40.836501307590993 ], [ -72.515358789152572, 40.836668554023944 ] ] ], [ [ [ -73.788740067577933, 40.857325193877443 ], [ -73.787991494265157, 40.853573651460508 ], [ -73.783560759840441, 40.851568654150668 ], [ -73.784290848519618, 40.85024489267046 ], [ -73.7814950775564, 40.848702700925742 ], [ -73.783509148932438, 40.84378038980671 ], [ -73.78128272929797, 40.839392841871678 ], [ -73.782775681689472, 40.836353056891092 ], [ -73.787376716030806, 40.83976929533371 ], [ -73.791491115016441, 40.846837056446788 ], [ -73.789514440505684, 40.851301826076615 ], [ -73.791244477165264, 40.852309088664846 ], [ -73.791842763229326, 40.857000918244104 ], [ -73.789835810103639, 40.858569832743029 ], [ -73.788740067577933, 40.857325193877443 ] ] ], [ [ [ -73.768316539013469, 40.85384562347317 ], [ -73.769726233747804, 40.847671723585712 ], [ -73.767850677198709, 40.845225383659447 ], [ -73.768984747244275, 40.844999151373898 ], [ -73.771267910760301, 40.847130437752185 ], [ -73.770879909524481, 40.849783337819318 ], [ -73.772451817541238, 40.851687743788403 ], [ -73.772168986567294, 40.859851929741808 ], [ -73.769993906549644, 40.859672692502038 ], [ -73.765305147229228, 40.855208512783264 ], [ -73.768316539013469, 40.85384562347317 ] ] ], [ [ [ -73.784545270272702, 40.860508665454034 ], [ -73.785290234154672, 40.858824289253427 ], [ -73.787406408045896, 40.858977645095571 ], [ -73.786869185861576, 40.860032614987709 ], [ -73.784545270272702, 40.860508665454034 ] ] ], [ [ [ -72.506683283245053, 40.838211279317271 ], [ -72.508300824779923, 40.839356220726415 ], [ -72.505667298540175, 40.84020584851261 ], [ -72.505719707152167, 40.839014886349474 ], [ -72.506683283245053, 40.838211279317271 ] ] ], [ [ [ -72.477958424038334, 40.842208752636871 ], [ -72.477693366232273, 40.83964040259341 ], [ -72.484837646127318, 40.83939145953169 ], [ -72.490732757534346, 40.836011296540747 ], [ -72.501003092871443, 40.834666832985882 ], [ -72.633222412193803, 40.795754742295941 ], [ -72.740304978014535, 40.767959452697589 ], [ -72.753168576202015, 40.763088237713134 ], [ -72.752761581886119, 40.765652472441545 ], [ -72.741449101106468, 40.769513417554236 ], [ -72.7380655705377, 40.773889501098161 ], [ -72.733057242741481, 40.775473156502215 ], [ -72.729946545795855, 40.778938410996098 ], [ -72.727690098176382, 40.775386421157201 ], [ -72.726270438430603, 40.77667772194166 ], [ -72.722034789339503, 40.775283360500424 ], [ -72.707418515150636, 40.779375658424662 ], [ -72.704441518960309, 40.783585861236482 ], [ -72.704331340590727, 40.779528745702045 ], [ -72.690562729280359, 40.783112815756155 ], [ -72.685275052380234, 40.788028292856943 ], [ -72.683325420752823, 40.788537324105477 ], [ -72.67924353898384, 40.78609820777141 ], [ -72.675464411923514, 40.787380544082524 ], [ -72.676484720219833, 40.788314140642541 ], [ -72.673770980713414, 40.79008115876421 ], [ -72.670112732754333, 40.788794249005086 ], [ -72.671828564354357, 40.791019088437316 ], [ -72.665508076405786, 40.790010719188601 ], [ -72.664491422456024, 40.793250393063595 ], [ -72.661877562134464, 40.791400475915744 ], [ -72.659364012189116, 40.793225805107902 ], [ -72.653631356609651, 40.793235626961533 ], [ -72.633138013676231, 40.798467235269328 ], [ -72.624732983314232, 40.802345892529225 ], [ -72.623812490422367, 40.801067333009087 ], [ -72.61804057127847, 40.80273049250281 ], [ -72.612162035585058, 40.806479850286863 ], [ -72.606762225581292, 40.806120654179431 ], [ -72.59662256098207, 40.808802986149445 ], [ -72.590437588385697, 40.81200086618599 ], [ -72.585845627028704, 40.812774690148991 ], [ -72.579790780791129, 40.818951565733883 ], [ -72.571356005413435, 40.818804010008009 ], [ -72.57292481514078, 40.819684107556746 ], [ -72.572437783628033, 40.82094592576459 ], [ -72.565329475870229, 40.822613497846248 ], [ -72.563558661086631, 40.820284222128052 ], [ -72.566804334395272, 40.818650140381031 ], [ -72.562185668819851, 40.820809587892484 ], [ -72.560784568267849, 40.819664623954822 ], [ -72.562031813462838, 40.824323925643149 ], [ -72.559817587560048, 40.824134095927576 ], [ -72.556792793810075, 40.820857502031842 ], [ -72.555772914908445, 40.823207803684952 ], [ -72.556877912776514, 40.825460053851479 ], [ -72.55512704777874, 40.824409731038628 ], [ -72.551920090960522, 40.8260315828378 ], [ -72.549051644494199, 40.824324717576317 ], [ -72.548521457016861, 40.825771957288232 ], [ -72.542864297650496, 40.824091540769466 ], [ -72.542271901839754, 40.825623666962308 ], [ -72.533955395957435, 40.826540481721345 ], [ -72.52692447716305, 40.829305561129047 ], [ -72.526625481005567, 40.832284079907389 ], [ -72.524639245725254, 40.833593907928019 ], [ -72.521024916400421, 40.831951300433026 ], [ -72.515834009615972, 40.834002069072902 ], [ -72.511522640631256, 40.833390526821532 ], [ -72.50915058163136, 40.836350674046351 ], [ -72.497931578641854, 40.838009727669295 ], [ -72.499755866541065, 40.843054989457265 ], [ -72.497007516743381, 40.840858473699662 ], [ -72.484203397807491, 40.841354050833225 ], [ -72.478790285550986, 40.843552306186332 ], [ -72.477958424038334, 40.842208752636871 ] ] ], [ [ [ -72.491569913717285, 40.846526644488272 ], [ -72.490399594853344, 40.845605105262443 ], [ -72.491266152895548, 40.844530935596438 ], [ -72.493661377649985, 40.847471718103925 ], [ -72.491569913717285, 40.846526644488272 ] ] ], [ [ [ -73.464443078409701, 40.86909857255494 ], [ -73.46489500915105, 40.868929531022182 ], [ -73.465178439301283, 40.870843034609209 ], [ -73.464769240519686, 40.870880905235758 ], [ -73.464443078409701, 40.86909857255494 ] ] ], [ [ [ -73.924748479870416, 40.877469917075587 ], [ -73.922453075012029, 40.876849062928549 ], [ -73.921336107092827, 40.873118094270374 ], [ -73.919950188967434, 40.87357942608547 ], [ -73.920845367334564, 40.875494546389383 ], [ -73.918837195195024, 40.873282986324554 ], [ -73.915281985795659, 40.87448755553055 ], [ -73.910440195771656, 40.871590340679582 ], [ -73.912521331773533, 40.866521172514403 ], [ -73.915923420637768, 40.864383088556217 ], [ -73.915368520506973, 40.863180197681402 ], [ -73.919503657100933, 40.858803704266911 ], [ -73.922038820512029, 40.859563906198076 ], [ -73.920760297775487, 40.857971734716578 ], [ -73.934887878568318, 40.835257803106522 ], [ -73.934333911787121, 40.80958652677819 ], [ -73.929033972883374, 40.801089558429119 ], [ -73.929271472173141, 40.79587437491702 ], [ -73.943238374904368, 40.783344577581836 ], [ -73.943609978292997, 40.780176779887249 ], [ -73.94192724781459, 40.779517826650675 ], [ -73.942754928567922, 40.774975374177195 ], [ -73.971356097844833, 40.743838897597506 ], [ -73.97247954171894, 40.735802266623807 ], [ -73.974507618728552, 40.735958547268709 ], [ -73.971418592740847, 40.729004642002003 ], [ -73.971755446599332, 40.725847135060647 ], [ -73.976855251637573, 40.711385197728326 ], [ -73.997499595082033, 40.708698631560054 ], [ -74.001252514692268, 40.706756830905789 ], [ -74.001456189716649, 40.704863708299214 ], [ -74.003807892892212, 40.705313057905919 ], [ -74.002867888592377, 40.704079821104031 ], [ -74.004060801882346, 40.705155545566726 ], [ -74.006587946032894, 40.703706699772582 ], [ -74.005482508888647, 40.702433924614915 ], [ -74.006796672284111, 40.703570947945423 ], [ -74.009276242555515, 40.701942870810818 ], [ -74.00773488534324, 40.701553038708937 ], [ -74.008355464897733, 40.700676473909247 ], [ -74.00957841785079, 40.701840589811198 ], [ -74.012501988536215, 40.700159089646561 ], [ -74.015142547686324, 40.700858520911822 ], [ -74.019341522157632, 40.706091556962321 ], [ -74.016411734232122, 40.713417549329307 ], [ -74.018151899396557, 40.714795726514225 ], [ -74.01670064949549, 40.718689928854701 ], [ -74.013219194475909, 40.71833844597311 ], [ -74.012916592480877, 40.719737355736576 ], [ -74.016375113511259, 40.720374671699069 ], [ -74.012992187508658, 40.720345793382307 ], [ -74.016103390205799, 40.721595090481912 ], [ -74.012552133393697, 40.721513757294986 ], [ -74.0116605249315, 40.72587745832675 ], [ -74.015206425089545, 40.726346330291697 ], [ -74.011564136599816, 40.72646297268377 ], [ -74.011387530509893, 40.728234780049547 ], [ -74.014865264707595, 40.728660175624064 ], [ -74.014052042338747, 40.730688735749823 ], [ -74.011160350167813, 40.730459016954576 ], [ -74.010928071886468, 40.733026431788169 ], [ -74.013994051595589, 40.733343452101664 ], [ -74.010905109151182, 40.733307487167735 ], [ -74.011996904479517, 40.734060488831183 ], [ -74.01082171135684, 40.734284004289897 ], [ -74.010392576264138, 40.739137879782916 ], [ -74.011465279697759, 40.740763079040818 ], [ -74.009537006414504, 40.741256613263658 ], [ -74.011389937994878, 40.741830237379979 ], [ -74.009171532231065, 40.742867098479429 ], [ -74.012152475618734, 40.743531523055182 ], [ -74.008960634751801, 40.743985526919388 ], [ -74.011783223121199, 40.745535162314034 ], [ -74.009466940517285, 40.745767954937357 ], [ -74.011592078696737, 40.746591793300617 ], [ -74.009307944101906, 40.746767655005335 ], [ -74.011415318096581, 40.747610525684721 ], [ -74.009067254894561, 40.74778095318694 ], [ -74.011241884856261, 40.748652894162575 ], [ -74.009110308451184, 40.750369788811767 ], [ -74.01058185398945, 40.751316740767379 ], [ -74.009005782281349, 40.750654909872992 ], [ -74.008542592954569, 40.751876042466733 ], [ -74.010108014236636, 40.752623593367716 ], [ -74.008527367408817, 40.752057055957302 ], [ -74.007405214413765, 40.756083636916486 ], [ -74.005002532744157, 40.757605606872048 ], [ -74.007041138008901, 40.759210564989132 ], [ -74.003667836556261, 40.759721206519096 ], [ -74.002337258245632, 40.761552141336054 ], [ -74.004432928988791, 40.762697626061048 ], [ -74.001536723681866, 40.762653378128114 ], [ -74.0036265670538, 40.763796600625305 ], [ -74.000973740510162, 40.763432033207984 ], [ -74.003135376341277, 40.764780708139192 ], [ -73.999610932443758, 40.763587071169482 ], [ -74.002311389460388, 40.765545833572332 ], [ -73.99837883913267, 40.765468069605575 ], [ -74.001611132933476, 40.766916633070991 ], [ -73.99792429788711, 40.766093362231707 ], [ -74.000458496507591, 40.76852265289503 ], [ -73.99715618981017, 40.767140187110748 ], [ -73.996470846215288, 40.768101920214498 ], [ -73.999723755453545, 40.769505429090039 ], [ -73.997200284514207, 40.768794702975292 ], [ -73.998755496443096, 40.770831779245626 ], [ -73.996377755599028, 40.76979380714085 ], [ -73.99494076914803, 40.771514134978368 ], [ -73.996864663144279, 40.772836424474526 ], [ -73.99416722446702, 40.772498325496784 ], [ -73.996080689921101, 40.774097615731236 ], [ -73.99386263360195, 40.77315350877732 ], [ -73.988941725357591, 40.779631785487936 ], [ -73.99142641602613, 40.779748868415403 ], [ -73.988972308501431, 40.779889467921272 ], [ -73.958743171842443, 40.821805490866588 ], [ -73.959901302364614, 40.822583409720295 ], [ -73.958214103665966, 40.822332223878384 ], [ -73.959540861441695, 40.823697607539771 ], [ -73.951221674986556, 40.832617797717184 ], [ -73.9462088421392, 40.843805281827002 ], [ -73.947030496993605, 40.850388694845854 ], [ -73.941847806200755, 40.853968857844002 ], [ -73.932473320272322, 40.867546695681035 ], [ -73.929180451275286, 40.875653430719751 ], [ -73.924748479870416, 40.877469917075587 ] ] ], [ [ [ -73.765754283311722, 40.878047549360552 ], [ -73.764698362204257, 40.877755001857345 ], [ -73.764498690072799, 40.877347683460492 ], [ -73.766322678833021, 40.876861927587491 ], [ -73.765754283311722, 40.878047549360552 ] ] ], [ [ [ -73.760965049223429, 40.878085409753133 ], [ -73.76012490165057, 40.876824063778223 ], [ -73.763526894395071, 40.87692255582499 ], [ -73.762819445057687, 40.877815896211331 ], [ -73.760965049223429, 40.878085409753133 ] ] ], [ [ [ -73.776655700407247, 40.884262361257072 ], [ -73.77803929189605, 40.883054343157767 ], [ -73.778996372271124, 40.884162877016308 ], [ -73.777178195610801, 40.885050851534466 ], [ -73.776655700407247, 40.884262361257072 ] ] ], [ [ [ -73.769410988863456, 40.88790597159273 ], [ -73.767053190618682, 40.887017996674409 ], [ -73.76799538501119, 40.882614002699952 ], [ -73.766809736396908, 40.880508702193254 ], [ -73.771195462530969, 40.879327665000581 ], [ -73.774261032608294, 40.882747504917994 ], [ -73.771306275111158, 40.887654473027851 ], [ -73.769410988863456, 40.88790597159273 ] ] ], [ [ [ -73.77986972517013, 40.888615122720388 ], [ -73.778884956023063, 40.887241488483852 ], [ -73.782843859327954, 40.885417301208967 ], [ -73.780873673348495, 40.885167636390662 ], [ -73.78280033774908, 40.881548924278555 ], [ -73.786748412761526, 40.883056322255179 ], [ -73.786208341121139, 40.886292054467049 ], [ -73.77986972517013, 40.888615122720388 ] ] ], [ [ [ -73.754934037985265, 40.888570865682965 ], [ -73.755529744986148, 40.887619168890332 ], [ -73.753678862462948, 40.887174934813032 ], [ -73.756346496835732, 40.885930997926351 ], [ -73.759812290626655, 40.886673809648407 ], [ -73.754934037985265, 40.888570865682965 ] ] ], [ [ [ -73.764925740175713, 40.897428094064992 ], [ -73.765127569162175, 40.898060426070117 ], [ -73.763903628062295, 40.899014971165172 ], [ -73.763967113800049, 40.898304446504113 ], [ -73.764925740175713, 40.897428094064992 ] ] ], [ [ [ -73.360453937626659, 40.892819501364194 ], [ -73.361267697188026, 40.894461273562669 ], [ -73.358599643302, 40.897698027498073 ], [ -73.358385828094711, 40.89719924996966 ], [ -73.360453937626659, 40.892819501364194 ] ] ], [ [ [ -73.762116337278073, 40.908842928269522 ], [ -73.762085475656477, 40.907634217015243 ], [ -73.763276109022257, 40.906791354647396 ], [ -73.763713588565636, 40.907253657507376 ], [ -73.762116337278073, 40.908842928269522 ] ] ], [ [ [ -73.765397423073523, 40.910728984772405 ], [ -73.765458554326926, 40.909300557501282 ], [ -73.766533536786397, 40.90927059088196 ], [ -73.765734624580048, 40.91130629008007 ], [ -73.765397423073523, 40.910728984772405 ] ] ], [ [ [ -73.164672867800576, 40.913870087359747 ], [ -73.168712830585136, 40.907529658383424 ], [ -73.167444987918998, 40.912837576821268 ], [ -73.171877585449622, 40.911439694351834 ], [ -73.173174373630829, 40.909244351409178 ], [ -73.174786025810704, 40.909984998448948 ], [ -73.171515191589279, 40.913064343803534 ], [ -73.164672867800576, 40.913870087359747 ] ] ], [ [ [ -73.739946330189326, 40.924982103655068 ], [ -73.740066569690114, 40.925302313918763 ], [ -73.739711304859881, 40.925741740376814 ], [ -73.73971059429249, 40.925481467115397 ], [ -73.739946330189326, 40.924982103655068 ] ] ], [ [ [ -73.155683782485255, 40.915645082457587 ], [ -73.156615385740551, 40.916038306120527 ], [ -73.152964041334414, 40.91812809758104 ], [ -73.153354201221873, 40.917003983021331 ], [ -73.155683782485255, 40.915645082457587 ] ] ], [ [ [ -73.742645836788398, 40.926664402086196 ], [ -73.742535181413388, 40.926285428344961 ], [ -73.743515840768026, 40.926439123366038 ], [ -73.742848777889179, 40.926816768650809 ], [ -73.742645836788398, 40.926664402086196 ] ] ], [ [ [ -72.619411745355094, 40.912625488841798 ], [ -72.619664458512503, 40.912258337209373 ], [ -72.621623771283765, 40.912263037018398 ], [ -72.621130880958717, 40.912538845910937 ], [ -72.619411745355094, 40.912625488841798 ] ] ], [ [ [ -72.616694091888974, 40.912212453804145 ], [ -72.618257338349778, 40.911458320026163 ], [ -72.618930736148016, 40.912651904835357 ], [ -72.618507904533672, 40.91287910353217 ], [ -72.616694091888974, 40.912212453804145 ] ] ], [ [ [ -73.162142266034508, 40.915173008680561 ], [ -73.166581125720967, 40.915529683275942 ], [ -73.149458463854515, 40.925047445750053 ], [ -73.149646043763937, 40.922829231808151 ], [ -73.153873035790639, 40.918575128186845 ], [ -73.162142266034508, 40.915173008680561 ] ] ], [ [ [ -72.634646523990142, 40.917172753784705 ], [ -72.636312596109917, 40.917180310390805 ], [ -72.636467855533752, 40.917598662088977 ], [ -72.633887972191175, 40.917300173986533 ], [ -72.634646523990142, 40.917172753784705 ] ] ], [ [ [ -73.699431331711892, 40.936769631243173 ], [ -73.69992419329084, 40.934606431792126 ], [ -73.701258324438413, 40.934353226214384 ], [ -73.700077618354854, 40.936828162623279 ], [ -73.699431331711892, 40.936769631243173 ] ] ], [ [ [ -72.444216667107597, 40.917046682152048 ], [ -72.442667217871247, 40.916492787391377 ], [ -72.441622685604955, 40.914221779446798 ], [ -72.44621835430911, 40.914505360420215 ], [ -72.446900169321538, 40.916705797025259 ], [ -72.444216667107597, 40.917046682152048 ] ] ], [ [ [ -73.698992734664301, 40.93775896617521 ], [ -73.699539244530342, 40.937751785155896 ], [ -73.699375132209397, 40.938299063858246 ], [ -73.698891251088341, 40.938189688148469 ], [ -73.698992734664301, 40.93775896617521 ] ] ], [ [ [ -73.704087420203734, 40.939848672733795 ], [ -73.704734440770267, 40.939388802562938 ], [ -73.705026260286942, 40.93981244507993 ], [ -73.704315924662552, 40.9400574025887 ], [ -73.704087420203734, 40.939848672733795 ] ] ], [ [ [ -73.724881962862028, 40.941746115068753 ], [ -73.724720385586821, 40.941485769815635 ], [ -73.725421526954264, 40.941653043568685 ], [ -73.725007622797222, 40.941798546485913 ], [ -73.724881962862028, 40.941746115068753 ] ] ], [ [ [ -73.690807533730435, 40.941308319796526 ], [ -73.690109013646975, 40.941155477042813 ], [ -73.690265516339139, 40.940615753540428 ], [ -73.69132898329498, 40.941005355015655 ], [ -73.690807533730435, 40.941308319796526 ] ] ], [ [ [ -73.708493932455141, 40.943143393223878 ], [ -73.708943386541236, 40.943015434544456 ], [ -73.709209788226957, 40.943474594809679 ], [ -73.7086685379969, 40.943764548016354 ], [ -73.708493932455141, 40.943143393223878 ] ] ], [ [ [ -73.712317045523349, 40.943399826893391 ], [ -73.712642256317466, 40.943162738049978 ], [ -73.7135761017677, 40.943131630530047 ], [ -73.712979490163335, 40.944116025386094 ], [ -73.712317045523349, 40.943399826893391 ] ] ], [ [ [ -72.442786203323891, 40.918038101754675 ], [ -72.449992119325515, 40.917016736692908 ], [ -72.450881982361125, 40.917364104271243 ], [ -72.447940996935614, 40.923091566041947 ], [ -72.445442607857302, 40.918939577732417 ], [ -72.442786203323891, 40.918038101754675 ] ] ], [ [ [ -73.701562077175325, 40.94496156090689 ], [ -73.706767345326227, 40.940329593346661 ], [ -73.70527566494917, 40.93788260417702 ], [ -73.70739920592402, 40.937857811313286 ], [ -73.707740540579181, 40.941986445067215 ], [ -73.701562077175325, 40.94496156090689 ] ] ], [ [ [ -73.683551319259408, 40.945765848954579 ], [ -73.685221535307619, 40.945876113197862 ], [ -73.684622707559427, 40.947302878148811 ], [ -73.683591109236616, 40.946841097618787 ], [ -73.683551319259408, 40.945765848954579 ] ] ], [ [ [ -73.679119484398484, 40.95031707975604 ], [ -73.680306929643308, 40.948779107731433 ], [ -73.680672590676338, 40.948885777717265 ], [ -73.680413552481028, 40.950212731123749 ], [ -73.679119484398484, 40.95031707975604 ] ] ], [ [ [ -73.678798202835424, 40.954921583405316 ], [ -73.679109675693894, 40.956211728062321 ], [ -73.678706504607845, 40.956485287763513 ], [ -73.678433320641759, 40.955983329642955 ], [ -73.678798202835424, 40.954921583405316 ] ] ], [ [ [ -73.677286105548589, 40.959214846518599 ], [ -73.677459983454995, 40.959002880246715 ], [ -73.677821246336379, 40.959253703129001 ], [ -73.677407276602324, 40.959595732302695 ], [ -73.677286105548589, 40.959214846518599 ] ] ], [ [ [ -72.416951854105207, 40.944332059124655 ], [ -72.414901183567878, 40.942673181043197 ], [ -72.414644297735961, 40.942114088173142 ], [ -72.417860555710647, 40.943430212989753 ], [ -72.416951854105207, 40.944332059124655 ] ] ], [ [ [ -73.036356197483386, 40.955231313394172 ], [ -73.039467233093873, 40.955269975605688 ], [ -73.039428739385642, 40.956570577985715 ], [ -73.03759624896955, 40.957940744329662 ], [ -73.036356197483386, 40.955231313394172 ] ] ], [ [ [ -73.033493215468908, 40.955096703076947 ], [ -73.03493064119607, 40.954963924925231 ], [ -73.035122905819691, 40.958101157145506 ], [ -73.030306398879361, 40.956972718677413 ], [ -73.033493215468908, 40.955096703076947 ] ] ], [ [ [ -73.025030591419096, 40.957363885746105 ], [ -73.026157341093452, 40.957350979758196 ], [ -73.02670879798174, 40.959734140520872 ], [ -73.024249338294609, 40.959977994354276 ], [ -73.023344971060411, 40.95804635342332 ], [ -73.025030591419096, 40.957363885746105 ] ] ], [ [ [ -73.032773069343307, 40.960311090322264 ], [ -73.027855356406434, 40.96010529469951 ], [ -73.02728275048139, 40.957164097053088 ], [ -73.036925091569657, 40.959684580009785 ], [ -73.032773069343307, 40.960311090322264 ] ] ], [ [ [ -73.022630880478118, 40.959724722554533 ], [ -73.023928312751408, 40.959607685402695 ], [ -73.022788401859827, 40.961556568711046 ], [ -73.021435539041946, 40.960682139500896 ], [ -73.022630880478118, 40.959724722554533 ] ] ], [ [ [ -72.458831721384314, 40.975981141115589 ], [ -72.454752880412585, 40.961744010159656 ], [ -72.452441516084846, 40.956859966915374 ], [ -72.465393287510736, 40.964895504876843 ], [ -72.468001773211938, 40.967955973013389 ], [ -72.471436652380689, 40.977334589702124 ], [ -72.467143669214892, 40.975963551629263 ], [ -72.461518618331723, 40.977310835056393 ], [ -72.458831721384314, 40.975981141115589 ] ] ], [ [ [ -72.45847865473155, 41.009620556403831 ], [ -72.456715580730759, 41.00900016784346 ], [ -72.456652235130193, 41.008684199582405 ], [ -72.459966035771657, 41.00922917109876 ], [ -72.45847865473155, 41.009620556403831 ] ] ], [ [ [ -72.138855229880704, 41.02004467325014 ], [ -72.139510780849179, 41.020382663625021 ], [ -72.138294855416575, 41.021431960707332 ], [ -72.138055474156289, 41.020240827137265 ], [ -72.138855229880704, 41.02004467325014 ] ] ], [ [ [ -72.140589334111908, 41.020216423745438 ], [ -72.141107813846119, 41.022631370915043 ], [ -72.138706563192756, 41.023456258543533 ], [ -72.138809988028044, 41.021416163108718 ], [ -72.140589334111908, 41.020216423745438 ] ] ], [ [ [ -72.180712353613444, 41.029202569766746 ], [ -72.181328820680534, 41.029063261679219 ], [ -72.183090532835365, 41.03268992838823 ], [ -72.182231904222192, 41.032458679698671 ], [ -72.180712353613444, 41.029202569766746 ] ] ], [ [ [ -72.324322600894291, 41.101281325134799 ], [ -72.321404716544606, 41.100367500748355 ], [ -72.320667044287802, 41.093756235985403 ], [ -72.316071374685336, 41.088144385429608 ], [ -72.305944929693837, 41.085641629275472 ], [ -72.299069751820255, 41.081173225078352 ], [ -72.280462469436571, 41.080457252105028 ], [ -72.277564560025553, 41.078593536301959 ], [ -72.276817354846941, 41.075334944367157 ], [ -72.280581141377169, 41.069249454302962 ], [ -72.280578937809778, 41.074571908812217 ], [ -72.289033003609887, 41.072762357339045 ], [ -72.295457912625395, 41.077353775442958 ], [ -72.296886841188282, 41.080514326086259 ], [ -72.303243901348694, 41.081474810639023 ], [ -72.30337747544155, 41.0772145543825 ], [ -72.305822288097986, 41.074446819782843 ], [ -72.310697013055261, 41.086260303740275 ], [ -72.323602529328852, 41.088280367311292 ], [ -72.323660028693553, 41.084653523923741 ], [ -72.320525789599273, 41.077922412998944 ], [ -72.310511881054978, 41.069953126613427 ], [ -72.311028852517836, 41.068394774073674 ], [ -72.316377160309742, 41.071000289259459 ], [ -72.317232784956616, 41.069628528725083 ], [ -72.319203169463748, 41.070058588802347 ], [ -72.31504733838058, 41.06783651519833 ], [ -72.32069466119458, 41.068743996442443 ], [ -72.319299728475315, 41.06680747763945 ], [ -72.318690912359486, 41.067841843949836 ], [ -72.313035763422732, 41.066759191656729 ], [ -72.313498728170714, 41.063625565250597 ], [ -72.310893888731243, 41.066352928733615 ], [ -72.304263689520468, 41.066330165885454 ], [ -72.300883691127396, 41.067969246224436 ], [ -72.2986739379364, 41.065005271105157 ], [ -72.294043659839303, 41.063147725121915 ], [ -72.283306589525012, 41.068687762879975 ], [ -72.272880773778553, 41.051707644076998 ], [ -72.279616604086939, 41.049093100139615 ], [ -72.280890395396895, 41.045566493153245 ], [ -72.27854595779533, 41.040177211678909 ], [ -72.26995434195895, 41.029195300435823 ], [ -72.270005437233991, 41.026131915205248 ], [ -72.274936698561959, 41.027116125682383 ], [ -72.277067254480869, 41.025936947219002 ], [ -72.281761939088909, 41.028878821844756 ], [ -72.277941599119956, 41.036666941272252 ], [ -72.279874898477217, 41.039548442889568 ], [ -72.28309477576417, 41.040406414829498 ], [ -72.285568176406215, 41.038447163251412 ], [ -72.298813307959477, 41.044962462762911 ], [ -72.304810966547763, 41.051301489374616 ], [ -72.310087085723424, 41.054110888935874 ], [ -72.318044570021002, 41.051528411465853 ], [ -72.317275951700964, 41.052509006873414 ], [ -72.319762695019932, 41.052552610786947 ], [ -72.318157209774455, 41.051467883810119 ], [ -72.319062683733094, 41.049248699411173 ], [ -72.316843827015006, 41.044321896120081 ], [ -72.321230470328942, 41.04334210622072 ], [ -72.328163895863867, 41.04347647817324 ], [ -72.331321650157349, 41.047935708583672 ], [ -72.338110117249812, 41.051306233481093 ], [ -72.343312944678061, 41.051501572767201 ], [ -72.343528703839638, 41.052757654539313 ], [ -72.350410445703005, 41.048077673752047 ], [ -72.349744202986031, 41.050500213487176 ], [ -72.354547635845691, 41.054081580096998 ], [ -72.351985837386437, 41.057816134034738 ], [ -72.354373130915235, 41.056433165446521 ], [ -72.356453868963442, 41.05769517694133 ], [ -72.352734205883337, 41.062990674041032 ], [ -72.355952945004816, 41.065638322983048 ], [ -72.364514688264762, 41.066452988591301 ], [ -72.367171392835488, 41.061325540513295 ], [ -72.365854752784799, 41.062444066002911 ], [ -72.362980429539888, 41.059916583303149 ], [ -72.358441076220885, 41.060765771433992 ], [ -72.355551386394723, 41.064364593455949 ], [ -72.354418386242628, 41.061761293679815 ], [ -72.3583865691444, 41.056615599561958 ], [ -72.35653260090821, 41.055592444362915 ], [ -72.356391911259976, 41.052581793628313 ], [ -72.350271725161875, 41.042868386479071 ], [ -72.345239468043147, 41.041911277137892 ], [ -72.340868001765926, 41.046588462175393 ], [ -72.338705742504004, 41.046617263526876 ], [ -72.3436696827454, 41.041890571638504 ], [ -72.347215793109228, 41.041175172308328 ], [ -72.35466808914552, 41.042079110011223 ], [ -72.373572792041685, 41.051898946025347 ], [ -72.373110519894794, 41.059721006190969 ], [ -72.384558637299207, 41.068950939547364 ], [ -72.384040551027084, 41.071851273850712 ], [ -72.381003621935946, 41.072201663679884 ], [ -72.375850297968029, 41.070025381390018 ], [ -72.366511614395279, 41.073744528990169 ], [ -72.364187604483291, 41.075994050356393 ], [ -72.362856175468082, 41.082197635148674 ], [ -72.357912972835038, 41.087439431160554 ], [ -72.351540243361114, 41.087265027283436 ], [ -72.354264933330839, 41.08691544221567 ], [ -72.352674070861596, 41.083580692979332 ], [ -72.342831299463754, 41.084140384297271 ], [ -72.344396170976907, 41.09060117787223 ], [ -72.348040429472064, 41.094979894621275 ], [ -72.339859477569476, 41.09834858122354 ], [ -72.334920691952675, 41.107191922926454 ], [ -72.330677798847134, 41.106122575665481 ], [ -72.324322600894291, 41.101281325134799 ] ] ], [ [ [ -72.106928864832909, 41.107577774532658 ], [ -72.102654483980018, 41.107627550077588 ], [ -72.087072766999114, 41.100907540684574 ], [ -72.081625130689616, 41.101386668010932 ], [ -72.077971887244985, 41.099837617229667 ], [ -72.077705032808382, 41.097757660891645 ], [ -72.078482344125405, 41.09514659218101 ], [ -72.085259213967561, 41.091486551423351 ], [ -72.086876070986179, 41.08740254725074 ], [ -72.085392168222867, 41.079079385282469 ], [ -72.081750705284861, 41.071373933018727 ], [ -72.085737500381015, 41.069984673453213 ], [ -72.087004692666895, 41.067814866294178 ], [ -72.08747187949669, 41.058518756174514 ], [ -72.098288796565029, 41.051638248953154 ], [ -72.099669325697036, 41.045582106775761 ], [ -72.098307870493443, 41.035739411123153 ], [ -72.101867311856125, 41.027564815383222 ], [ -72.108458788288246, 41.022340160037238 ], [ -72.102513302953341, 41.027902775974596 ], [ -72.099264960749977, 41.037593663550453 ], [ -72.100704337617941, 41.045236424669376 ], [ -72.096523605235106, 41.058282646678002 ], [ -72.096903749805463, 41.075610003470779 ], [ -72.105616931056005, 41.088597390288719 ], [ -72.120251709641408, 41.093034519602654 ], [ -72.138253633524812, 41.09252067701339 ], [ -72.142678915175765, 41.097248823499065 ], [ -72.141164360098315, 41.100412101188638 ], [ -72.133217528921719, 41.103728859788397 ], [ -72.12940669582342, 41.107894669188518 ], [ -72.12705268038431, 41.116066753753429 ], [ -72.130774482353118, 41.123284813965547 ], [ -72.116548871108265, 41.110642961653461 ], [ -72.106928864832909, 41.107577774532658 ] ] ], [ [ [ -72.145057648658224, 41.141729783721544 ], [ -72.145178372350941, 41.141156711260734 ], [ -72.146997997095497, 41.141082267035095 ], [ -72.146393595300978, 41.14164697377138 ], [ -72.145057648658224, 41.141729783721544 ] ] ], [ [ [ -72.233909151926127, 41.159860290242833 ], [ -72.244212241635097, 41.151994522321573 ], [ -72.253488026968299, 41.140058146860483 ], [ -72.254441213146606, 41.134683930809871 ], [ -72.260873351803525, 41.128328610713517 ], [ -72.26993762520982, 41.128324693612846 ], [ -72.278772620707841, 41.122713852730563 ], [ -72.289197471663684, 41.118603308730009 ], [ -72.296145980810522, 41.113304822725588 ], [ -72.306607793847064, 41.109897344955812 ], [ -72.307407396857855, 41.110993177146405 ], [ -72.300185815136004, 41.112835330047417 ], [ -72.294973747636703, 41.116068283257917 ], [ -72.28517604202176, 41.125646165489165 ], [ -72.27806646584277, 41.125640329183284 ], [ -72.267309155586801, 41.130261517423271 ], [ -72.258996542104597, 41.13642652041711 ], [ -72.255656844830099, 41.135560556689505 ], [ -72.254712606770354, 41.140513757454464 ], [ -72.247822904036937, 41.147925039063828 ], [ -72.255958331117554, 41.142693977367983 ], [ -72.256442108034037, 41.138853764597478 ], [ -72.260275926325491, 41.136411939152595 ], [ -72.262970761685082, 41.138903881755574 ], [ -72.261700224971406, 41.140965916685978 ], [ -72.262110923041206, 41.142610428546334 ], [ -72.262676463716545, 41.140231340281396 ], [ -72.271188350478212, 41.140817100780886 ], [ -72.278128630158761, 41.13811511000533 ], [ -72.281938167886409, 41.143760898273747 ], [ -72.283807684163548, 41.139494554896352 ], [ -72.282171130683977, 41.139432097589896 ], [ -72.278901184896341, 41.129718894665274 ], [ -72.283216182176488, 41.1336050374614 ], [ -72.283400372742349, 41.130564446706579 ], [ -72.287885658261004, 41.131801525425836 ], [ -72.286750780629973, 41.129062767602321 ], [ -72.283362871672509, 41.128982867445721 ], [ -72.283041391581776, 41.126387324076155 ], [ -72.30134978111424, 41.132917250647452 ], [ -72.307817093306113, 41.139529025458785 ], [ -72.316576555760108, 41.139871896700505 ], [ -72.326288701335827, 41.132398674695004 ], [ -72.3385842094292, 41.114857430426959 ], [ -72.348610922559544, 41.111443380784408 ], [ -72.349371344650933, 41.105237523249095 ], [ -72.356231186485971, 41.10733027636357 ], [ -72.357373755492475, 41.103431634083904 ], [ -72.356305609212328, 41.10233593427526 ], [ -72.35843631065832, 41.100582064696084 ], [ -72.361775079973114, 41.100675535332968 ], [ -72.363489064636894, 41.097206712146793 ], [ -72.36252709024015, 41.095347112874279 ], [ -72.364769361546124, 41.092211124901219 ], [ -72.367978381794558, 41.094044405257698 ], [ -72.374218183962626, 41.094489518335038 ], [ -72.383265317513292, 41.088138503134765 ], [ -72.382490415477875, 41.085998541051822 ], [ -72.379071802103965, 41.085058072439281 ], [ -72.375982006260045, 41.081954590254796 ], [ -72.374316447078286, 41.076959866000443 ], [ -72.387663538314612, 41.079598233506779 ], [ -72.387113715461822, 41.08155178316607 ], [ -72.390579130163687, 41.082321452017247 ], [ -72.387654025155769, 41.079202429978174 ], [ -72.3969208318277, 41.075899561328406 ], [ -72.398410601488152, 41.078468379760608 ], [ -72.402196025738633, 41.075311679443388 ], [ -72.405066192478742, 41.074998677213756 ], [ -72.403565263047511, 41.072394847620579 ], [ -72.412011935712826, 41.063283342172667 ], [ -72.413586463216959, 41.059432250191072 ], [ -72.420754755079528, 41.063227291556977 ], [ -72.424487679988189, 41.062752702385872 ], [ -72.418386152796856, 41.059312573564384 ], [ -72.422324658954892, 41.058469607238585 ], [ -72.425922558093177, 41.05533368099433 ], [ -72.417415291367021, 41.056963892121658 ], [ -72.415541872808291, 41.055843523729202 ], [ -72.415868155292529, 41.054143967548029 ], [ -72.41426726942133, 41.050227036982193 ], [ -72.418406056768603, 41.051655123874788 ], [ -72.421133836942914, 41.049197322832406 ], [ -72.42585979460091, 41.04956097265228 ], [ -72.426397168600502, 41.047097352394943 ], [ -72.424649048854235, 41.046237700783358 ], [ -72.427303467212568, 41.044277363981195 ], [ -72.425702795140396, 41.042947584479833 ], [ -72.42074631989901, 41.047401126028603 ], [ -72.413706046947581, 41.050177406280547 ], [ -72.414727899447882, 41.051580401336587 ], [ -72.413485729734248, 41.052546003170413 ], [ -72.405282726886398, 41.051763926030738 ], [ -72.395320655625582, 41.048457738048306 ], [ -72.389081609838982, 41.047920280470009 ], [ -72.384063819189564, 41.049651506603269 ], [ -72.389404864102389, 41.039201155109261 ], [ -72.386622187881073, 41.033405086552868 ], [ -72.389919790101359, 41.030473850027093 ], [ -72.40218247195763, 41.029830519150273 ], [ -72.422638199735147, 41.033115099000632 ], [ -72.42532293713262, 41.034276982233408 ], [ -72.419571753800412, 41.033546887234181 ], [ -72.415692498721882, 41.035607515589902 ], [ -72.419080274728699, 41.037908682758811 ], [ -72.424112707018907, 41.03538894019502 ], [ -72.422631098552827, 41.038861000957816 ], [ -72.42780914325904, 41.039250811706303 ], [ -72.429002329636859, 41.038717427684858 ], [ -72.425686625465289, 41.03462815363261 ], [ -72.427762453322146, 41.033263777521796 ], [ -72.43840438755629, 41.034910543278762 ], [ -72.441595854724056, 41.033037472783391 ], [ -72.445339089597226, 41.035160244039012 ], [ -72.446226604436674, 41.037750429700452 ], [ -72.447860286002268, 41.039062443431142 ], [ -72.448393318444104, 41.041151114768851 ], [ -72.449761075329377, 41.04257287606918 ], [ -72.446852227133149, 41.034689533626683 ], [ -72.447721580732505, 41.033205070786231 ], [ -72.450957234232476, 41.033358225487959 ], [ -72.454531701714885, 41.036010947004002 ], [ -72.452332589068448, 41.032581978326711 ], [ -72.44230475484062, 41.031697567886887 ], [ -72.439321770480632, 41.032504732988073 ], [ -72.438261939905061, 41.034526080966977 ], [ -72.436655550954427, 41.033608331932825 ], [ -72.445567831211278, 41.02564662587303 ], [ -72.448483924320271, 41.018501920168035 ], [ -72.451348683202369, 41.018808803912108 ], [ -72.453644639626347, 41.021283191082496 ], [ -72.454366241022711, 41.020031332202713 ], [ -72.45094477010791, 41.01709945557544 ], [ -72.451658521127015, 41.018607138155033 ], [ -72.448013958102976, 41.018002455736607 ], [ -72.434672404980375, 40.987132669127909 ], [ -72.452913727192055, 40.998284056042145 ], [ -72.456468342804996, 41.002203442865955 ], [ -72.455325639949521, 41.003450783833202 ], [ -72.453614933238214, 41.002047463925869 ], [ -72.45342091959472, 41.004724601034113 ], [ -72.459901817008628, 41.007730670087263 ], [ -72.459848331316621, 41.008876955213474 ], [ -72.455091594682017, 41.007736925633964 ], [ -72.45347875492935, 41.01184589431724 ], [ -72.448059920404489, 41.012068740323983 ], [ -72.448282993649102, 41.014122265535015 ], [ -72.452386261610044, 41.015241560900115 ], [ -72.451587765323666, 41.013085060448304 ], [ -72.45909732626437, 41.011231279637158 ], [ -72.461825480137833, 41.008979418099727 ], [ -72.462181752877825, 41.01018835193905 ], [ -72.466171668721273, 41.011817852529511 ], [ -72.468497892980423, 41.016796061964243 ], [ -72.471934834681051, 41.02111583722175 ], [ -72.473233631495248, 41.021309970263296 ], [ -72.469694404921427, 41.015540242099028 ], [ -72.471130194816439, 41.014196721513841 ], [ -72.467679347195215, 41.01015781084412 ], [ -72.463281216225411, 41.010156366996647 ], [ -72.460126559323044, 41.007596511244131 ], [ -72.468341955328583, 41.003248262964995 ], [ -72.474484786158357, 41.005121455392796 ], [ -72.473080492993816, 41.006121273351802 ], [ -72.475144555615401, 41.009696469462256 ], [ -72.477953397066017, 41.009447107331845 ], [ -72.478651306295077, 41.006980394704243 ], [ -72.476460644100499, 41.006679816578441 ], [ -72.475551028908413, 41.005278009384625 ], [ -72.468613277087101, 41.002690986873354 ], [ -72.472353071412726, 40.994556145442303 ], [ -72.46990936009081, 40.991837804439761 ], [ -72.470427205614442, 40.989733669810278 ], [ -72.479493496636877, 40.988372175197156 ], [ -72.48483079647329, 40.990434873307599 ], [ -72.493818046530478, 40.990649871262768 ], [ -72.506230017607194, 40.986063684765512 ], [ -72.512043417357674, 40.988333775811881 ], [ -72.513037657442752, 40.992534691507423 ], [ -72.515075213475271, 40.992716879626578 ], [ -72.515518830308636, 40.990690602513688 ], [ -72.513125041062025, 40.991047127022071 ], [ -72.512925758799398, 40.989822666797373 ], [ -72.516083067528498, 40.98832507052866 ], [ -72.504816994614728, 40.98558115992541 ], [ -72.527164445921514, 40.979789013763096 ], [ -72.531915229420719, 40.976858347639016 ], [ -72.542587824952136, 40.965589630312031 ], [ -72.547585265167115, 40.955835176859033 ], [ -72.551119392005063, 40.954612446949746 ], [ -72.557868034984367, 40.948056647714473 ], [ -72.562624443733867, 40.946666691560146 ], [ -72.570910002654657, 40.939533473089718 ], [ -72.569719640580104, 40.943975352016146 ], [ -72.570822699883763, 40.944235613494627 ], [ -72.57187238039495, 40.94029228837001 ], [ -72.570798894528735, 40.93791242685478 ], [ -72.575754590930771, 40.933627069226603 ], [ -72.581268993625443, 40.935064399791507 ], [ -72.579784710874748, 40.936330736192573 ], [ -72.580317959810557, 40.938217609244127 ], [ -72.581575942568122, 40.935274421272254 ], [ -72.586538627863078, 40.933305588146105 ], [ -72.590692722502794, 40.929156487354547 ], [ -72.599800945984356, 40.93404922920962 ], [ -72.606556212242239, 40.932153088697227 ], [ -72.609344231642865, 40.934315146924796 ], [ -72.609429544645408, 40.936573671434381 ], [ -72.608131636265014, 40.936661132490173 ], [ -72.609020454559953, 40.938331108766597 ], [ -72.611729732134364, 40.930626768739678 ], [ -72.61498240152244, 40.928979178639558 ], [ -72.615699665852617, 40.933878857858332 ], [ -72.618702016093522, 40.938937839819957 ], [ -72.61937342232676, 40.936694852343514 ], [ -72.616754064315671, 40.930117984643971 ], [ -72.617954269230808, 40.929947377830857 ], [ -72.619114392216261, 40.933167180173299 ], [ -72.621501533031463, 40.930098000068973 ], [ -72.625990483676489, 40.931499619048871 ], [ -72.620009135798824, 40.929165017196965 ], [ -72.618636124667432, 40.927571954332578 ], [ -72.619484914931618, 40.925927653875831 ], [ -72.617302565746684, 40.928495609219787 ], [ -72.614687636429949, 40.928060147074234 ], [ -72.614341940454111, 40.926942314646041 ], [ -72.617935090199495, 40.926108649477506 ], [ -72.620069353465567, 40.92265208055754 ], [ -72.623194975919645, 40.92167174052431 ], [ -72.629678205360037, 40.924196685531584 ], [ -72.633157825121501, 40.924184618100448 ], [ -72.634069270181811, 40.923622291964129 ], [ -72.629156720761202, 40.923616071878904 ], [ -72.625388724725553, 40.921450838491957 ], [ -72.631649215992923, 40.918505258174648 ], [ -72.645607715882974, 40.918416590605588 ], [ -72.649509474657719, 40.917006739709855 ], [ -72.653663816334131, 40.91895547319632 ], [ -72.657393574681393, 40.91651664538427 ], [ -72.654276892261009, 40.917053819262058 ], [ -72.652840532834105, 40.915805457497008 ], [ -72.642942484503607, 40.917528620662146 ], [ -72.633535449019178, 40.915619998854147 ], [ -72.627080452729857, 40.918953559658782 ], [ -72.613419906053224, 40.919393598518127 ], [ -72.618114382252102, 40.918721078354082 ], [ -72.62041237785175, 40.916435047836117 ], [ -72.618597929199865, 40.915096600561476 ], [ -72.625672940901651, 40.911954444254889 ], [ -72.62436513218853, 40.910490712829414 ], [ -72.622387093136865, 40.911689177207315 ], [ -72.62097924803372, 40.909512884934699 ], [ -72.618038959700854, 40.910300569200245 ], [ -72.617824228211973, 40.907444898204496 ], [ -72.620502881320022, 40.904402098360492 ], [ -72.617651271078728, 40.90572593349858 ], [ -72.615631970609442, 40.903964888042708 ], [ -72.616147398766643, 40.905833163875307 ], [ -72.612115921468259, 40.907399028431918 ], [ -72.611031998975093, 40.912529288155966 ], [ -72.601693535489559, 40.915387653132925 ], [ -72.603376797770636, 40.913840241610679 ], [ -72.600796291895577, 40.914310851804991 ], [ -72.603107275337621, 40.913126835607301 ], [ -72.600416947724142, 40.91255251555517 ], [ -72.600014510561692, 40.908285410003941 ], [ -72.598625095294892, 40.914321639374464 ], [ -72.596598618184785, 40.910722238696003 ], [ -72.598038180105689, 40.909482887182342 ], [ -72.592589479292585, 40.908289175236831 ], [ -72.593569591573228, 40.907105729443927 ], [ -72.590154692733037, 40.904148043783735 ], [ -72.589276569779869, 40.907568118365333 ], [ -72.590172547647626, 40.908845168652476 ], [ -72.5912288747936, 40.907437347953689 ], [ -72.591156933214066, 40.909418641735343 ], [ -72.587729625046535, 40.908160233200505 ], [ -72.587848553905317, 40.909521037809021 ], [ -72.585174505561426, 40.909283922431079 ], [ -72.583888170176834, 40.908377576000021 ], [ -72.584657931153913, 40.906906612929035 ], [ -72.581938684974801, 40.90679240019189 ], [ -72.583104560771361, 40.902984718991078 ], [ -72.581119758303913, 40.901080635259866 ], [ -72.582077586975615, 40.9029810532639 ], [ -72.578577159537232, 40.907235401339179 ], [ -72.571588783158063, 40.906355548536062 ], [ -72.567877725040063, 40.908400301786543 ], [ -72.564174000768034, 40.914137001371188 ], [ -72.564226006934788, 40.915638603664654 ], [ -72.567732016504351, 40.916828854659876 ], [ -72.566304000629799, 40.91704655792806 ], [ -72.559237966690958, 40.914070705566672 ], [ -72.551454402520605, 40.914210651078967 ], [ -72.542498977977274, 40.911384274182041 ], [ -72.520170672464133, 40.900610794572259 ], [ -72.50839371507189, 40.897063290996854 ], [ -72.502812325006474, 40.897490625769848 ], [ -72.502332870783135, 40.895542735168242 ], [ -72.496855131030159, 40.894723257933222 ], [ -72.476355016596131, 40.898737540071643 ], [ -72.467727710693495, 40.904151008088711 ], [ -72.452168660003821, 40.917523034016483 ], [ -72.449238548684804, 40.915454004639031 ], [ -72.44703473695111, 40.915903280574653 ], [ -72.447563885077656, 40.910153782378998 ], [ -72.443741188827715, 40.907457145210429 ], [ -72.43942179878583, 40.914544011173319 ], [ -72.433554403998571, 40.915497029254368 ], [ -72.439302836689379, 40.916665218319324 ], [ -72.445701904767418, 40.9220901377819 ], [ -72.4408796441177, 40.922321557186578 ], [ -72.440143242078719, 40.924279978506981 ], [ -72.436971713916975, 40.925146349952485 ], [ -72.433025093276981, 40.92219131145518 ], [ -72.433783845400242, 40.927751652488524 ], [ -72.435277373611825, 40.925796483355057 ], [ -72.437930249562811, 40.927904683037625 ], [ -72.440883555382442, 40.925145110579599 ], [ -72.44343723396986, 40.92663166668892 ], [ -72.448470223215551, 40.924202167086271 ], [ -72.442653469155829, 40.945609108205105 ], [ -72.438555839919928, 40.947538977793641 ], [ -72.41775018959315, 40.947934801005886 ], [ -72.416449738980518, 40.945517176646504 ], [ -72.418595201543241, 40.943732646881557 ], [ -72.418501531513641, 40.938109325950897 ], [ -72.416108725922243, 40.939513618258886 ], [ -72.416787572900986, 40.93709448717869 ], [ -72.413835065683628, 40.935523575291882 ], [ -72.411721719688927, 40.935969179845365 ], [ -72.411570257443813, 40.937191889223094 ], [ -72.412992376776856, 40.936987897224391 ], [ -72.410780349949874, 40.938346635157686 ], [ -72.409047656073653, 40.937571307331304 ], [ -72.407042269609818, 40.941095504137316 ], [ -72.415630402677863, 40.943800239487722 ], [ -72.416274894486875, 40.947401276116167 ], [ -72.401990174096326, 40.954041134698507 ], [ -72.401337607331229, 40.957694016720801 ], [ -72.399374131766933, 40.957742656778642 ], [ -72.386036472841099, 40.973339954821832 ], [ -72.372615413425947, 40.992065918742888 ], [ -72.371084048174609, 41.002738172121568 ], [ -72.37542117096018, 41.017057502995783 ], [ -72.371416800325505, 41.012920917671693 ], [ -72.36799017667424, 41.003372913845595 ], [ -72.366530239166067, 40.995695767062195 ], [ -72.368454553573827, 40.996204104844395 ], [ -72.368642988679412, 41.003173349888492 ], [ -72.370164899162418, 41.004047303365496 ], [ -72.369398663174522, 40.996819306488163 ], [ -72.370552758464413, 40.994457555379306 ], [ -72.36815254536522, 40.993701015073256 ], [ -72.36673984217299, 40.990202548662261 ], [ -72.36397198815385, 40.991204383687837 ], [ -72.363032101533335, 40.989850729471939 ], [ -72.363095369878792, 40.994101213395957 ], [ -72.359697361162588, 40.993341820572994 ], [ -72.361211488641956, 40.994334512186477 ], [ -72.360516481869581, 40.995908104303524 ], [ -72.364090662789422, 40.993869002018265 ], [ -72.367882781285388, 40.995321693538742 ], [ -72.350368332682478, 40.998102772148854 ], [ -72.350799118878669, 40.995060077437586 ], [ -72.348319076991743, 40.994314307025789 ], [ -72.345837466646287, 40.995646489851609 ], [ -72.34715482984079, 40.996386330961307 ], [ -72.346399037666387, 40.99967967569183 ], [ -72.347909366170427, 40.999981362358263 ], [ -72.347533904517647, 40.997265544150054 ], [ -72.348921269828978, 40.996033461990507 ], [ -72.349182451404559, 40.999990739323877 ], [ -72.346045202954087, 41.001050133276365 ], [ -72.338001117469872, 40.998683803482407 ], [ -72.333251921293765, 40.99512823854797 ], [ -72.328570671889139, 40.995677637712262 ], [ -72.319442486045318, 41.002460944661031 ], [ -72.316475374018083, 41.00993617446359 ], [ -72.330360204868327, 41.025377451067818 ], [ -72.33266253483923, 41.033508180100654 ], [ -72.312821057086666, 41.040975907834401 ], [ -72.308097570694017, 41.037487009612235 ], [ -72.303390598031228, 41.024196225936123 ], [ -72.297807540692645, 41.018524773442373 ], [ -72.298104337774319, 41.012651543087266 ], [ -72.30058945693925, 41.008885000921232 ], [ -72.299055415606659, 41.003698055550743 ], [ -72.30033034598037, 41.003213202256532 ], [ -72.304256085281594, 41.006454358696708 ], [ -72.313432927474466, 41.007061967834304 ], [ -72.315271557875491, 41.009194862621513 ], [ -72.316521063231733, 41.006778955760829 ], [ -72.310217647765143, 41.005134575748073 ], [ -72.309983079678148, 41.004049264604006 ], [ -72.312293809795278, 41.004207172923195 ], [ -72.310293736866342, 41.001602268783742 ], [ -72.315909497372829, 40.999791446482753 ], [ -72.318044356221947, 41.001799270784652 ], [ -72.32296852714741, 40.996501153604932 ], [ -72.328981828998053, 40.994358392237601 ], [ -72.326449771062897, 40.990004762056444 ], [ -72.326718941356319, 40.993966312164311 ], [ -72.321530557939511, 40.995915486467688 ], [ -72.309571469818337, 40.989667208477158 ], [ -72.307345034014205, 40.989043251853417 ], [ -72.305058272745484, 40.989437794140464 ], [ -72.308904362922036, 40.989985256015252 ], [ -72.311744004010464, 40.992701529430619 ], [ -72.308213064395147, 40.991182169838595 ], [ -72.306310382317719, 40.99262382371252 ], [ -72.308707536653415, 40.994358352234102 ], [ -72.305451772569157, 40.994291773518128 ], [ -72.303965894410538, 40.992626989495285 ], [ -72.301329711852475, 40.993509895899614 ], [ -72.301730894068484, 40.995603534391805 ], [ -72.305903611682353, 40.998332581430418 ], [ -72.312700885857851, 40.995159828720553 ], [ -72.313164527935555, 40.993657395908194 ], [ -72.314798788914516, 40.994772649402968 ], [ -72.314843083942847, 40.999568413868069 ], [ -72.30684438583836, 40.998557140974427 ], [ -72.30373701715088, 41.001479960267879 ], [ -72.299204011327689, 41.000792297836995 ], [ -72.295674925835101, 41.004785484871057 ], [ -72.295413540341926, 41.003177932047663 ], [ -72.292109613982063, 41.001973120993654 ], [ -72.288482056964668, 41.002526445334915 ], [ -72.280360115393094, 41.00023072844467 ], [ -72.273312582257518, 41.001031637946596 ], [ -72.267384649104969, 41.004878007044503 ], [ -72.263877572336838, 41.012391200293642 ], [ -72.26004526770663, 41.013082930698438 ], [ -72.252976865808691, 41.011622478842575 ], [ -72.256274118584329, 41.003272343166977 ], [ -72.254015473685683, 40.997527684400694 ], [ -72.256338424483943, 40.996691776623884 ], [ -72.256694575053061, 40.99447568031858 ], [ -72.255028263981416, 40.993702004321875 ], [ -72.255541028633786, 40.99574577377571 ], [ -72.252717090096525, 40.99762540882287 ], [ -72.251731448685319, 40.997157495344197 ], [ -72.251215410572044, 40.995841616650019 ], [ -72.250764598233232, 40.995744787269807 ], [ -72.251676876031794, 40.997679235230102 ], [ -72.253762411083628, 40.998925267896553 ], [ -72.25383121754281, 41.001244423754379 ], [ -72.250005023253152, 41.002936849976976 ], [ -72.251037348313034, 41.006006621351219 ], [ -72.248983026124094, 41.006837220340188 ], [ -72.249186423569029, 41.009455190930737 ], [ -72.247228271421136, 41.010470056013268 ], [ -72.25203634857084, 41.011732302939315 ], [ -72.246548318616291, 41.014281817831325 ], [ -72.242234057954676, 41.019967350849249 ], [ -72.24279910275996, 41.028366792720213 ], [ -72.239143843495839, 41.034860457191733 ], [ -72.240656778012507, 41.0411192078735 ], [ -72.244286109202591, 41.043160587217322 ], [ -72.257567739305856, 41.039790513696623 ], [ -72.26231202079903, 41.04045318076281 ], [ -72.257484680176361, 41.042627140026468 ], [ -72.241995361210627, 41.044672527479932 ], [ -72.231730135490892, 41.04498740034218 ], [ -72.223555860765813, 41.042888956843179 ], [ -72.203785876333484, 41.032902354456098 ], [ -72.196972131547213, 41.032355430684468 ], [ -72.188328116081976, 41.034146455264469 ], [ -72.18354973543893, 41.029452268458499 ], [ -72.185412219704034, 41.026580627199422 ], [ -72.183221526068422, 41.027843366447534 ], [ -72.182785176605691, 41.026015960248714 ], [ -72.183796629309938, 41.025670661293184 ], [ -72.18747728215051, 41.027042147846203 ], [ -72.190890411309582, 41.029472727812539 ], [ -72.202544860954958, 41.031146727473647 ], [ -72.204449084541423, 41.027961990276296 ], [ -72.201224850425348, 41.021303735659984 ], [ -72.201933728982354, 41.018225048439568 ], [ -72.20794195804659, 41.019428328133003 ], [ -72.204755296865585, 41.017256348470227 ], [ -72.205845721364796, 41.014118618853296 ], [ -72.202094071972368, 41.017782125402931 ], [ -72.195731281458748, 41.015098092015847 ], [ -72.191468454737034, 41.008151951496551 ], [ -72.191430153268271, 41.005603439292827 ], [ -72.185089612227614, 41.003726917020451 ], [ -72.187820999137784, 41.002373351127765 ], [ -72.184960071570373, 41.002336827630572 ], [ -72.185064784589784, 41.000173212599705 ], [ -72.186991094155829, 41.001325999239086 ], [ -72.189239010475021, 40.999355301289818 ], [ -72.184213982997676, 40.997919517522277 ], [ -72.183950193612816, 41.000972342485056 ], [ -72.180799331194208, 41.000037373962392 ], [ -72.18060110894362, 41.001873411884517 ], [ -72.183051915159623, 41.002025432030166 ], [ -72.183111874111574, 41.00523623095777 ], [ -72.185418025515688, 41.008035474096864 ], [ -72.181922963714513, 41.011724726649049 ], [ -72.180912768651638, 41.020654812500574 ], [ -72.177891029173651, 41.02090251577107 ], [ -72.181750477298493, 41.02211227725077 ], [ -72.179953677846967, 41.029522382938644 ], [ -72.181240220742367, 41.033110535186566 ], [ -72.177357279876219, 41.032454229681484 ], [ -72.179593392332606, 41.034817988746141 ], [ -72.183569916990109, 41.032444287446168 ], [ -72.187647633271112, 41.03460644297769 ], [ -72.179419184744503, 41.038703989462533 ], [ -72.174734295366335, 41.046722374260938 ], [ -72.168224832424713, 41.050332407510076 ], [ -72.168844635834773, 41.047716804225942 ], [ -72.167209245673519, 41.045996563563698 ], [ -72.167361195703819, 41.043996187974173 ], [ -72.164667915327996, 41.039355478884566 ], [ -72.166571369058246, 41.048060641416669 ], [ -72.163147882323941, 41.051124903773974 ], [ -72.167103279504261, 41.049547023808898 ], [ -72.168061310296906, 41.050730104874084 ], [ -72.160480820177995, 41.053721940491428 ], [ -72.153409966777659, 41.051578020147907 ], [ -72.147406499682745, 41.046071562763089 ], [ -72.138476653768834, 41.041175174340992 ], [ -72.135941595460636, 41.037352079299389 ], [ -72.134983670669186, 41.031721675638828 ], [ -72.137638609152077, 41.023916078320575 ], [ -72.139626227837923, 41.026872083625605 ], [ -72.139066642094605, 41.033070446115296 ], [ -72.1368229038398, 41.034156936624768 ], [ -72.13665341330524, 41.036644964319272 ], [ -72.140452030213993, 41.038722394263594 ], [ -72.142240413349597, 41.042333526299117 ], [ -72.143681762019611, 41.036697915252404 ], [ -72.140708236919551, 41.03556809615398 ], [ -72.140282563933965, 41.033321634464215 ], [ -72.143083873010895, 41.030414465182439 ], [ -72.143116319260642, 41.027809449198863 ], [ -72.148343242199772, 41.026365746451283 ], [ -72.142736543897854, 41.025022631009797 ], [ -72.145079481312877, 41.022303950556143 ], [ -72.149548127337539, 41.023482085991816 ], [ -72.15477905047463, 41.021254161765853 ], [ -72.148732173191931, 41.022041138947493 ], [ -72.145597261259496, 41.020862532451495 ], [ -72.145726721966668, 41.01861351399095 ], [ -72.141633350745209, 41.020739198322516 ], [ -72.136660873813682, 41.018213091727631 ], [ -72.137980426202517, 41.017141877159581 ], [ -72.135512989475643, 41.017588978986716 ], [ -72.13661268458857, 41.014694801555549 ], [ -72.132380417654517, 41.018511022709895 ], [ -72.136507005880233, 41.019190989195714 ], [ -72.137759128028904, 41.022014084901315 ], [ -72.134960442930904, 41.021484889310955 ], [ -72.127745550064645, 41.016043256549203 ], [ -72.118166060503555, 41.003762612674571 ], [ -72.118880808652605, 41.002519882186213 ], [ -72.110730839644191, 40.995001791597801 ], [ -72.102573916777146, 40.991732338253044 ], [ -72.096324060664415, 40.991389076152714 ], [ -72.082951441104328, 40.996165101170504 ], [ -72.083424475068327, 40.998881787105951 ], [ -72.080777085128787, 41.001462905028994 ], [ -72.08054059464709, 41.005210650572785 ], [ -72.0784324687625, 41.007748701895643 ], [ -72.058686177395785, 41.012868761018495 ], [ -72.056179132151414, 41.012790405984433 ], [ -72.058426308258802, 41.007893590008614 ], [ -72.05785729739155, 41.004676647092133 ], [ -72.061766336113322, 41.001755665113464 ], [ -72.061948559368702, 40.999254927872897 ], [ -72.058453766163794, 40.998200610975978 ], [ -72.040222823985218, 41.002176297963153 ], [ -72.035737218666327, 41.007719331737839 ], [ -72.042513310567429, 41.015836027719686 ], [ -72.051816766706338, 41.021251152562527 ], [ -72.054507716852314, 41.020325568634838 ], [ -72.055517376519262, 41.017262323185449 ], [ -72.060039853189011, 41.015747899554093 ], [ -72.061098923789842, 41.01241491654401 ], [ -72.061615972507823, 41.016917661548533 ], [ -72.05691319946898, 41.018452559698282 ], [ -72.055348584874011, 41.022120580238749 ], [ -72.048976705206343, 41.022853387490365 ], [ -72.03439321772872, 41.019916638664178 ], [ -72.019666197434987, 41.02239152030581 ], [ -72.004239781200397, 41.0370995938463 ], [ -71.997544745185692, 41.041219699770984 ], [ -71.99247387039118, 41.047757267828402 ], [ -71.982229873658227, 41.048339953952286 ], [ -71.979329518134691, 41.044021442318723 ], [ -71.970341862937289, 41.040875461637853 ], [ -71.961284065485884, 41.044151659053249 ], [ -71.956990781384462, 41.049805961688392 ], [ -71.961607596430412, 41.064180290470631 ], [ -71.959617001626015, 41.068217949230473 ], [ -71.960142646322936, 41.070415909602659 ], [ -71.956728921580833, 41.072677685374394 ], [ -71.947401298065856, 41.073400594438667 ], [ -71.938460240278857, 41.07742909102091 ], [ -71.93748782745854, 41.074841105230568 ], [ -71.940792907255243, 41.071883587078148 ], [ -71.93947554226412, 41.072315629535005 ], [ -71.938022820922626, 41.069763004113625 ], [ -71.939166338550066, 41.067512941732623 ], [ -71.93475179715665, 41.067652847741883 ], [ -71.936088467841543, 41.071953881871408 ], [ -71.933328183027001, 41.072989766806067 ], [ -71.931164295119459, 41.066867653895926 ], [ -71.935906912034426, 41.066364492682759 ], [ -71.930516751733435, 41.057678313729632 ], [ -71.927370215601229, 41.05710349814111 ], [ -71.927384357778735, 41.052271279104886 ], [ -71.923637545814103, 41.051749447900576 ], [ -71.923899674214013, 41.054904310402975 ], [ -71.923085624496792, 41.052490508378391 ], [ -71.912960335637081, 41.048110873955252 ], [ -71.907885385186134, 41.051556239210989 ], [ -71.907457482582032, 41.060013205245326 ], [ -71.913595630494214, 41.062925439401582 ], [ -71.916064685086909, 41.06883454801477 ], [ -71.918124894834236, 41.070257927738474 ], [ -71.936084098435998, 41.075132386547288 ], [ -71.937136711048268, 41.078568998119465 ], [ -71.916759407991677, 41.080372227781851 ], [ -71.902963180672856, 41.085778096389099 ], [ -71.897573704888103, 41.078234007708026 ], [ -71.893433813511336, 41.075870505308785 ], [ -71.887270131885515, 41.075360870644964 ], [ -71.879249585855007, 41.077359834090473 ], [ -71.871693997934088, 41.074913771110779 ], [ -71.864503755737545, 41.076144187489319 ], [ -71.860325232311993, 41.074974550778421 ], [ -71.856092173962168, 41.070976248720257 ], [ -71.861260262640101, 41.064503918264535 ], [ -71.865932006072384, 41.061865788233071 ], [ -71.86718922166871, 41.058392452567517 ], [ -71.870013979469519, 41.057979527498986 ], [ -71.872708609114895, 41.055326695669194 ], [ -71.873860509820574, 41.051612027443447 ], [ -71.90098627978665, 41.04254198751223 ], [ -71.902662272002132, 41.04022798143707 ], [ -71.917412386185177, 41.039204302392847 ], [ -71.961284339472044, 41.026129233553078 ], [ -72.043866358438265, 40.994874123969396 ], [ -72.128592196050235, 40.966993994837139 ], [ -72.237895921869438, 40.926848911434661 ], [ -72.324613395433232, 40.892761603285557 ], [ -72.328494217173628, 40.892780132360308 ], [ -72.326933144635817, 40.895257449277352 ], [ -72.322739866381724, 40.895453898959111 ], [ -72.315599687295958, 40.898970196213156 ], [ -72.326048640949182, 40.906511352483669 ], [ -72.332464319775141, 40.909006346356009 ], [ -72.325543385314262, 40.91625320232378 ], [ -72.332826216867133, 40.911411527048728 ], [ -72.336237119102634, 40.920940729360211 ], [ -72.33937817102003, 40.918296561368983 ], [ -72.336799963035475, 40.915923016917098 ], [ -72.335726116944841, 40.906590397293598 ], [ -72.343784896172167, 40.903797541280731 ], [ -72.356185363423336, 40.907699764319595 ], [ -72.348842978058684, 40.901493487930978 ], [ -72.351958643586158, 40.899606203156289 ], [ -72.34738188891032, 40.900015704686723 ], [ -72.348425154552061, 40.901417148196906 ], [ -72.347599731265035, 40.903381496263805 ], [ -72.344948766928994, 40.899049329479908 ], [ -72.346413097198891, 40.897364580435557 ], [ -72.347675101713989, 40.898416237608608 ], [ -72.346744502775209, 40.899343294311471 ], [ -72.349861222026504, 40.898541640632843 ], [ -72.348444594094815, 40.897531540815422 ], [ -72.349465950725076, 40.896198449392699 ], [ -72.354277240250241, 40.895137699185277 ], [ -72.349247271140513, 40.895107912885706 ], [ -72.347278465871668, 40.896749855769649 ], [ -72.339667822003605, 40.890035180731111 ], [ -72.332901249549565, 40.891344404329757 ], [ -72.331977085243153, 40.89383277574747 ], [ -72.330126297941376, 40.893428027403651 ], [ -72.329749593020239, 40.89092657171836 ], [ -72.464451900703679, 40.84359593685199 ], [ -72.474710680112949, 40.838800047806373 ], [ -72.474697076026288, 40.842793930048146 ], [ -72.463007961292419, 40.850268258132928 ], [ -72.451556795005928, 40.851140537016214 ], [ -72.444007875279382, 40.855224007737206 ], [ -72.438298460014607, 40.855601677178612 ], [ -72.43488576114855, 40.857962224111048 ], [ -72.431701287365257, 40.857348876176253 ], [ -72.429221905740064, 40.860263008241574 ], [ -72.426425661364689, 40.859057179483266 ], [ -72.425151466711185, 40.860648790188094 ], [ -72.413180363623098, 40.863369230786489 ], [ -72.412876062015542, 40.871913280060141 ], [ -72.415990630700051, 40.864559247104864 ], [ -72.416297905731184, 40.866424982219939 ], [ -72.419074882142027, 40.86537346402045 ], [ -72.420706610770196, 40.87074710057324 ], [ -72.418286129881537, 40.873504550566345 ], [ -72.421102535146829, 40.877945418362771 ], [ -72.419170564397888, 40.880475961601242 ], [ -72.421641764167504, 40.878774896278514 ], [ -72.422807040787731, 40.881661217085856 ], [ -72.421720019106829, 40.871913192432622 ], [ -72.424742086469919, 40.869485472124666 ], [ -72.423634694591627, 40.86585692579839 ], [ -72.426676749469763, 40.860948876437327 ], [ -72.43081801077733, 40.863229174989435 ], [ -72.434050044965005, 40.862252379559521 ], [ -72.438942066084763, 40.866028151790943 ], [ -72.441701652010011, 40.875693260252 ], [ -72.440795702842607, 40.876715774318882 ], [ -72.440172096863961, 40.875302377166143 ], [ -72.440381001879899, 40.877233193502924 ], [ -72.437318000085966, 40.880664221312323 ], [ -72.438493027918639, 40.8813582159014 ], [ -72.43766757229227, 40.883836448776549 ], [ -72.440210459418154, 40.883121766232605 ], [ -72.440897894291027, 40.885367887323198 ], [ -72.442596691138291, 40.882066575317694 ], [ -72.441353445242953, 40.879250710815306 ], [ -72.445091700754489, 40.875743798716776 ], [ -72.446336811552356, 40.877156815585927 ], [ -72.444051399553189, 40.878617073580386 ], [ -72.445668427251746, 40.879718183358513 ], [ -72.444293667998792, 40.882927588433276 ], [ -72.449286705570557, 40.879932956470249 ], [ -72.447257591905114, 40.876604065414341 ], [ -72.452869766337002, 40.877969636664908 ], [ -72.451664179614994, 40.881117336016665 ], [ -72.453919610341558, 40.879618134660731 ], [ -72.456131228435055, 40.880357906519343 ], [ -72.454829488739989, 40.878325116796248 ], [ -72.453204218998735, 40.878622859126544 ], [ -72.454465917188315, 40.877960213154559 ], [ -72.465078155814126, 40.88107594557583 ], [ -72.485234830840298, 40.883403982329227 ], [ -72.493159753903754, 40.883096092320571 ], [ -72.498296929756123, 40.88099978128318 ], [ -72.499799262355808, 40.882962732752098 ], [ -72.497480149160438, 40.882393355270452 ], [ -72.500734303463688, 40.884782768121795 ], [ -72.502377475730256, 40.884508574635696 ], [ -72.50016689249594, 40.875937535706932 ], [ -72.493670367989353, 40.872889254401656 ], [ -72.491477383649766, 40.874658221915503 ], [ -72.490795989048877, 40.871022672290316 ], [ -72.502460387536033, 40.853241404214913 ], [ -72.503180644154426, 40.849838056015535 ], [ -72.501422986994797, 40.846104577408475 ], [ -72.505364295896527, 40.849376223127258 ], [ -72.512199278652702, 40.85145124264632 ], [ -72.51013366913223, 40.856458964633021 ], [ -72.513314316092391, 40.851564668252557 ], [ -72.516299494138323, 40.852151826650129 ], [ -72.516013003427901, 40.856699890071901 ], [ -72.518142167856439, 40.853309217773059 ], [ -72.516835279018181, 40.852837806008296 ], [ -72.520699293279591, 40.851817560986731 ], [ -72.524753920162851, 40.856024589467623 ], [ -72.526860092211678, 40.862112918578717 ], [ -72.524627331369643, 40.85023374810433 ], [ -72.520107840699907, 40.846449854006231 ], [ -72.534748288553075, 40.850674632124395 ], [ -72.535911604151067, 40.85171950112484 ], [ -72.530513730915033, 40.854833202217662 ], [ -72.529151090833594, 40.857968857347501 ], [ -72.541467139804269, 40.868493629690803 ], [ -72.541503367063058, 40.8583734923469 ], [ -72.550431978691776, 40.849209576833474 ], [ -72.55101218885568, 40.838740671194017 ], [ -72.565911098185765, 40.841057753619651 ], [ -72.570632895745689, 40.846265968427154 ], [ -72.575600459790948, 40.846980365197801 ], [ -72.572318929329427, 40.84537951985056 ], [ -72.570685323222321, 40.840659051143426 ], [ -72.575254491625572, 40.835963831045419 ], [ -72.572553474060214, 40.835516154542013 ], [ -72.573956388310776, 40.830259764789169 ], [ -72.586533601789071, 40.83516601578895 ], [ -72.582334795302714, 40.83207045998801 ], [ -72.583252815132582, 40.830638341180759 ], [ -72.587492957596737, 40.830603210553889 ], [ -72.580086030973874, 40.829177157155129 ], [ -72.580109619834914, 40.82650924592209 ], [ -72.584719068695506, 40.825219066495173 ], [ -72.580855040061053, 40.824217778640552 ], [ -72.579563118053727, 40.822001106182853 ], [ -72.581155053111431, 40.82027988288548 ], [ -72.584492828889523, 40.82099889211684 ], [ -72.58497205943236, 40.820331490825616 ], [ -72.590182819882912, 40.821124286799446 ], [ -72.592377973653896, 40.821039066544046 ], [ -72.592377302612377, 40.820710766315294 ], [ -72.584391610316572, 40.816912946185965 ], [ -72.585288994047744, 40.814476232816986 ], [ -72.590554467288982, 40.814104987726104 ], [ -72.590753494430061, 40.812419457216798 ], [ -72.596957369376668, 40.809176474747055 ], [ -72.600119449956551, 40.8089377794226 ], [ -72.599906111754663, 40.81111089644979 ], [ -72.601289901771153, 40.81178393916872 ], [ -72.601332987667121, 40.808212317418942 ], [ -72.608699532323016, 40.806425870769431 ], [ -72.613609191863375, 40.810586021600194 ], [ -72.616358627724239, 40.808369304957061 ], [ -72.616275632375135, 40.811900809708966 ], [ -72.619582453106858, 40.811849250961615 ], [ -72.621441799556663, 40.816258424403422 ], [ -72.618071113099802, 40.822395909424394 ], [ -72.623837875913978, 40.820534444277754 ], [ -72.625827334349538, 40.814363984511218 ], [ -72.625262726125484, 40.810758476916142 ], [ -72.631128345841745, 40.810580026817867 ], [ -72.636676802770509, 40.81798245236083 ], [ -72.636330804960735, 40.814160151458232 ], [ -72.63254453180231, 40.808911824500967 ], [ -72.62560428625774, 40.806509847123699 ], [ -72.627441178418721, 40.803547187415568 ], [ -72.626194944726734, 40.802434795172218 ], [ -72.63420778411043, 40.79917715566333 ], [ -72.63603358207763, 40.800782449304151 ], [ -72.635762214505021, 40.802652782942488 ], [ -72.640558017074682, 40.803525548964785 ], [ -72.642108191251467, 40.798807499215791 ], [ -72.645219364304197, 40.79702883828611 ], [ -72.654477177043518, 40.798177937153397 ], [ -72.662009341393372, 40.803199809937837 ], [ -72.661177044197828, 40.804929836610057 ], [ -72.664116264433801, 40.805275394962877 ], [ -72.664041095207452, 40.807543178061323 ], [ -72.665683153563066, 40.80830092799075 ], [ -72.668942919641921, 40.802721007290209 ], [ -72.673074266243674, 40.80368385247651 ], [ -72.67637657204277, 40.800956520642096 ], [ -72.685707104302651, 40.804015930613105 ], [ -72.6901013527538, 40.803467230782061 ], [ -72.689798779504855, 40.808120384556595 ], [ -72.6925928301943, 40.808047629214606 ], [ -72.691254029603883, 40.804324443886607 ], [ -72.694089646239831, 40.799903800388968 ], [ -72.693205777662115, 40.797013732318909 ], [ -72.700421052312365, 40.796724979392131 ], [ -72.710110829837532, 40.799194658918644 ], [ -72.718814355995391, 40.804116936669438 ], [ -72.724267781048582, 40.809644161022064 ], [ -72.723608944042795, 40.81597771360191 ], [ -72.720253541522183, 40.819700173026334 ], [ -72.724729766632905, 40.816776171720022 ], [ -72.724974997722299, 40.814867219877023 ], [ -72.728711437738653, 40.815307784368187 ], [ -72.728304514389691, 40.824537104877479 ], [ -72.730636336949701, 40.815893824693703 ], [ -72.7322421312156, 40.81479814390314 ], [ -72.735895525577206, 40.816674040745774 ], [ -72.730414009306756, 40.811926127076909 ], [ -72.729674378722635, 40.814666589877831 ], [ -72.728536807044051, 40.814358200830924 ], [ -72.732279576589903, 40.80886461701914 ], [ -72.732534929895934, 40.800076673116827 ], [ -72.742160672812687, 40.80005341372771 ], [ -72.747052207943867, 40.803047100221413 ], [ -72.754035818760457, 40.800775044650749 ], [ -72.753043705885929, 40.795699504777524 ], [ -72.750274570869223, 40.793281494903468 ], [ -72.746775061509055, 40.794146158575288 ], [ -72.744570080168842, 40.787826836276622 ], [ -72.750001750720799, 40.786967711100345 ], [ -72.751235414287009, 40.790457016149915 ], [ -72.754299589280691, 40.790342743308031 ], [ -72.756211767448988, 40.793030479680333 ], [ -72.759163560505712, 40.792543545893786 ], [ -72.763172493683697, 40.795165486911301 ], [ -72.762450913846891, 40.79316743366995 ], [ -72.764813943879872, 40.792134832415755 ], [ -72.764628236059508, 40.790753712876842 ], [ -72.760075774523898, 40.789428481399554 ], [ -72.753136250326506, 40.783680161123186 ], [ -72.758743122901592, 40.784394186040977 ], [ -72.763059781166689, 40.782178145496488 ], [ -72.771737670304674, 40.783795141260867 ], [ -72.773736066977293, 40.791441833969948 ], [ -72.773551182013733, 40.797982282194653 ], [ -72.77539588322945, 40.794018302015211 ], [ -72.774741625834977, 40.782806760758923 ], [ -72.790368920638457, 40.784322660985943 ], [ -72.785190721422012, 40.795547196045661 ], [ -72.790323164051145, 40.787688140298847 ], [ -72.790728694113128, 40.784323277229753 ], [ -72.79675626839699, 40.785633064686344 ], [ -72.794931472051346, 40.789183809475041 ], [ -72.797184690227354, 40.78759299183799 ], [ -72.797255117247303, 40.784770318438504 ], [ -72.802376298596045, 40.784504203037258 ], [ -72.801851730979138, 40.789253584080249 ], [ -72.79551532757867, 40.796818851229233 ], [ -72.796208655399795, 40.797284919711174 ], [ -72.806173092823073, 40.784699569870469 ], [ -72.808176063717141, 40.790630435807586 ], [ -72.80665909666314, 40.794938970251273 ], [ -72.805145522545985, 40.794810476629124 ], [ -72.806641215697411, 40.795153752986721 ], [ -72.805967158535765, 40.797475898688454 ], [ -72.809333536672511, 40.791045499230158 ], [ -72.809250906039409, 40.786313417679871 ], [ -72.806325638436405, 40.782575347358872 ], [ -72.803631737324736, 40.785162354534975 ], [ -72.80264598631905, 40.78443813314157 ], [ -72.805522863474337, 40.782388480866544 ], [ -72.807147719092271, 40.777426636053406 ], [ -72.808625214172665, 40.777480735747581 ], [ -72.817151533267676, 40.784833205462235 ], [ -72.815186371565645, 40.798194869439683 ], [ -72.816469762272703, 40.79800572592044 ], [ -72.818074286320794, 40.787081005569569 ], [ -72.819830254647698, 40.785882060578608 ], [ -72.819216626256903, 40.789781401190574 ], [ -72.82187021906347, 40.791868046019225 ], [ -72.826013314730844, 40.792371175863835 ], [ -72.824393684612929, 40.79890412223547 ], [ -72.828218144255757, 40.79550825274373 ], [ -72.830670204519933, 40.802546304785196 ], [ -72.832196132268862, 40.802398635053159 ], [ -72.830878260627927, 40.79972128244416 ], [ -72.83140004526409, 40.795421228009921 ], [ -72.83792515955291, 40.795473901908835 ], [ -72.831485650219079, 40.794630877164586 ], [ -72.827714970017354, 40.789271145042505 ], [ -72.829045932806935, 40.78826213168179 ], [ -72.833029779632326, 40.788494978041925 ], [ -72.838362513332143, 40.786848667768467 ], [ -72.828062652168299, 40.787539999498819 ], [ -72.820441628267147, 40.783174993548116 ], [ -72.820961578543475, 40.780889729634787 ], [ -72.816847811073501, 40.778598940417488 ], [ -72.822255795746344, 40.776783963362732 ], [ -72.827107308236677, 40.777700070717124 ], [ -72.823918670762041, 40.776553186791197 ], [ -72.814106483406405, 40.777297131019886 ], [ -72.814391856612588, 40.772418264800137 ], [ -72.815913189478877, 40.773443288044248 ], [ -72.822043770881422, 40.771566789743609 ], [ -72.816396866682339, 40.771788921940548 ], [ -72.813923854112502, 40.770004147027741 ], [ -72.812082972533375, 40.771607079135165 ], [ -72.811259016195194, 40.764620376864514 ], [ -72.812753646639649, 40.762395663543295 ], [ -72.815852869404168, 40.762605081086498 ], [ -72.814824501423089, 40.761540719906321 ], [ -72.817442608080995, 40.758995634031841 ], [ -72.819249129100513, 40.760138190022346 ], [ -72.820836998383243, 40.759764064239569 ], [ -72.820907967087322, 40.757975563434435 ], [ -72.8245922401385, 40.759465534799624 ], [ -72.830153369600993, 40.757229457442278 ], [ -72.833714583339699, 40.757591914087563 ], [ -72.836106541819774, 40.753806872765892 ], [ -72.84045814454943, 40.752112869416969 ], [ -72.844171303826897, 40.752906837465851 ], [ -72.845015138983968, 40.754919797218662 ], [ -72.846244133107319, 40.754272713670495 ], [ -72.850689298967083, 40.76105131258759 ], [ -72.845014594604919, 40.750182530264986 ], [ -72.845972103476356, 40.746854277298269 ], [ -72.847426857705344, 40.745763667992037 ], [ -72.849889276443037, 40.747339658819229 ], [ -72.852012775197068, 40.745117616935524 ], [ -72.858515894236163, 40.743138833633836 ], [ -72.861277200435197, 40.743313988477503 ], [ -72.859574420457946, 40.744504230578976 ], [ -72.86057251341731, 40.746430483053118 ], [ -72.862647885828324, 40.745131626718056 ], [ -72.862202413075565, 40.748497278973154 ], [ -72.863982550575159, 40.745137796193816 ], [ -72.866005766800782, 40.746546663520853 ], [ -72.86660266766269, 40.745372611529376 ], [ -72.867774208235403, 40.748179941600057 ], [ -72.866533234179428, 40.743082968402632 ], [ -72.867770576346729, 40.740055225518155 ], [ -72.873666890597903, 40.740132125541756 ], [ -72.874509999916256, 40.744384512241155 ], [ -72.875365775480091, 40.738941574461599 ], [ -72.874280808246226, 40.737294988540221 ], [ -72.880065867946115, 40.739975393911656 ], [ -72.882775335963359, 40.743461745348156 ], [ -72.883294933201796, 40.757080767630704 ], [ -72.888361364928898, 40.762983333149769 ], [ -72.886388465138992, 40.76644487996041 ], [ -72.889656344801466, 40.766122699670646 ], [ -72.889930607644217, 40.768475940555554 ], [ -72.894107012842326, 40.769577417758398 ], [ -72.894053875696642, 40.772095514121389 ], [ -72.896370161893799, 40.773788071492412 ], [ -72.895851971417116, 40.769167883284119 ], [ -72.892820475336805, 40.766773130906103 ], [ -72.895189912154393, 40.762539212582517 ], [ -72.894341731846282, 40.760334110936618 ], [ -72.906967403145927, 40.757878467149453 ], [ -72.917980895852935, 40.760275266952426 ], [ -72.926803391293774, 40.758686004472381 ], [ -72.932139115485185, 40.755181998607434 ], [ -72.933753588375055, 40.753022843298439 ], [ -72.93264358239928, 40.75213066748826 ], [ -72.935301649714276, 40.751913722461076 ], [ -72.943782180780957, 40.745812572772536 ], [ -72.944969799400653, 40.740675055569582 ], [ -72.966975860356754, 40.744333644949641 ], [ -72.983667937249663, 40.750167790656803 ], [ -72.997360127980485, 40.748597337086878 ], [ -72.997147191325539, 40.750888778175018 ], [ -72.998730981358577, 40.751790940858612 ], [ -72.997808846346388, 40.754739791152453 ], [ -73.000010727600539, 40.75197802951137 ], [ -72.997827763967948, 40.747204208979561 ], [ -73.008120740443445, 40.748697372592027 ], [ -73.009914486521311, 40.748237363051622 ], [ -73.009603241834938, 40.746694750089915 ], [ -73.010404191420349, 40.748419791780179 ], [ -73.015249987930517, 40.749654401919791 ], [ -73.015372723849467, 40.747213604120944 ], [ -73.01324812735416, 40.747481203460566 ], [ -73.013134346740273, 40.747084511835453 ], [ -73.015945165382803, 40.747025068117338 ], [ -73.017327297109276, 40.75704183919845 ], [ -73.019485850820658, 40.760541733211618 ], [ -73.019379429205571, 40.751747975920708 ], [ -73.017776632617768, 40.751687082110912 ], [ -73.017425348222545, 40.748501859738802 ], [ -73.021344920589343, 40.74853101370833 ], [ -73.029312023148663, 40.744469141471193 ], [ -73.027793461585034, 40.744002277010146 ], [ -73.033413696599951, 40.737459440412003 ], [ -73.034177001385089, 40.731218837677353 ], [ -73.035789304843547, 40.730005267263969 ], [ -73.062567198622588, 40.728144378459419 ], [ -73.069948591531812, 40.723460932812749 ], [ -73.086602525059448, 40.722359225976476 ], [ -73.0932668836072, 40.720038522033327 ], [ -73.094430397732879, 40.719991305849476 ], [ -73.094040782224482, 40.721405050773569 ], [ -73.097575946616587, 40.721225052715958 ], [ -73.103578466887186, 40.718890750774513 ], [ -73.108249234749081, 40.719324443632132 ], [ -73.121864309604334, 40.72763595674683 ], [ -73.125084001838346, 40.727563487653136 ], [ -73.125816933685385, 40.725345744640066 ], [ -73.134845393956269, 40.727694017468544 ], [ -73.153408179190663, 40.726774672736774 ], [ -73.155650324732491, 40.728738671562859 ], [ -73.157726670018945, 40.735581101888307 ], [ -73.154499510090005, 40.740677584781821 ], [ -73.147049964695114, 40.744829164488472 ], [ -73.15033384874269, 40.745855455112519 ], [ -73.148883805279056, 40.74446773061058 ], [ -73.153112919126443, 40.742433382763245 ], [ -73.156220097371119, 40.743503152985383 ], [ -73.156668383647357, 40.740716782794586 ], [ -73.160645635041917, 40.735824463512976 ], [ -73.158577248828891, 40.728541122456612 ], [ -73.155929243543369, 40.725388546226156 ], [ -73.149350869039665, 40.723109604476655 ], [ -73.14163522019976, 40.72276633576773 ], [ -73.138822059649257, 40.720518771016962 ], [ -73.140876852555422, 40.720468476440935 ], [ -73.140332083624415, 40.719220111382434 ], [ -73.13673527414258, 40.719385531154288 ], [ -73.135002848862626, 40.717928414081818 ], [ -73.143462736644082, 40.712326073879147 ], [ -73.147709818593796, 40.713809537174043 ], [ -73.14708981935101, 40.712353518258361 ], [ -73.143641581335672, 40.712089422580952 ], [ -73.149129770292063, 40.698382635915166 ], [ -73.166664133646478, 40.698576711227332 ], [ -73.176123429520871, 40.700912146258034 ], [ -73.173099007673443, 40.703932507280697 ], [ -73.173263789239286, 40.706382841342858 ], [ -73.175458802873081, 40.706055291970131 ], [ -73.175864045474171, 40.702166071900272 ], [ -73.178398139890064, 40.701945118870334 ], [ -73.186124244221588, 40.706092333281077 ], [ -73.185484492822326, 40.708372799377358 ], [ -73.186910123669804, 40.709361963272137 ], [ -73.184723312552833, 40.709327883181111 ], [ -73.181392091781376, 40.711611440188037 ], [ -73.185764737546549, 40.709514671800285 ], [ -73.186863495716651, 40.710286873449625 ], [ -73.18402845759573, 40.71423792285097 ], [ -73.18639074292534, 40.713467704880422 ], [ -73.187696079474804, 40.71016290712241 ], [ -73.189591855304315, 40.711807400562364 ], [ -73.191074437544174, 40.711305115188559 ], [ -73.187272932551792, 40.708254924753447 ], [ -73.191460645742694, 40.705104160693892 ], [ -73.197320666259785, 40.707762742607983 ], [ -73.201613191284778, 40.707815414493965 ], [ -73.204539616816177, 40.711502783546038 ], [ -73.202466356344402, 40.714704823235657 ], [ -73.200183042809741, 40.715098170046367 ], [ -73.202195566388525, 40.715272542837745 ], [ -73.202646430829631, 40.719238352635919 ], [ -73.201141010720292, 40.721166878779947 ], [ -73.202595237638221, 40.721606629066152 ], [ -73.202800014895445, 40.724707250850919 ], [ -73.204265962132865, 40.715437988079316 ], [ -73.206322619941574, 40.711939497436738 ], [ -73.204987280559934, 40.711744748814233 ], [ -73.206541177355248, 40.7100981599352 ], [ -73.215364637586688, 40.705627868999095 ], [ -73.222386598381064, 40.707030419370163 ], [ -73.224717119282232, 40.708667926623697 ], [ -73.222631814199119, 40.722832867974375 ], [ -73.223994868403892, 40.725294431853108 ], [ -73.22496016387224, 40.719503375861329 ], [ -73.227593435888764, 40.71695073368376 ], [ -73.232545804930979, 40.718370915994285 ], [ -73.231008099370342, 40.724233030579974 ], [ -73.232927606893028, 40.722963498296622 ], [ -73.232828641294816, 40.718178539228326 ], [ -73.235766364039222, 40.712860878052012 ], [ -73.241640119797012, 40.7206369350708 ], [ -73.238884684986687, 40.713727200355692 ], [ -73.240469969816331, 40.714486774289846 ], [ -73.241105983325696, 40.713647985380959 ], [ -73.239345057196743, 40.71319498446644 ], [ -73.243359820440958, 40.71179467343071 ], [ -73.241376846045114, 40.71097318848566 ], [ -73.237464703644022, 40.713074838692087 ], [ -73.23650409917812, 40.712027558242482 ], [ -73.237760274525343, 40.711071946625729 ], [ -73.247380174799474, 40.708630163570689 ], [ -73.248936566216344, 40.711985764680023 ], [ -73.252880472147552, 40.715081973731252 ], [ -73.248649901232753, 40.708701874266346 ], [ -73.246934486451053, 40.708140679439992 ], [ -73.249433227668931, 40.705227159898364 ], [ -73.248409862405708, 40.704451331146551 ], [ -73.253167018553512, 40.700860162205899 ], [ -73.258094122478383, 40.699740553268001 ], [ -73.260914092258702, 40.69607086432304 ], [ -73.265027779778634, 40.695688273917376 ], [ -73.272347943518099, 40.691429313850293 ], [ -73.277707462284738, 40.684519377353411 ], [ -73.298953863819136, 40.685521350392392 ], [ -73.300967224627783, 40.688103632586746 ], [ -73.300033493263584, 40.693056898034236 ], [ -73.300930594025445, 40.69520357197564 ], [ -73.301382577767384, 40.688269434820107 ], [ -73.303759735604828, 40.686473938363157 ], [ -73.31565969481737, 40.687197581929802 ], [ -73.317704403236149, 40.690278065350832 ], [ -73.317743687461842, 40.696573412392048 ], [ -73.319140031434415, 40.694311943472208 ], [ -73.317889195673231, 40.68892221656597 ], [ -73.319569176408578, 40.688029075599914 ], [ -73.317691042592926, 40.688470155033478 ], [ -73.316020908291421, 40.685693062923541 ], [ -73.313932118643322, 40.685741221670654 ], [ -73.316112850860762, 40.683844283086614 ], [ -73.314139526167693, 40.680307097636963 ], [ -73.31595824271551, 40.679787120405102 ], [ -73.316963113463686, 40.681439905731899 ], [ -73.322989890941926, 40.680366506939819 ], [ -73.327763358698675, 40.682030264736404 ], [ -73.326419594916302, 40.687276371298267 ], [ -73.328526789247931, 40.694197937828861 ], [ -73.327654213391654, 40.685996429480106 ], [ -73.330922106528831, 40.682667070296318 ], [ -73.33011468368349, 40.679575739690918 ], [ -73.335945579022436, 40.674638090567896 ], [ -73.337853385988538, 40.675654696425056 ], [ -73.341473353140117, 40.670931156098824 ], [ -73.345874553653218, 40.672405724066969 ], [ -73.348460638964511, 40.676164462736722 ], [ -73.347316497906263, 40.671662253224284 ], [ -73.348407738974075, 40.669226523942477 ], [ -73.351914698961195, 40.66867244933664 ], [ -73.35646100524049, 40.67081918855024 ], [ -73.355048516745612, 40.669113691612061 ], [ -73.356737489616947, 40.669423162263577 ], [ -73.35785674374857, 40.667373853945627 ], [ -73.365388402346937, 40.665812353019106 ], [ -73.366669949711039, 40.668258011211563 ], [ -73.366956679373331, 40.666641338857026 ], [ -73.368443961598757, 40.667423873821214 ], [ -73.371673695200982, 40.667704244716013 ], [ -73.368135042650636, 40.66705733376245 ], [ -73.366960250176575, 40.663127265475161 ], [ -73.378339989618183, 40.659922285217043 ], [ -73.384096482892048, 40.663648462904099 ], [ -73.387239487746868, 40.669212438223127 ], [ -73.388972527474451, 40.669570317321082 ], [ -73.387333083216319, 40.665782799632154 ], [ -73.381294845031704, 40.660950198412806 ], [ -73.384708825793666, 40.661431803610029 ], [ -73.38543270980918, 40.660291924196798 ], [ -73.38049362325674, 40.66004398243431 ], [ -73.379757609289953, 40.658448673993533 ], [ -73.386708222291205, 40.657195802518629 ], [ -73.391984138447626, 40.659569902085913 ], [ -73.393618365290578, 40.656237522128137 ], [ -73.400435360181532, 40.655080548421672 ], [ -73.405161881083231, 40.658147580855733 ], [ -73.403939136539293, 40.659996297131798 ], [ -73.403712428711046, 40.663203647218808 ], [ -73.403898985439341, 40.66759611265929 ], [ -73.404879538792798, 40.667684426276338 ], [ -73.404499702344566, 40.660113683353295 ], [ -73.406672859967529, 40.655184799853807 ], [ -73.408383147165608, 40.654825987592822 ], [ -73.41270903921351, 40.658781139061006 ], [ -73.413673583690283, 40.6700855598258 ], [ -73.41398541228159, 40.65689675703797 ], [ -73.41745920197684, 40.654849387073448 ], [ -73.421635105016719, 40.655517312535956 ], [ -73.423762064979542, 40.658308480824253 ], [ -73.424118584756229, 40.66219239291874 ], [ -73.424850546422803, 40.656312661226778 ], [ -73.426660301377325, 40.656168628815671 ], [ -73.430864504043583, 40.657856718015694 ], [ -73.433070307342277, 40.66892855307573 ], [ -73.431564169479032, 40.660687784516391 ], [ -73.432686838107045, 40.657499526368383 ], [ -73.430264568672655, 40.650304872009272 ], [ -73.448287732322655, 40.65367009551057 ], [ -73.446396125574381, 40.657579366919855 ], [ -73.446832977195342, 40.660738539915414 ], [ -73.445428098329245, 40.661353421859332 ], [ -73.447222874774752, 40.662021070960989 ], [ -73.447206686235006, 40.657108221236086 ], [ -73.451341551537752, 40.655135541578439 ], [ -73.45229461464686, 40.652273202519893 ], [ -73.454773063820809, 40.652341001227363 ], [ -73.459124361123258, 40.647398493250897 ], [ -73.463745846510363, 40.647199246329897 ], [ -73.46747414419697, 40.65058383930976 ], [ -73.468841583078657, 40.656664880969835 ], [ -73.470863608138217, 40.655597424651134 ], [ -73.472525273123225, 40.656710349053732 ], [ -73.471255595198969, 40.66031971097464 ], [ -73.473180677666306, 40.657976041341549 ], [ -73.472141719446356, 40.655502577860801 ], [ -73.474313549359309, 40.650287710540638 ], [ -73.476752646933903, 40.651192260456902 ], [ -73.479678070843775, 40.649700645937244 ], [ -73.484056211603573, 40.651930972703177 ], [ -73.485615891752673, 40.650326880666235 ], [ -73.486905352376112, 40.654197828926947 ], [ -73.488767603079225, 40.650792434441207 ], [ -73.486756517703213, 40.650308970859804 ], [ -73.486730045250098, 40.651896002457903 ], [ -73.486078352545775, 40.650080299735031 ], [ -73.486895899404374, 40.646929595111118 ], [ -73.492995961443484, 40.649302432419454 ], [ -73.493684166172542, 40.647369412902357 ], [ -73.503000625425159, 40.645095495022495 ], [ -73.508430458024051, 40.640140246741339 ], [ -73.518610247672072, 40.644447996053046 ], [ -73.517477229553677, 40.646167748738328 ], [ -73.517669327090658, 40.651202887747054 ], [ -73.519542930702329, 40.654783047292632 ], [ -73.520717824686017, 40.652173920361896 ], [ -73.518252210640867, 40.646498272490575 ], [ -73.519920730669796, 40.644627207101088 ], [ -73.516909199646705, 40.64299164331981 ], [ -73.520231574707566, 40.639332836159348 ], [ -73.524778065141476, 40.642877943205484 ], [ -73.52752769773339, 40.650745456105525 ], [ -73.52725384272577, 40.655155170881848 ], [ -73.528286160599123, 40.655175486451711 ], [ -73.528308834076896, 40.650659744701457 ], [ -73.52576870208398, 40.644996979897435 ], [ -73.527566759176892, 40.643484976620869 ], [ -73.532654598655526, 40.647044439520108 ], [ -73.53252471574018, 40.649178378528347 ], [ -73.535873272200007, 40.649274058317275 ], [ -73.535208151478784, 40.649745491052968 ], [ -73.535574308381868, 40.651485613391031 ], [ -73.538097224162371, 40.657335610945736 ], [ -73.538683757567583, 40.654982460346403 ], [ -73.536194007587355, 40.649227198867585 ], [ -73.529558292720765, 40.642278107772135 ], [ -73.531318732861138, 40.6386923474792 ], [ -73.534730595395658, 40.639627708839953 ], [ -73.53485335287418, 40.6430995903251 ], [ -73.540243088272035, 40.64324413149189 ], [ -73.544504471401083, 40.652117340199894 ], [ -73.542967451255024, 40.647247608048701 ], [ -73.546801582160185, 40.647570029971483 ], [ -73.544751669800959, 40.645469901473611 ], [ -73.544863097727116, 40.639283332371512 ], [ -73.546366060045827, 40.638366754470432 ], [ -73.552920581583805, 40.641062560881359 ], [ -73.558938057007254, 40.647317160801869 ], [ -73.558775567942021, 40.644688551925462 ], [ -73.556389412578696, 40.643028449759917 ], [ -73.559813070891224, 40.639075322264361 ], [ -73.55571011913726, 40.635639545022762 ], [ -73.559752313336972, 40.630087445808648 ], [ -73.562689497092208, 40.630166594449577 ], [ -73.564192017439794, 40.631987789022212 ], [ -73.564572640812202, 40.640776560745387 ], [ -73.566959609150871, 40.643452104751788 ], [ -73.566371165927393, 40.645953718418497 ], [ -73.566729706913478, 40.651508723025906 ], [ -73.567613571897937, 40.643159902529234 ], [ -73.572543904367919, 40.644666594574467 ], [ -73.574563041343836, 40.651547529856174 ], [ -73.575410981801738, 40.651701004037683 ], [ -73.574407056081256, 40.644115935330106 ], [ -73.569140824661929, 40.643293247225387 ], [ -73.567190552535706, 40.638757171545578 ], [ -73.567825132333866, 40.633899785997123 ], [ -73.565318832691162, 40.632641483770684 ], [ -73.573823720678476, 40.627253105203948 ], [ -73.57650596525103, 40.635325836277367 ], [ -73.574109834096447, 40.624634128433165 ], [ -73.577225222044504, 40.624499755789898 ], [ -73.57931880959454, 40.627559699284909 ], [ -73.582111102280962, 40.639696709891204 ], [ -73.580522906909792, 40.62762600681183 ], [ -73.586128265823604, 40.627033109943767 ], [ -73.586672429290118, 40.634755085645928 ], [ -73.588347373171644, 40.639900044616716 ], [ -73.589338257150857, 40.639797748160312 ], [ -73.587045730494651, 40.632185499722361 ], [ -73.596224395369219, 40.633999257589593 ], [ -73.593327697785526, 40.625977841360786 ], [ -73.595393656750673, 40.624748171889323 ], [ -73.596863928477873, 40.626465706264838 ], [ -73.595149121855599, 40.622534756562047 ], [ -73.597439535674255, 40.621456664387132 ], [ -73.60134757457115, 40.623801742691263 ], [ -73.601891499085781, 40.626856801771773 ], [ -73.602981303747427, 40.628714806176042 ], [ -73.602628408672899, 40.622983031596348 ], [ -73.610555335877763, 40.62344261920363 ], [ -73.614805115468286, 40.62863320756842 ], [ -73.616417744116873, 40.635076021804373 ], [ -73.61769214538289, 40.62941383488949 ], [ -73.623110494817496, 40.632157607148677 ], [ -73.617149426407366, 40.628425342222393 ], [ -73.617797838464284, 40.620343561898849 ], [ -73.621866067637555, 40.618123106805193 ], [ -73.622613748923271, 40.620934293270572 ], [ -73.624485093272, 40.620514462420928 ], [ -73.627332975504842, 40.625640191382722 ], [ -73.628221388659583, 40.62602257287319 ], [ -73.622750064674378, 40.617766939437615 ], [ -73.625491253102595, 40.615835739812361 ], [ -73.625504432286135, 40.613972008357329 ], [ -73.631717167316381, 40.612090626730549 ], [ -73.639944382456093, 40.614862639499549 ], [ -73.643861497930601, 40.618115850918969 ], [ -73.648696245162782, 40.617522312527697 ], [ -73.649619412339234, 40.620295576848413 ], [ -73.649538395978709, 40.617407030018924 ], [ -73.652344387074905, 40.616924977542048 ], [ -73.656112071395157, 40.623937022878565 ], [ -73.660934036499143, 40.623941796305274 ], [ -73.658206000305, 40.634746036623042 ], [ -73.659766135001632, 40.633694691880088 ], [ -73.662597948170671, 40.62267478896856 ], [ -73.664051050397859, 40.622512847834905 ], [ -73.66691854824326, 40.623112067205305 ], [ -73.667028106775305, 40.628693083554595 ], [ -73.676686536690312, 40.62923141551056 ], [ -73.67534419853429, 40.631491782172503 ], [ -73.681090064738342, 40.625890819774781 ], [ -73.683407124384956, 40.625688906213568 ], [ -73.680210242172649, 40.630048763533807 ], [ -73.682261151661848, 40.629481080728148 ], [ -73.683894819752709, 40.626182784639724 ], [ -73.687327926545379, 40.625752214986534 ], [ -73.69233309945831, 40.633593475306952 ], [ -73.690913524154169, 40.636852323479665 ], [ -73.692069041477183, 40.637762802736468 ], [ -73.693316893034975, 40.633618931488598 ], [ -73.689912346380126, 40.628528543092038 ], [ -73.691931093487199, 40.628079496688159 ], [ -73.69182350136731, 40.625016235459867 ], [ -73.699779840312885, 40.620064309341274 ], [ -73.701575955248146, 40.6153293032256 ], [ -73.705282982625462, 40.614422291820283 ], [ -73.705085987473566, 40.618365310849747 ], [ -73.707245427822116, 40.620481402640927 ], [ -73.711142391389842, 40.621865371202375 ], [ -73.712157964666332, 40.619803057481818 ], [ -73.710156070852307, 40.620452860824479 ], [ -73.705839945288147, 40.617912037314198 ], [ -73.706299408403154, 40.616470401357383 ], [ -73.70786982701317, 40.617001221240542 ], [ -73.705704214340301, 40.613664293557015 ], [ -73.708033445260696, 40.611462552798834 ], [ -73.705623563594088, 40.611036771038684 ], [ -73.707528408814696, 40.608850146965693 ], [ -73.704127367386093, 40.609416371121014 ], [ -73.705202610357006, 40.607880802220819 ], [ -73.704194664675597, 40.605581311761298 ], [ -73.708090859285463, 40.604139848973752 ], [ -73.704865712481066, 40.601990390298759 ], [ -73.701507941103046, 40.602596231501266 ], [ -73.70003506785477, 40.597227982597879 ], [ -73.698441547270605, 40.600499054937345 ], [ -73.700282320153576, 40.602824004018466 ], [ -73.696529099607716, 40.604839089851957 ], [ -73.694041278310408, 40.604872897358867 ], [ -73.690136219125364, 40.600864566443292 ], [ -73.686366194693775, 40.60112907413437 ], [ -73.686726697600463, 40.594322195161098 ], [ -73.688726633087171, 40.592783722820236 ], [ -73.703972134911751, 40.591844861527846 ], [ -73.725950239397889, 40.594181762269443 ], [ -73.726995603504136, 40.595529248571538 ], [ -73.730200321720673, 40.596989382524328 ], [ -73.734742881126905, 40.596663127834113 ], [ -73.734233735786788, 40.600612986130635 ], [ -73.727813527655158, 40.604339371029752 ], [ -73.728046686285467, 40.606391755450908 ], [ -73.731871876258623, 40.604052698000238 ], [ -73.734802133104722, 40.604217122109944 ], [ -73.736111461767308, 40.602194749679128 ], [ -73.735820715737404, 40.594721642438081 ], [ -73.745437753979033, 40.594863485496759 ], [ -73.753683229173546, 40.590448937718911 ], [ -73.771416326818297, 40.590713785406017 ], [ -73.81212556800962, 40.583564448112341 ], [ -73.862812422214503, 40.566843949333034 ], [ -73.906188664466328, 40.555754585373194 ], [ -73.940354198937413, 40.542500891077772 ], [ -73.941035574673663, 40.553606735038834 ], [ -73.925365685352673, 40.561711507923086 ], [ -73.911481502187755, 40.565087712512664 ], [ -73.90657918457822, 40.56280421541085 ], [ -73.901537063059337, 40.562799271101042 ], [ -73.892501295891947, 40.568456398863503 ], [ -73.877768866841905, 40.568810256407545 ], [ -73.852161434758926, 40.581563210024164 ], [ -73.839143908450879, 40.581938152079999 ], [ -73.823131950551158, 40.587544735786615 ], [ -73.821237660535132, 40.586896199912033 ], [ -73.809541228124928, 40.592409482777313 ], [ -73.809598755337419, 40.593573236339736 ], [ -73.804164936015297, 40.591394872071334 ], [ -73.808038275687679, 40.593554793572444 ], [ -73.805741835071785, 40.595574608231239 ], [ -73.802297723916865, 40.592676331600885 ], [ -73.804742255400626, 40.597624107792058 ], [ -73.79180450218476, 40.600386184836907 ], [ -73.786701142512953, 40.603726685799728 ], [ -73.785909345861967, 40.602896051556257 ], [ -73.790966726164271, 40.59704393924752 ], [ -73.789517943935294, 40.594915852995342 ], [ -73.789024221770291, 40.598171574264654 ], [ -73.783497354951066, 40.602498205441705 ], [ -73.783600273136528, 40.60524164700923 ], [ -73.77878724447298, 40.609550112596786 ], [ -73.774210489797142, 40.608905318015175 ], [ -73.774750105991686, 40.604215950396139 ], [ -73.781695109013981, 40.598419284087989 ], [ -73.779826026623141, 40.597254271150724 ], [ -73.77481303477397, 40.601820455232676 ], [ -73.77333586398538, 40.598117253098657 ], [ -73.767948433664543, 40.597905557009433 ], [ -73.77114154744423, 40.600099042644132 ], [ -73.768944478465059, 40.609573946677124 ], [ -73.773658679870948, 40.611668142771485 ], [ -73.773302585895678, 40.613780026456809 ], [ -73.766118813365807, 40.61428077871539 ], [ -73.76469046152134, 40.612017858744167 ], [ -73.758213239115264, 40.610307170054284 ], [ -73.754841917549498, 40.610265402046707 ], [ -73.75425142976043, 40.611537190607557 ], [ -73.76321145098305, 40.614294563712441 ], [ -73.757104139539621, 40.616894116453167 ], [ -73.75815388383117, 40.618309539375673 ], [ -73.766032371180955, 40.615631264622188 ], [ -73.770164519978294, 40.615954215652984 ], [ -73.768234362029588, 40.620057112987723 ], [ -73.76489549749337, 40.620254438303235 ], [ -73.76354783771761, 40.623166723971117 ], [ -73.760035106953083, 40.622480744295629 ], [ -73.748395427407601, 40.629767865556509 ], [ -73.745069018911124, 40.628895153703311 ], [ -73.746968673666018, 40.630752267615136 ], [ -73.745795389463339, 40.631539196741294 ], [ -73.741315616007256, 40.630891001784882 ], [ -73.733109276816435, 40.63384033530059 ], [ -73.732946539816183, 40.636961302944876 ], [ -73.733855090504647, 40.634413776977155 ], [ -73.736542883970714, 40.633310699090593 ], [ -73.736214373664566, 40.634429871555518 ], [ -73.737830262299326, 40.635014818121441 ], [ -73.73710634055459, 40.637100173503079 ], [ -73.737806944729499, 40.63561814914388 ], [ -73.741978092986571, 40.634990232331262 ], [ -73.740982348223355, 40.637365259660832 ], [ -73.741845392056163, 40.638125468234804 ], [ -73.743340778882086, 40.638152716858677 ], [ -73.74660511019917, 40.636524318531748 ], [ -73.747046874706456, 40.642611861264641 ], [ -73.754740299226242, 40.647843862801636 ], [ -73.747352981029394, 40.641450581896642 ], [ -73.748578930762278, 40.635257705336087 ], [ -73.766381640654998, 40.628300720470868 ], [ -73.770594367434995, 40.62000814312448 ], [ -73.77328036337218, 40.625018237934981 ], [ -73.776615494510082, 40.627394222665586 ], [ -73.77934053572109, 40.627208545644351 ], [ -73.784687854467876, 40.620457727232683 ], [ -73.784069081425429, 40.616662067310877 ], [ -73.780690669457144, 40.613928311434975 ], [ -73.791324384106431, 40.607709482694723 ], [ -73.800427581513986, 40.612123328552052 ], [ -73.794532790805519, 40.622692410955914 ], [ -73.789335571559576, 40.622943130183799 ], [ -73.782797352647378, 40.63000246939994 ], [ -73.792254380275679, 40.635716399977561 ], [ -73.818703920953766, 40.646410707155852 ], [ -73.82142955684948, 40.649074715442985 ], [ -73.823445623383734, 40.655444926479056 ], [ -73.822336065667315, 40.659341416709502 ], [ -73.818751718513397, 40.661088795546327 ], [ -73.811458123346782, 40.660785125517485 ], [ -73.818659865775587, 40.662143744246357 ], [ -73.823305269705443, 40.660333246598491 ], [ -73.824992798085802, 40.655488092610803 ], [ -73.822959364422147, 40.648562381779307 ], [ -73.82857739317474, 40.649191073319422 ], [ -73.831950789848804, 40.654039925881271 ], [ -73.831130653147227, 40.648899757040205 ], [ -73.833067234050205, 40.647999497915443 ], [ -73.835799388121615, 40.648505210360177 ], [ -73.838076057716449, 40.661795554811739 ], [ -73.839714367402379, 40.662260129076309 ], [ -73.83593994751412, 40.645495662573396 ], [ -73.84704250009672, 40.644396237197085 ], [ -73.850307017365097, 40.644895956314251 ], [ -73.852509416048846, 40.64733532223341 ], [ -73.849480801764003, 40.651461439864747 ], [ -73.855892314203672, 40.651324934825389 ], [ -73.861749431365752, 40.658028039765497 ], [ -73.863104543565115, 40.656189266422338 ], [ -73.859879825257096, 40.654601180421359 ], [ -73.857031422899695, 40.650592563131767 ], [ -73.858233962536247, 40.646871886566188 ], [ -73.857197523192355, 40.643791672710414 ], [ -73.866816638338946, 40.639932705558003 ], [ -73.879639317366923, 40.654511445573348 ], [ -73.869852605334415, 40.638766889424083 ], [ -73.868004819303991, 40.638129076345045 ], [ -73.874059344843033, 40.636442586311695 ], [ -73.890985058269976, 40.649358188916182 ], [ -73.877120094560553, 40.636108267523404 ], [ -73.883257067476364, 40.631239544063192 ], [ -73.883724594767671, 40.627587747180506 ], [ -73.887041541309273, 40.628447821700796 ], [ -73.892188793564173, 40.623835083783987 ], [ -73.895947494731573, 40.622662494825597 ], [ -73.916161622410073, 40.632066443877747 ], [ -73.917490932299543, 40.631475883909836 ], [ -73.9027119848908, 40.624221578788941 ], [ -73.900766432513066, 40.621759797450601 ], [ -73.896663098975125, 40.621494397736662 ], [ -73.895734549093476, 40.614816418714746 ], [ -73.89113078028042, 40.612527023630108 ], [ -73.893656853639129, 40.611440137844575 ], [ -73.889902078109529, 40.611175677778043 ], [ -73.893256658671632, 40.606774196656268 ], [ -73.899949148860841, 40.605610457369821 ], [ -73.901372952535041, 40.611706777726411 ], [ -73.908746949614525, 40.617378934889132 ], [ -73.909209526290283, 40.616016113933625 ], [ -73.902214625447215, 40.61042481620715 ], [ -73.901634225738775, 40.605759496362118 ], [ -73.905232089842798, 40.604906984474773 ], [ -73.908627634480169, 40.606681483341781 ], [ -73.909848363204588, 40.606039924468249 ], [ -73.908351036017663, 40.604076051850591 ], [ -73.91369767294313, 40.603945318061626 ], [ -73.916745644125726, 40.606919992216113 ], [ -73.914295039132355, 40.614955696058217 ], [ -73.919494444877699, 40.607902969444716 ], [ -73.91438573124681, 40.602878839706882 ], [ -73.908690299157769, 40.601675704358868 ], [ -73.899485746633317, 40.603712401424815 ], [ -73.892866454766747, 40.602836040592308 ], [ -73.884042395358989, 40.605411132117048 ], [ -73.882915767855522, 40.604183919907143 ], [ -73.878695968639306, 40.587507013282291 ], [ -73.87677678720506, 40.584861709173843 ], [ -73.879737337039145, 40.580185359774489 ], [ -73.894973649098375, 40.576802581427067 ], [ -73.899101166182092, 40.587712444996946 ], [ -73.911658444247593, 40.586096234602401 ], [ -73.912066974682602, 40.594570700957057 ], [ -73.915274178537516, 40.598845527516112 ], [ -73.921531602058209, 40.601750068684517 ], [ -73.924958438610204, 40.599832285513578 ], [ -73.929533656268603, 40.602754093224753 ], [ -73.929264270379505, 40.60395766475478 ], [ -73.930991488125741, 40.603897392164285 ], [ -73.931877707594566, 40.602446868306572 ], [ -73.917872195272423, 40.592868153795422 ], [ -73.914620062178557, 40.588909678391758 ], [ -73.919177494092622, 40.585982413065921 ], [ -73.924779196863241, 40.585631018387168 ], [ -73.92774420234116, 40.588656649845831 ], [ -73.923981611468562, 40.591112974556033 ], [ -73.928183518939278, 40.588833480411779 ], [ -73.930001062287317, 40.589473681818539 ], [ -73.929941224607944, 40.593962643777509 ], [ -73.932552615460793, 40.594914005140623 ], [ -73.929702266454143, 40.587605782399862 ], [ -73.93124922466221, 40.586862141133111 ], [ -73.92854183265159, 40.587049192347017 ], [ -73.924721958009982, 40.584663522081748 ], [ -73.913118634182339, 40.586098261438956 ], [ -73.911529571038599, 40.581714267512289 ], [ -73.926414355259169, 40.583541988326289 ], [ -73.953484480881599, 40.582987790494272 ], [ -73.942754890838671, 40.581009937314327 ], [ -73.932562003753816, 40.581297559242927 ], [ -73.931090745676428, 40.576174641259037 ], [ -74.002108391765745, 40.569858862291035 ], [ -74.003012242468643, 40.57183214722383 ], [ -74.012047960228685, 40.574829159911189 ], [ -74.012324941373492, 40.579036120690546 ], [ -74.005476578211159, 40.581713678729194 ], [ -73.998316894903937, 40.581542168653016 ], [ -73.988591642009922, 40.578811679902756 ], [ -73.98394423843024, 40.582910405493095 ], [ -73.979596509236075, 40.579761545675581 ], [ -73.977872130166148, 40.580089530508467 ], [ -73.974803471680872, 40.582669938883143 ], [ -73.979039747796037, 40.580192815589498 ], [ -73.983840908816362, 40.58333424466943 ], [ -73.988004463614331, 40.579647691526361 ], [ -73.991725914341856, 40.581224778200436 ], [ -73.990418808111286, 40.584574166699682 ], [ -73.995920437660928, 40.582119394765634 ], [ -74.000170278336896, 40.583085844478518 ], [ -73.99831061208684, 40.585357940802673 ], [ -73.999568717015293, 40.586275841690885 ], [ -73.99405490451376, 40.588694926314318 ], [ -73.995376344263022, 40.589395273557834 ], [ -74.000408911300539, 40.586488697508287 ], [ -73.997738116654588, 40.588426022557037 ], [ -73.999472785926102, 40.589233671986371 ], [ -73.996974664545746, 40.591323828546805 ], [ -74.0001417442502, 40.591341754175019 ], [ -73.998809480700089, 40.593509729269527 ], [ -74.001097090876769, 40.592540363959039 ], [ -74.005444947631688, 40.597449854903445 ], [ -74.012491254566896, 40.601405031046724 ], [ -74.030862936699336, 40.605116902208827 ], [ -74.035989578008355, 40.609187999111974 ], [ -74.040501704289397, 40.61559202026686 ], [ -74.041944319583962, 40.624301538244268 ], [ -74.041115006591738, 40.630229666498856 ], [ -74.036824930374209, 40.638998740434779 ], [ -74.038697652738591, 40.639758008122641 ], [ -74.036769346217696, 40.639165124223297 ], [ -74.035727863731793, 40.640655674311866 ], [ -74.036764489026964, 40.641679710660945 ], [ -74.033970566796583, 40.6442615696484 ], [ -74.032869339157784, 40.64359449737055 ], [ -74.033471782624986, 40.644564871840849 ], [ -74.028262871805609, 40.644051597688147 ], [ -74.026140114161663, 40.646070440937102 ], [ -74.02936735044743, 40.64881106209257 ], [ -74.024928416200808, 40.646761845690357 ], [ -74.026028187670533, 40.650992236315993 ], [ -74.022853471387862, 40.651175163963018 ], [ -74.025324495087673, 40.652725319365707 ], [ -74.021256411441456, 40.650816503251782 ], [ -74.021271880430646, 40.65428096989784 ], [ -74.018408729532908, 40.653608346623841 ], [ -74.020160005959099, 40.655095655290431 ], [ -74.017901065514721, 40.654080733524317 ], [ -74.016407642406008, 40.655612545714348 ], [ -74.018831306924042, 40.657661544839634 ], [ -74.014257352296923, 40.656688245731232 ], [ -74.017422266163223, 40.65941098684111 ], [ -74.015577874866281, 40.660749115939574 ], [ -74.011872636933006, 40.658798730393755 ], [ -74.011136076790521, 40.65971723153077 ], [ -74.014042834607096, 40.661479677325943 ], [ -74.01278605110042, 40.662017147957961 ], [ -74.008581961621886, 40.659514180699063 ], [ -74.007508864726191, 40.660539409831109 ], [ -74.010575668190398, 40.662057815798164 ], [ -74.009774452703667, 40.663111613244311 ], [ -74.004269004415747, 40.661617467902012 ], [ -74.007645891942985, 40.664809472515984 ], [ -74.003538754938134, 40.662733805981667 ], [ -74.004849851485204, 40.665076195728318 ], [ -74.001122894983297, 40.662908379221037 ], [ -73.999526073988761, 40.664408087275611 ], [ -74.002891315756671, 40.666484642699707 ], [ -73.99816774492237, 40.66925137579647 ], [ -73.998862192942653, 40.671586095788207 ], [ -74.002940029597895, 40.667344408908264 ], [ -74.006044567693962, 40.668056947362686 ], [ -74.005349801670064, 40.670953611042883 ], [ -74.006662331928311, 40.668636894398617 ], [ -74.009873134434272, 40.668485711091179 ], [ -74.011541725430106, 40.665084425002789 ], [ -74.015736129273265, 40.664657855335143 ], [ -74.017167044011231, 40.665053791272982 ], [ -74.0190942509942, 40.671581359834882 ], [ -74.017560816922753, 40.671038676355458 ], [ -74.016517723757559, 40.664932614247412 ], [ -74.012304959248326, 40.665727607427293 ], [ -74.010326347969823, 40.669244230395428 ], [ -74.014029438031258, 40.671163659825467 ], [ -74.013380681021275, 40.673604202003446 ], [ -74.015104804969653, 40.672169745128635 ], [ -74.016307438031021, 40.672985626468801 ], [ -74.014874467947664, 40.674632335602141 ], [ -74.018822577096103, 40.672253837317093 ], [ -74.017265179566124, 40.673574645937713 ], [ -74.018904754978294, 40.675125958884564 ], [ -74.017917056425091, 40.676511918352439 ], [ -74.019824298350883, 40.676680671441396 ], [ -74.018234519249873, 40.678559674596592 ], [ -74.019283551177409, 40.679612569549889 ], [ -74.012781038501146, 40.68363009638724 ], [ -74.014111807254608, 40.681711777246043 ], [ -74.013022443665747, 40.68042490522393 ], [ -74.009661412301568, 40.683283986485343 ], [ -74.012127100906909, 40.684124591066777 ], [ -74.005873874315228, 40.686168851944437 ], [ -74.007831844105127, 40.687416460659357 ], [ -74.005055024899463, 40.687590393691856 ], [ -74.006380179182401, 40.689654008703606 ], [ -74.003832286643743, 40.688957518194513 ], [ -74.0053462721893, 40.691082837814307 ], [ -74.00094977705163, 40.690143907962081 ], [ -74.004796341538665, 40.691739522109501 ], [ -74.002018482083898, 40.691865702334503 ], [ -74.003994526875644, 40.693223490975278 ], [ -74.001325051854835, 40.693321987325824 ], [ -74.002416702554399, 40.695713741145404 ], [ -74.000260801568061, 40.694962462 ], [ -73.998717968423776, 40.696949744085657 ], [ -74.001020907452471, 40.697918331723557 ], [ -73.998398749392635, 40.69805170590017 ], [ -73.999494049048891, 40.70033628292758 ], [ -73.997280988261011, 40.699635398271987 ], [ -73.998123221721954, 40.701530445608391 ], [ -73.994350693685689, 40.704424464402123 ], [ -73.979172106468312, 40.705761850159313 ], [ -73.977146879813091, 40.703021966069315 ], [ -73.976029942436583, 40.704569314652403 ], [ -73.976011254783728, 40.701955402328522 ], [ -73.970799020197816, 40.699973645728569 ], [ -73.973306962859155, 40.70240951213033 ], [ -73.97107600403757, 40.703834843141756 ], [ -73.974621393054235, 40.707713359059433 ], [ -73.971208734612375, 40.705792879222159 ], [ -73.972326523591775, 40.709075379588036 ], [ -73.970224806288414, 40.704969166936159 ], [ -73.967498341247691, 40.703451788612611 ], [ -73.969292597568639, 40.70509909003114 ], [ -73.969971584684558, 40.710477555016702 ], [ -73.967245912856214, 40.717003046292213 ], [ -73.962040340176443, 40.725222301283182 ], [ -73.957894918770805, 40.724653429535692 ], [ -73.961657273386464, 40.725881466072764 ], [ -73.962951498674173, 40.738233016138231 ], [ -73.958440475524299, 40.747112595902706 ], [ -73.95703629285255, 40.748928043781738 ], [ -73.953149030191582, 40.747729233035038 ], [ -73.956305822389382, 40.749078273517895 ], [ -73.941294562563343, 40.76693119547437 ], [ -73.935117225646863, 40.769841298891386 ], [ -73.934486705335473, 40.771434786063615 ], [ -73.937787383387288, 40.773441111789403 ], [ -73.936418543133755, 40.776901215251563 ], [ -73.934125616727243, 40.778138527608007 ], [ -73.928657888698112, 40.776548172591731 ], [ -73.909828955102896, 40.7908791409168 ], [ -73.900646844290875, 40.789083879788755 ], [ -73.896983670869091, 40.786644010191388 ], [ -73.895831250038867, 40.785224363766105 ], [ -73.901133910837942, 40.78274613619211 ], [ -73.902752579758484, 40.780361335767978 ], [ -73.894314075474057, 40.784246918728186 ], [ -73.896037866147481, 40.783162265783574 ], [ -73.895396467237987, 40.781752269853868 ], [ -73.894098862488178, 40.782476328718644 ], [ -73.891685836718054, 40.780882477171708 ], [ -73.892510143399193, 40.779581871636537 ], [ -73.89118497114994, 40.778570475112303 ], [ -73.892579568797601, 40.777363491003882 ], [ -73.89018936113402, 40.777729075832234 ], [ -73.889415687993889, 40.773541040522119 ], [ -73.883894268558535, 40.774121767223427 ], [ -73.884718707292009, 40.779940615470963 ], [ -73.878694233992491, 40.780568662839876 ], [ -73.879856344949673, 40.782131581518982 ], [ -73.878889787348371, 40.783297239684195 ], [ -73.875157075340454, 40.781513836418419 ], [ -73.87089251576856, 40.786470689628153 ], [ -73.86934450832824, 40.785718644652782 ], [ -73.86941191341559, 40.783593263045802 ], [ -73.872626500523822, 40.780750018569449 ], [ -73.854994102225803, 40.772270294712825 ], [ -73.858175201038577, 40.770318778671765 ], [ -73.852742429152073, 40.767568722038511 ], [ -73.851224063421199, 40.765270660193558 ], [ -73.856664743177134, 40.768818449551965 ], [ -73.862647831091522, 40.766889770449396 ], [ -73.859493915299254, 40.762501672649876 ], [ -73.851509721393342, 40.75941455384401 ], [ -73.852044495668494, 40.760397095259734 ], [ -73.849823005988327, 40.761252088988194 ], [ -73.848738805017405, 40.760140117676109 ], [ -73.841890104088506, 40.764995818380612 ], [ -73.838313565989353, 40.764440273915859 ], [ -73.837073157872013, 40.761148138194663 ], [ -73.840721324936965, 40.753781810875537 ], [ -73.838268302577148, 40.756238327287143 ], [ -73.836456556955923, 40.763072525955216 ], [ -73.839605426911234, 40.767124176273263 ], [ -73.844532380817441, 40.765493575456425 ], [ -73.847415729436008, 40.766513295955598 ], [ -73.848641689050353, 40.770132662116353 ], [ -73.850410273317109, 40.770472061662865 ], [ -73.848765950308646, 40.770925209423659 ], [ -73.849193214210615, 40.782336812127056 ], [ -73.855275758203348, 40.782004047367998 ], [ -73.858996385175772, 40.785196593715163 ], [ -73.858067378051643, 40.787075097764173 ], [ -73.852744859993237, 40.788225941397819 ], [ -73.854726162624331, 40.7885551749957 ], [ -73.852636612103183, 40.791235163820865 ], [ -73.853530424132799, 40.794149474646233 ], [ -73.848779902043347, 40.793196461954551 ], [ -73.848514114805283, 40.795510522124751 ], [ -73.841434134521663, 40.794874767335955 ], [ -73.839068864988676, 40.797067597762492 ], [ -73.836645411574736, 40.792524170618549 ], [ -73.83725364378563, 40.789298344801118 ], [ -73.832822350608794, 40.7884146292011 ], [ -73.831494583126684, 40.791170756691223 ], [ -73.827834695742226, 40.792925985560359 ], [ -73.829045967901649, 40.796453868599038 ], [ -73.824751086595654, 40.797239638016784 ], [ -73.819949283279911, 40.800787240670012 ], [ -73.813515170125996, 40.796979246252796 ], [ -73.812093234947611, 40.798101517058541 ], [ -73.794709498405055, 40.794782705146332 ], [ -73.794844398411257, 40.791485430232022 ], [ -73.792389204823408, 40.788871338863615 ], [ -73.781606931284017, 40.791327332265951 ], [ -73.781709048172246, 40.795519452753773 ], [ -73.778092730875699, 40.796730132159432 ], [ -73.774645159410298, 40.7947261107511 ], [ -73.770745079586845, 40.788567451475785 ], [ -73.77455361120137, 40.786777482033933 ], [ -73.765776981044013, 40.774653697156644 ], [ -73.758611840471445, 40.767302553371714 ], [ -73.753870033836876, 40.765387586770487 ], [ -73.755593855951346, 40.771565811455773 ], [ -73.753109883036714, 40.772959529804581 ], [ -73.755136888356191, 40.776563733547214 ], [ -73.753028289059458, 40.781418849844371 ], [ -73.750498299944411, 40.782666515689442 ], [ -73.747456831666156, 40.779130532479158 ], [ -73.745052903134919, 40.779079385666151 ], [ -73.747258034493768, 40.780024146452824 ], [ -73.746392214866731, 40.783476683433136 ], [ -73.7528151925044, 40.787414374029595 ], [ -73.753811563393356, 40.79759952415143 ], [ -73.753476802609441, 40.798058293722583 ], [ -73.751620852689754, 40.797646568275283 ], [ -73.750980552419861, 40.797854080080548 ], [ -73.747639916405888, 40.799616337118771 ], [ -73.745694706286287, 40.797770553843222 ], [ -73.748006862928094, 40.800107886001896 ], [ -73.751646849035751, 40.797769567100744 ], [ -73.753491406521036, 40.800883207997195 ], [ -73.758184327736146, 40.802441340126499 ], [ -73.763337187275056, 40.806860757974988 ], [ -73.763686350747889, 40.810595100461384 ], [ -73.76519822884579, 40.811039781603021 ], [ -73.764103328939839, 40.811552412591048 ], [ -73.765106171292103, 40.813466718022397 ], [ -73.761850310189814, 40.816818675144326 ], [ -73.756936416889545, 40.817712049771878 ], [ -73.753066309355546, 40.822081204994248 ], [ -73.75255841536864, 40.824657763728126 ], [ -73.756517171349813, 40.830079893532783 ], [ -73.756825801938717, 40.833379493607026 ], [ -73.753514393510841, 40.838168992131727 ], [ -73.749396763285134, 40.834148058329909 ], [ -73.742329920862531, 40.832680128288779 ], [ -73.739251607284586, 40.828081215208158 ], [ -73.732467685667459, 40.827572678892807 ], [ -73.73017988504796, 40.823558899496881 ], [ -73.726138837996857, 40.823881392581583 ], [ -73.719997790322907, 40.820439191977201 ], [ -73.716599787894907, 40.815545704851097 ], [ -73.718123323430248, 40.814544923639069 ], [ -73.714948647571759, 40.808281712339827 ], [ -73.71623257457307, 40.804826392735734 ], [ -73.709383764948015, 40.792909638850347 ], [ -73.710671330126203, 40.798329059304763 ], [ -73.70923765217043, 40.799805055115023 ], [ -73.711180488941054, 40.800624627802179 ], [ -73.711144465599844, 40.805809968621844 ], [ -73.708513981055631, 40.812814703664152 ], [ -73.703560930192126, 40.814460244267529 ], [ -73.705400645758019, 40.824794110004497 ], [ -73.704359104881632, 40.829783562239214 ], [ -73.70259034185014, 40.830216531132471 ], [ -73.703085299198634, 40.832354370627058 ], [ -73.699500662787202, 40.833935924742804 ], [ -73.706350377015738, 40.84001914969275 ], [ -73.704206309536644, 40.836606126614612 ], [ -73.708334279371257, 40.834336086804839 ], [ -73.70780487252992, 40.833087805009043 ], [ -73.711053676467344, 40.83521261800847 ], [ -73.712534189887094, 40.838695125550885 ], [ -73.721053156271509, 40.837063797346055 ], [ -73.725209820092957, 40.839295421493233 ], [ -73.728413670536924, 40.837921125517504 ], [ -73.727413586012574, 40.83302419905803 ], [ -73.729750958364406, 40.837287677984897 ], [ -73.729523248914617, 40.841849888622363 ], [ -73.73805691173709, 40.848628799573966 ], [ -73.732374611220877, 40.850983594309859 ], [ -73.727470451166695, 40.855316416156292 ], [ -73.730520494762658, 40.865995237598 ], [ -73.720335229882977, 40.865432950601964 ], [ -73.714658789975687, 40.870350919641531 ], [ -73.67556643634569, 40.856928617388483 ], [ -73.675614551010625, 40.854197790955219 ], [ -73.668247796148961, 40.843438064286744 ], [ -73.661591047229976, 40.837255738385444 ], [ -73.662745345539136, 40.83637159020072 ], [ -73.661407109090703, 40.836596791688919 ], [ -73.661548314371899, 40.835037297606377 ], [ -73.660056927743938, 40.835077184188947 ], [ -73.654970091683495, 40.829195756364506 ], [ -73.650330238443772, 40.828049517916362 ], [ -73.657217858882348, 40.826013432058097 ], [ -73.653916923912377, 40.822917043793566 ], [ -73.654222158869501, 40.817750982765467 ], [ -73.65291966728455, 40.816691845318779 ], [ -73.654317435086853, 40.811173868669655 ], [ -73.65187028321742, 40.809331040152465 ], [ -73.653169549850503, 40.805578033620542 ], [ -73.649503723703688, 40.800734972194526 ], [ -73.650872235173807, 40.804199296919705 ], [ -73.64688451660956, 40.810043184624597 ], [ -73.647181117858494, 40.82089052226501 ], [ -73.644245798107448, 40.822712712224899 ], [ -73.647608020637691, 40.822733137796462 ], [ -73.647692479342396, 40.828619587643246 ], [ -73.652605984570485, 40.835085570522338 ], [ -73.653845320997689, 40.844654945004024 ], [ -73.652688924224037, 40.849769088494021 ], [ -73.647660602624555, 40.85565524229969 ], [ -73.647111674493772, 40.853137676916553 ], [ -73.644315587323575, 40.857114706679575 ], [ -73.640697936028815, 40.856630526105775 ], [ -73.642328677408486, 40.858204803235168 ], [ -73.638737697992823, 40.860103764262512 ], [ -73.649059087282453, 40.855421374608049 ], [ -73.652159209260546, 40.857650372243789 ], [ -73.653478241524837, 40.863239247358671 ], [ -73.656160672048657, 40.863753277881294 ], [ -73.654573196228029, 40.868482532350235 ], [ -73.655869927815388, 40.874093818544623 ], [ -73.654147497191289, 40.87852113790391 ], [ -73.649876942263191, 40.880811715416968 ], [ -73.641452952957124, 40.889943867926391 ], [ -73.640005001669792, 40.89431249047842 ], [ -73.634035887947974, 40.89812805385607 ], [ -73.633218863010555, 40.902771395600574 ], [ -73.625803107745057, 40.899154263428485 ], [ -73.618191888955238, 40.898015967572015 ], [ -73.614012469011044, 40.899796487533884 ], [ -73.613344156575621, 40.902317214489578 ], [ -73.603629836178598, 40.902095114575779 ], [ -73.593831530489041, 40.908847645293903 ], [ -73.580456773836886, 40.909545335527348 ], [ -73.570323904094479, 40.915460440683383 ], [ -73.566259483777998, 40.915661102940305 ], [ -73.547614890767292, 40.908808412105316 ], [ -73.531736460248027, 40.912990742375655 ], [ -73.527503724393412, 40.916719927407527 ], [ -73.522009156500204, 40.91820633429851 ], [ -73.522029950702404, 40.915374912044925 ], [ -73.512708683666347, 40.911816780412387 ], [ -73.511386200074753, 40.908979433307088 ], [ -73.508731018148438, 40.907916282394851 ], [ -73.507700163630673, 40.901509348887707 ], [ -73.512422463348841, 40.90249806086711 ], [ -73.516986053214183, 40.900979062625652 ], [ -73.520824074722881, 40.892202204231189 ], [ -73.520488655473883, 40.886497964610939 ], [ -73.533433676958722, 40.885766638582922 ], [ -73.533644943645569, 40.889968375887563 ], [ -73.527029395957072, 40.893227783206846 ], [ -73.523445882439745, 40.898647143037962 ], [ -73.522114532476294, 40.907840674475977 ], [ -73.526953083175385, 40.911253824280784 ], [ -73.527058804104541, 40.913732355547474 ], [ -73.529988476147381, 40.912811634748387 ], [ -73.537925070123009, 40.904513586532417 ], [ -73.548825307730581, 40.903444113321136 ], [ -73.556232861377509, 40.906688866086242 ], [ -73.559348023848415, 40.902399638115021 ], [ -73.564812024767434, 40.899865139508023 ], [ -73.571091020431339, 40.900453161782941 ], [ -73.573289925566968, 40.902932876668153 ], [ -73.579278374626966, 40.902583054840868 ], [ -73.575529210872915, 40.901318305583928 ], [ -73.575778238242719, 40.899959881125184 ], [ -73.573358193935306, 40.900341093018646 ], [ -73.571981391913411, 40.897222693250946 ], [ -73.573979697856203, 40.895682141352331 ], [ -73.568368225008555, 40.891518792760515 ], [ -73.568881153154308, 40.889454622227994 ], [ -73.563273876337362, 40.887625966220099 ], [ -73.565300364227241, 40.889476860129946 ], [ -73.564963926288726, 40.891820295555533 ], [ -73.567301048908902, 40.892422744258759 ], [ -73.567289431895645, 40.896973063468721 ], [ -73.548575286824075, 40.901988324224192 ], [ -73.547605225793149, 40.901267119209095 ], [ -73.54911368220813, 40.895198991083738 ], [ -73.546838497528483, 40.889512223716402 ], [ -73.548174408238637, 40.885868193826639 ], [ -73.544397968937645, 40.882502933343744 ], [ -73.541946651580218, 40.876866271277194 ], [ -73.530464005631245, 40.877955104733786 ], [ -73.530019900114326, 40.876171448466138 ], [ -73.530189304410612, 40.877952675839573 ], [ -73.525056497963803, 40.877014230966992 ], [ -73.525774742355949, 40.874857764939108 ], [ -73.519547937911724, 40.873491927073985 ], [ -73.510659263583904, 40.875217435087542 ], [ -73.508034507596264, 40.873808779808968 ], [ -73.509479990313196, 40.873435883466364 ], [ -73.507902013278397, 40.872116540910021 ], [ -73.503256181750459, 40.872766580310248 ], [ -73.505101428243563, 40.875321653547751 ], [ -73.504703541946341, 40.878491141717788 ], [ -73.507243249934461, 40.879692849086183 ], [ -73.510875629108284, 40.887623988617605 ], [ -73.508295041486534, 40.890948757514984 ], [ -73.509139140748317, 40.893069939968811 ], [ -73.494978944822464, 40.895078681352615 ], [ -73.491210160964314, 40.890091106383231 ], [ -73.489524810998518, 40.88493051384178 ], [ -73.491436509466439, 40.883997904075969 ], [ -73.487659043391062, 40.876257308330175 ], [ -73.476760540430305, 40.871995410074469 ], [ -73.470328447587491, 40.867028183830328 ], [ -73.463652821471115, 40.867884686193996 ], [ -73.464353331322926, 40.866101725313023 ], [ -73.469931772219269, 40.865935108861869 ], [ -73.46674335123862, 40.859531598223249 ], [ -73.463934587043127, 40.858273937946208 ], [ -73.461359028190358, 40.870309327509759 ], [ -73.463924256417371, 40.870626550068373 ], [ -73.467379327917044, 40.874786205622833 ], [ -73.468576485746738, 40.87406803448679 ], [ -73.465551300331327, 40.871549122254741 ], [ -73.469810269687201, 40.873982124235042 ], [ -73.469993306816221, 40.875535926056159 ], [ -73.471272311948084, 40.875080982640398 ], [ -73.473204037456938, 40.894450719063137 ], [ -73.483750853577249, 40.9066455729943 ], [ -73.489983768362023, 40.91947714123404 ], [ -73.49709410541405, 40.923355967400703 ], [ -73.49295243177977, 40.937544476487417 ], [ -73.493078015358179, 40.933341487507654 ], [ -73.487576843949313, 40.93862791600089 ], [ -73.487395692384055, 40.943261136757926 ], [ -73.492150220959687, 40.940820915735515 ], [ -73.490774463678463, 40.936363938426503 ], [ -73.492961818276157, 40.940771153060432 ], [ -73.485125322674321, 40.947706042841332 ], [ -73.478489651825186, 40.942679674828391 ], [ -73.464300825692888, 40.937172148374025 ], [ -73.458688809364489, 40.937842114477156 ], [ -73.448234804484414, 40.934756119782918 ], [ -73.442358885583445, 40.935907171103317 ], [ -73.437074874708017, 40.934384126811189 ], [ -73.429699783480501, 40.927851120722899 ], [ -73.428724392745011, 40.92023985232953 ], [ -73.430372690798578, 40.91830200811507 ], [ -73.433220827254658, 40.918769748476038 ], [ -73.434176961703713, 40.914868100677722 ], [ -73.435802135325261, 40.913966907243584 ], [ -73.434854033611444, 40.918413470136038 ], [ -73.43163394342379, 40.921435388904357 ], [ -73.431573310735374, 40.924663987793515 ], [ -73.433733603585154, 40.921487432571361 ], [ -73.442268237486431, 40.92084072738443 ], [ -73.452982900224299, 40.914097133202091 ], [ -73.461602122187699, 40.914987049994309 ], [ -73.483081546706813, 40.912672142471727 ], [ -73.484758130912056, 40.911510129189573 ], [ -73.483612783416376, 40.908182985539227 ], [ -73.482149647007489, 40.908231306991745 ], [ -73.481938823190063, 40.910466077372618 ], [ -73.480381771511475, 40.909723833529711 ], [ -73.480358948913377, 40.910862351512577 ], [ -73.474815906130814, 40.912000219219699 ], [ -73.465720339013288, 40.912843288094827 ], [ -73.456396549507915, 40.911002077748549 ], [ -73.447738027149157, 40.912674090134296 ], [ -73.441339161192033, 40.907558904781681 ], [ -73.434508686181957, 40.90746636491852 ], [ -73.437386577535179, 40.901507259668584 ], [ -73.442300133967237, 40.900034076919027 ], [ -73.446066203116601, 40.902211418511627 ], [ -73.447816733042771, 40.899393152012259 ], [ -73.425511796303425, 40.895671419324941 ], [ -73.422757254418499, 40.890249788619037 ], [ -73.423752152968703, 40.887632174071605 ], [ -73.41973986098985, 40.884825080568312 ], [ -73.416361070830817, 40.889010962773668 ], [ -73.419251939246635, 40.895410594438403 ], [ -73.421204258633395, 40.895844367655883 ], [ -73.422790927766911, 40.899541731513011 ], [ -73.425834473848425, 40.898321011002963 ], [ -73.427076757648095, 40.901205460850704 ], [ -73.432090669372116, 40.900048256357003 ], [ -73.433139910607125, 40.902238969832638 ], [ -73.43089923021752, 40.905012761761355 ], [ -73.43343522367195, 40.905964727737853 ], [ -73.408990131616562, 40.904461198175092 ], [ -73.396438355732187, 40.909106423941587 ], [ -73.384602509281478, 40.903870209194615 ], [ -73.384258507528259, 40.9011142666685 ], [ -73.379794829187119, 40.899446450170622 ], [ -73.374025277103996, 40.89262634006753 ], [ -73.37189068505451, 40.894980794871643 ], [ -73.375395916683033, 40.897836574936953 ], [ -73.375069040412384, 40.901015868337595 ], [ -73.378508586329019, 40.903466967089479 ], [ -73.380870193430596, 40.901737038069662 ], [ -73.374715474296352, 40.913666665554175 ], [ -73.370714828975139, 40.908791263659531 ], [ -73.359679248491929, 40.901293161547663 ], [ -73.359531710087992, 40.899637028335128 ], [ -73.363960151113773, 40.894922588359961 ], [ -73.363075480340513, 40.888399903761098 ], [ -73.359937588696283, 40.890836371133084 ], [ -73.354217240036206, 40.890759631339719 ], [ -73.354942875766525, 40.892655205986344 ], [ -73.357411773154055, 40.892904505737441 ], [ -73.353613897355416, 40.895316908328333 ], [ -73.352954304866472, 40.900566502103622 ], [ -73.358699855761841, 40.910582166994601 ], [ -73.355693181031157, 40.912960530323154 ], [ -73.350296504351107, 40.909682883255826 ], [ -73.349404031709597, 40.909946575854029 ], [ -73.35429541502549, 40.913620094088635 ], [ -73.351681672383236, 40.920694604056507 ], [ -73.352479158064924, 40.923501644333783 ], [ -73.35712684281728, 40.925388830166092 ], [ -73.359817085989121, 40.924862287926715 ], [ -73.363939952494619, 40.928419593181083 ], [ -73.37022814151716, 40.930329522418148 ], [ -73.376691089693367, 40.928966878609906 ], [ -73.377229130242895, 40.925480467341536 ], [ -73.378647826994694, 40.925023790385154 ], [ -73.38044922312551, 40.928590736719322 ], [ -73.376585190897785, 40.929496501303859 ], [ -73.374450745273691, 40.933626212092385 ], [ -73.372493630679955, 40.930852492648171 ], [ -73.369475662329506, 40.931281745532019 ], [ -73.381247693360748, 40.942222656682468 ], [ -73.380073586301265, 40.939721549118723 ], [ -73.381004787111294, 40.937761316191079 ], [ -73.378569608886281, 40.936833265819352 ], [ -73.377792099939867, 40.933544063564888 ], [ -73.385817433092527, 40.936556031406049 ], [ -73.38482559959408, 40.928847615780001 ], [ -73.382672849897773, 40.927867629632274 ], [ -73.388378360185968, 40.925455759416252 ], [ -73.387949258330949, 40.922988407020085 ], [ -73.391983466507781, 40.924122576578021 ], [ -73.398820067129805, 40.929813004413624 ], [ -73.401843019333427, 40.92990485127666 ], [ -73.40044015808347, 40.927600717445586 ], [ -73.404915554049154, 40.921041825375887 ], [ -73.405132202542859, 40.915538695492522 ], [ -73.406743108222742, 40.916000984033396 ], [ -73.403187327494862, 40.927309901903527 ], [ -73.403920068899083, 40.942260497310343 ], [ -73.40224051755844, 40.946388436538768 ], [ -73.399499992086888, 40.94793294665876 ], [ -73.398582724146905, 40.95342450750227 ], [ -73.400530711857357, 40.95419632555496 ], [ -73.402319545048925, 40.947981482634141 ], [ -73.402678203714331, 40.953268007462952 ], [ -73.399758929670909, 40.955954037508683 ], [ -73.392185451801097, 40.954537823938885 ], [ -73.369387063289679, 40.933606616766099 ], [ -73.346132000932201, 40.925515239507341 ], [ -73.345636600714258, 40.920936915296906 ], [ -73.343593155326758, 40.921484338718919 ], [ -73.344483719946595, 40.927598438332957 ], [ -73.340200225685152, 40.927238930747237 ], [ -73.33064085658981, 40.930246884532394 ], [ -73.323943716720706, 40.929892312521176 ], [ -73.314796544085041, 40.926777430064689 ], [ -73.294778532107799, 40.92460529631331 ], [ -73.264889273934855, 40.914507481813303 ], [ -73.236465184160011, 40.909265806676665 ], [ -73.234180963326892, 40.906327971093887 ], [ -73.214687302472583, 40.909307182878607 ], [ -73.19874142734011, 40.915087865251301 ], [ -73.171535776484006, 40.921624602492848 ], [ -73.153720641094267, 40.929062512417104 ], [ -73.148704554548942, 40.92946022182155 ], [ -73.151418977673302, 40.925467902633386 ], [ -73.163977083985472, 40.91873649327848 ], [ -73.167706832451273, 40.919989355726976 ], [ -73.16786745212238, 40.91762417123666 ], [ -73.17373995113708, 40.915347840703873 ], [ -73.176488623429961, 40.91854258359951 ], [ -73.182109690284847, 40.914293758415283 ], [ -73.180720822092056, 40.90251897582732 ], [ -73.176724163494086, 40.899815141610695 ], [ -73.176252666547555, 40.896871424093426 ], [ -73.171058171891843, 40.893872007634371 ], [ -73.168655615986381, 40.89631863010829 ], [ -73.170999082509098, 40.904224131869562 ], [ -73.162137644202375, 40.914113253850871 ], [ -73.154749379181212, 40.915166233188735 ], [ -73.15073118077936, 40.918112637713442 ], [ -73.150751856403943, 40.920582852647712 ], [ -73.147212320809672, 40.924327769633393 ], [ -73.14424880294186, 40.955964528594862 ], [ -73.147243932524518, 40.959210433614281 ], [ -73.153850780029487, 40.961562129247611 ], [ -73.158863788946633, 40.967471981480443 ], [ -73.144484921521055, 40.965883938882392 ], [ -73.135564655241311, 40.966900157843646 ], [ -73.118523456198076, 40.977372191825268 ], [ -73.106556511411441, 40.9703849398174 ], [ -73.100952998535519, 40.968802230838378 ], [ -73.093258908364106, 40.969188568281133 ], [ -73.0900865285995, 40.966237994126736 ], [ -73.105345886937329, 40.968298045267794 ], [ -73.113454437322957, 40.971074809730673 ], [ -73.11505901796491, 40.973920419662669 ], [ -73.114097950866622, 40.971387075226673 ], [ -73.116024314331568, 40.970856946036541 ], [ -73.11760163559623, 40.96649561739931 ], [ -73.128097789429432, 40.959628885529568 ], [ -73.12607792930973, 40.952962426487716 ], [ -73.123284607153991, 40.954239891441468 ], [ -73.1197932904292, 40.953419474789641 ], [ -73.119137041469756, 40.950181818255892 ], [ -73.117200727366409, 40.948853704683657 ], [ -73.118413017317039, 40.95287501483471 ], [ -73.115799782222936, 40.957317979385344 ], [ -73.118821684295995, 40.96350153402723 ], [ -73.115008961142337, 40.965250178629674 ], [ -73.11271165634713, 40.970004235675937 ], [ -73.10870226143507, 40.968324543462089 ], [ -73.106215952002401, 40.961748574168944 ], [ -73.099802099451395, 40.960721232677358 ], [ -73.101588474852349, 40.956662009768429 ], [ -73.100100671604068, 40.95403871063354 ], [ -73.101818049204681, 40.951810052221013 ], [ -73.107722630651438, 40.95014113797982 ], [ -73.10788736460654, 40.952812595896319 ], [ -73.113318632713245, 40.954783728873032 ], [ -73.112937160432907, 40.950959485324347 ], [ -73.111105600671479, 40.94926834400848 ], [ -73.106595997758077, 40.949096361822242 ], [ -73.105862201731711, 40.946639346703442 ], [ -73.102500945788719, 40.944813291109227 ], [ -73.101777572016289, 40.948559798513735 ], [ -73.097208675802548, 40.951353918206792 ], [ -73.094444068294862, 40.950860190291152 ], [ -73.097039229285457, 40.952437890380466 ], [ -73.098746197208541, 40.956489014972952 ], [ -73.095941314633407, 40.958263526066482 ], [ -73.077535174024987, 40.951633279233498 ], [ -73.072786221292333, 40.946093913476496 ], [ -73.06793383563955, 40.94878804959982 ], [ -73.066933786149505, 40.951043661173976 ], [ -73.078549230945256, 40.966740998222186 ], [ -73.073714485509697, 40.968544256398772 ], [ -73.074533817320798, 40.970860173230037 ], [ -73.076945862130614, 40.970957645522915 ], [ -73.080236633561469, 40.968077526374614 ], [ -73.083513808990503, 40.970219804195516 ], [ -73.089867346856678, 40.969388661073893 ], [ -73.091696817136764, 40.972518093515085 ], [ -73.077176104829505, 40.972773953242985 ], [ -73.058867709008823, 40.966283656873777 ], [ -73.044942738736751, 40.964559927645659 ], [ -73.040388746471891, 40.957911993748638 ], [ -73.043440309119006, 40.957263398887093 ], [ -73.044682428526968, 40.954485062740162 ], [ -73.042952858991313, 40.953471764641876 ], [ -73.039659615396801, 40.954992262947947 ], [ -73.03289653469426, 40.951369865578371 ], [ -73.029923459650163, 40.953843397733515 ], [ -73.023845957901102, 40.954826116614683 ], [ -73.022753409784571, 40.959186699578432 ], [ -73.020249499660537, 40.960722520225545 ], [ -73.020545176543038, 40.963332683524733 ], [ -73.042957485315043, 40.963266005650453 ], [ -73.042745886251552, 40.965695156621841 ], [ -72.955222933796676, 40.966538445305524 ], [ -72.922471253259701, 40.96274602377656 ], [ -72.893742224971746, 40.962788481702155 ], [ -72.862313736797134, 40.965478500892985 ], [ -72.830260435308119, 40.97045245155477 ], [ -72.778417704454128, 40.965203502428416 ], [ -72.736981120733446, 40.970679288044693 ], [ -72.700345085382068, 40.979415348452164 ], [ -72.68473732085117, 40.980713627008576 ], [ -72.669591434106749, 40.979067674405137 ], [ -72.636430719179884, 40.981756400614252 ], [ -72.592669544337241, 40.994938510061132 ], [ -72.580416231011057, 41.000105152977063 ], [ -72.56709885694265, 41.008451623360152 ], [ -72.561085685347706, 41.015559647718533 ], [ -72.557528386466998, 41.012376682999651 ], [ -72.553890579672228, 41.014098755279356 ], [ -72.549881780343185, 41.012752889808347 ], [ -72.5501869200789, 41.011141238512423 ], [ -72.545869474889599, 41.000955258640673 ], [ -72.550387643239247, 40.997551591770772 ], [ -72.556886424313817, 40.997116094837708 ], [ -72.554655979328587, 40.996040303768353 ], [ -72.545696895947103, 40.99797744009269 ], [ -72.54408897267399, 40.997081470209324 ], [ -72.544974507626549, 40.995765792722771 ], [ -72.538185322780166, 40.993437972057933 ], [ -72.53757208246158, 40.995040627133491 ], [ -72.539307252993027, 40.996590986247639 ], [ -72.542502706884036, 40.997276424617368 ], [ -72.546541312314176, 41.007913997084096 ], [ -72.549125244363736, 41.010175772168481 ], [ -72.549310030512629, 41.013238800145025 ], [ -72.55364777223744, 41.014708445311953 ], [ -72.55817935243428, 41.014173062164062 ], [ -72.519116556072092, 41.039682362525248 ], [ -72.510194794097401, 41.040972939507547 ], [ -72.490836842631381, 41.048938978725538 ], [ -72.479844607657256, 41.051083662507423 ], [ -72.475146092632855, 41.055069027289136 ], [ -72.472415879820744, 41.055457757098829 ], [ -72.458807088680913, 41.068920596375911 ], [ -72.446262423860304, 41.085987124097485 ], [ -72.417162200018879, 41.087847449398403 ], [ -72.41032523378253, 41.092548189526703 ], [ -72.407484559631513, 41.092212596737866 ], [ -72.395207497544192, 41.097275953577537 ], [ -72.387080896411234, 41.105673196533154 ], [ -72.382729565871117, 41.114958811292105 ], [ -72.37634729808552, 41.118869489884602 ], [ -72.372352191776358, 41.119169196339847 ], [ -72.362643707733724, 41.125529160482728 ], [ -72.35631993284953, 41.133576993433394 ], [ -72.354198884699585, 41.139764830897875 ], [ -72.33942021756522, 41.141194635223812 ], [ -72.332090430174134, 41.138049025779672 ], [ -72.324169355493339, 41.13856297080185 ], [ -72.319289083439202, 41.141366246666955 ], [ -72.312888304968837, 41.14835176991884 ], [ -72.30774336857074, 41.14711630008042 ], [ -72.299553974301119, 41.153082178832875 ], [ -72.278103377617796, 41.158839479103506 ], [ -72.272628376828123, 41.154916134938354 ], [ -72.268070341246158, 41.154131269777956 ], [ -72.250671185121774, 41.160540710127094 ], [ -72.245305317961012, 41.161240790603259 ], [ -72.237578295551273, 41.159562187918432 ], [ -72.229580789511175, 41.16187661383951 ], [ -72.233909151926127, 41.159860290242833 ] ] ], [ [ [ -72.166460919397437, 41.186580091069111 ], [ -72.176374486124487, 41.184456151638869 ], [ -72.184724108399749, 41.184562521122018 ], [ -72.197868628641217, 41.164620862243844 ], [ -72.200003056298996, 41.165037400608384 ], [ -72.2055460200298, 41.171740409946267 ], [ -72.204421575432477, 41.172818805697766 ], [ -72.205872702264344, 41.173254385976712 ], [ -72.206436445410787, 41.171566621529202 ], [ -72.212560619130429, 41.173952730800096 ], [ -72.209583248342639, 41.179451991403774 ], [ -72.201160712510685, 41.181404062299166 ], [ -72.190402911774584, 41.188483079685668 ], [ -72.185763676575789, 41.189084614550445 ], [ -72.173118895415101, 41.186773003430559 ], [ -72.161650067351815, 41.190590597503402 ], [ -72.162002984884225, 41.188263996602274 ], [ -72.166460919397437, 41.186580091069111 ] ] ], [ [ [ -72.116046989545552, 41.203933099026557 ], [ -72.114614348245595, 41.20350638135961 ], [ -72.122850891491225, 41.200456796809583 ], [ -72.119713132797671, 41.202859664226899 ], [ -72.116046989545552, 41.203933099026557 ] ] ], [ [ [ -71.921888176511288, 41.292308168950044 ], [ -71.927925094172437, 41.28912761196851 ], [ -71.928775448403556, 41.284640744961287 ], [ -71.934705625547679, 41.280614029295833 ], [ -71.943924483743018, 41.280518004870736 ], [ -71.947580385302558, 41.2771074931565 ], [ -71.948839059762904, 41.27927046703887 ], [ -71.954678937356391, 41.277020148860309 ], [ -71.951973274602679, 41.275358596775774 ], [ -71.963001377509471, 41.276557075909203 ], [ -71.966607572589396, 41.274874606578358 ], [ -71.967354648410605, 41.272861707343722 ], [ -71.972866515161229, 41.271898858081393 ], [ -71.976215155164383, 41.268874887310581 ], [ -71.982947436229097, 41.267001668959182 ], [ -71.991378374003887, 41.261308871483841 ], [ -71.998044085414463, 41.254227100390302 ], [ -72.005099591996483, 41.252814462928086 ], [ -72.010956912177832, 41.255649954774618 ], [ -72.016089801269644, 41.255821339319837 ], [ -72.025930684408735, 41.250755034669972 ], [ -72.038744866272438, 41.2499584897364 ], [ -72.035122947081774, 41.256525430172282 ], [ -72.031921362188953, 41.257807082343263 ], [ -72.029657340873342, 41.256411834205558 ], [ -72.030667438918144, 41.261113471706189 ], [ -72.029100546195608, 41.263353454519027 ], [ -72.026505156134618, 41.263689580836378 ], [ -72.025954820343799, 41.266489562147939 ], [ -72.024679062621686, 41.264773941911443 ], [ -72.027640791943767, 41.262882532008149 ], [ -72.026754558101899, 41.260421917617478 ], [ -72.025512810596453, 41.259658264381919 ], [ -72.025642886649592, 41.260966267147055 ], [ -72.024168367687736, 41.258980107621568 ], [ -72.024515571934927, 41.260721460298235 ], [ -72.020792571613555, 41.261654512732505 ], [ -72.022454276124421, 41.264697374105573 ], [ -72.02088192703485, 41.269999363999418 ], [ -72.023304947460815, 41.270612542873955 ], [ -72.024734784220456, 41.273551907677906 ], [ -72.020946771923633, 41.275932079517176 ], [ -72.01562325314201, 41.272888557489949 ], [ -72.007459537214785, 41.270952011063137 ], [ -72.009178493155346, 41.266647932476289 ], [ -72.013301990278151, 41.263971845900016 ], [ -72.010357436744329, 41.26316856982281 ], [ -72.009991123534405, 41.261231283329124 ], [ -72.007490326072826, 41.260084416483195 ], [ -72.007913664336982, 41.258697858798968 ], [ -72.004349791585028, 41.259981228137207 ], [ -72.007846539524024, 41.260996801761607 ], [ -72.00714169530093, 41.264085764989417 ], [ -72.004412686231333, 41.264302264595969 ], [ -72.004328452105469, 41.262277467417853 ], [ -72.005860322209998, 41.262341180406345 ], [ -72.004496356215213, 41.261021851101376 ], [ -72.003152052545346, 41.261898922403567 ], [ -72.002807616905855, 41.26645796122996 ], [ -71.998003386342191, 41.267435960049987 ], [ -71.993906318553343, 41.270893767277002 ], [ -71.992882319977838, 41.279709908401443 ], [ -71.990884071527219, 41.281399539742516 ], [ -71.983496399394156, 41.281651625889111 ], [ -71.978257897171019, 41.2786721472688 ], [ -71.974441329227943, 41.281139756856781 ], [ -71.969729182269134, 41.281256378658405 ], [ -71.969056305493751, 41.284913051209358 ], [ -71.967448428933011, 41.285251929310348 ], [ -71.960745348504943, 41.282833184786838 ], [ -71.953344516951276, 41.285371018399132 ], [ -71.94957571961838, 41.282456948822755 ], [ -71.947395785104945, 41.283004362305846 ], [ -71.947108447283213, 41.285100813393711 ], [ -71.942211321936028, 41.282814221288966 ], [ -71.940111624045429, 41.285022108665835 ], [ -71.94351081674121, 41.287185592449781 ], [ -71.939078786945842, 41.291731002424079 ], [ -71.934872969108696, 41.29039657867682 ], [ -71.921888176511288, 41.292308168950044 ] ] ], [ [ [ -71.912438434219951, 41.294265744346056 ], [ -71.913179900062204, 41.293818606168792 ], [ -71.916019954375656, 41.294428560541157 ], [ -71.913399685472868, 41.295320942440682 ], [ -71.912438434219951, 41.294265744346056 ] ] ], [ [ [ -78.905520313705495, 42.933384572488208 ], [ -78.901496667919773, 42.929871343864583 ], [ -78.900776365487289, 42.924219077160473 ], [ -78.902854539743686, 42.917866196511604 ], [ -78.902521146195639, 42.912898716307858 ], [ -78.910208051641433, 42.937656548797527 ], [ -78.905520313705495, 42.933384572488208 ] ] ], [ [ [ -78.922193872727121, 42.955466680120672 ], [ -78.921444924816868, 42.954501376695376 ], [ -78.922858373610779, 42.953268908471699 ], [ -78.925584296069076, 42.953601730107216 ], [ -78.926263036148299, 42.955093505420535 ], [ -78.924026733249093, 42.953486080208961 ], [ -78.92219859427226, 42.955133006633474 ], [ -78.924000780022212, 42.956645792422684 ], [ -78.922193872727121, 42.955466680120672 ] ] ], [ [ [ -78.95880114761637, 42.960858395226623 ], [ -78.956625003095112, 42.958513312118349 ], [ -78.963848878215884, 42.961119217971209 ], [ -78.961997502517605, 42.961841063921618 ], [ -78.95880114761637, 42.960858395226623 ] ] ], [ [ [ -78.934549234669575, 42.96534267182377 ], [ -78.93276696187452, 42.963796644167978 ], [ -78.933032165207649, 42.963377777035063 ], [ -78.935026776379672, 42.964543104646268 ], [ -78.934549234669575, 42.96534267182377 ] ] ], [ [ [ -78.883180169295215, 43.0249916705218 ], [ -78.886497847065471, 43.023542464560457 ], [ -78.888899296246507, 43.034734709338373 ], [ -78.882993980876179, 43.030684966418768 ], [ -78.883180169295215, 43.0249916705218 ] ] ], [ [ [ -79.003270022426378, 43.064754418607116 ], [ -78.979175285009887, 43.063495021978866 ], [ -78.969686305205272, 43.060394747493334 ], [ -78.951201101173737, 43.063471033958116 ], [ -78.946157107565796, 43.062902556467137 ], [ -78.930385569378842, 43.05551288024084 ], [ -78.918161936389637, 43.052769129181662 ], [ -78.915397154608783, 43.049295367389256 ], [ -78.900323451989024, 43.041685185481747 ], [ -78.894167542587027, 43.025214928278523 ], [ -78.895632016587385, 43.020730324450128 ], [ -78.927210594381364, 43.008045466026523 ], [ -78.940418215881621, 42.998934355545479 ], [ -78.946429496522867, 42.991480255142356 ], [ -78.947870613427526, 42.98044961583723 ], [ -78.944142262740328, 42.970226314598804 ], [ -78.938498510729573, 42.962155626187901 ], [ -78.939130082069852, 42.958833087695425 ], [ -78.946310846141841, 42.957424488548185 ], [ -78.950063348933782, 42.959463406982096 ], [ -78.955661769260345, 42.958811568816436 ], [ -78.959308262763926, 42.962629572835397 ], [ -78.965412643902923, 42.9626250118935 ], [ -78.97887528363762, 42.973117920316305 ], [ -78.990131770628992, 42.976765662092276 ], [ -79.010564277854726, 42.986929896051876 ], [ -79.018073851371838, 42.995151457146036 ], [ -79.020253222641614, 43.002683515579946 ], [ -79.021306725484322, 43.016421819835564 ], [ -79.009848860460764, 43.029004449850028 ], [ -79.006360574651779, 43.040203967372371 ], [ -78.996684123633855, 43.05607045212674 ], [ -78.999193767704355, 43.061728872130999 ], [ -78.997820090921337, 43.062286731406729 ], [ -79.002987385488538, 43.064056814146333 ], [ -79.005031189303836, 43.067353007724705 ], [ -79.003270022426378, 43.064754418607116 ] ] ], [ [ [ -78.954602429164922, 43.076102658082789 ], [ -78.951585954712812, 43.072525111774532 ], [ -78.954368363236185, 43.07098061107623 ], [ -78.966409943649879, 43.072830930551838 ], [ -78.977180604667609, 43.07206107426363 ], [ -78.96497876750216, 43.074293240685613 ], [ -78.958433125810771, 43.077097727444858 ], [ -78.954602429164922, 43.076102658082789 ] ] ], [ [ [ -79.065992613504051, 43.083427350452077 ], [ -79.066269763532134, 43.082459856922377 ], [ -79.068226047184226, 43.08345846633182 ], [ -79.066489450128117, 43.083764608453841 ], [ -79.065992613504051, 43.083427350452077 ] ] ], [ [ [ -79.068853054184558, 43.083312170515264 ], [ -79.068405040097858, 43.083123260227374 ], [ -79.068014517291033, 43.083097802357912 ], [ -79.068864849064255, 43.082656655598818 ], [ -79.069432536713094, 43.083670293499594 ], [ -79.068853054184558, 43.083312170515264 ] ] ], [ [ [ -79.069683134338021, 43.083273645935883 ], [ -79.069549450650698, 43.082118168917596 ], [ -79.064132826879757, 43.081757875629535 ], [ -79.060496130402655, 43.079034378354294 ], [ -79.070401520663992, 43.078436229235571 ], [ -79.074491341743439, 43.080032044311352 ], [ -79.069683134338021, 43.083273645935883 ] ] ], [ [ [ -77.757478606999072, 43.338435920520368 ], [ -77.757477892838409, 43.338437084147294 ], [ -77.757467352905195, 43.338442912735388 ], [ -77.757467568500857, 43.338440400581995 ], [ -77.757478606999072, 43.338435920520368 ] ] ], [ [ [ -77.757467352905195, 43.338442912735388 ], [ -77.757467100478593, 43.338445863943846 ], [ -77.757462219033343, 43.338445752220004 ], [ -77.757467352905195, 43.338442912735388 ] ] ], [ [ [ -73.399511085382329, 43.56102425513501 ], [ -73.402160911552912, 43.564268172107212 ], [ -73.402847523568951, 43.568535564898554 ], [ -73.399487358180735, 43.564028269537005 ], [ -73.399511085382329, 43.56102425513501 ] ] ], [ [ [ -73.42894576907203, 43.638193757497007 ], [ -73.429522984252785, 43.636686552710366 ], [ -73.430624679015565, 43.637206732257404 ], [ -73.43102901791147, 43.640700750062415 ], [ -73.426659112906194, 43.646376435540112 ], [ -73.418141207432129, 43.651990636928808 ], [ -73.420096868551738, 43.647915392366748 ], [ -73.426680187382772, 43.644061141065585 ], [ -73.42894576907203, 43.638193757497007 ] ] ], [ [ [ -76.366551396529331, 43.878899771468255 ], [ -76.364065416778359, 43.878280331623984 ], [ -76.372861717345515, 43.87516366105271 ], [ -76.37066808262567, 43.8770257765946 ], [ -76.366551396529331, 43.878899771468255 ] ] ], [ [ [ -76.392490163221694, 43.888297645576927 ], [ -76.394691961830844, 43.883702914730662 ], [ -76.398292838884288, 43.883873123748224 ], [ -76.397663462128264, 43.885983296284166 ], [ -76.392490163221694, 43.888297645576927 ] ] ], [ [ [ -76.206207822616051, 43.905466344807863 ], [ -76.204731650754056, 43.904204244032741 ], [ -76.207373824176742, 43.905244788433819 ], [ -76.210604136294037, 43.903790935575863 ], [ -76.207765588455302, 43.906517548075591 ], [ -76.206207822616051, 43.905466344807863 ] ] ], [ [ [ -76.304007387835199, 43.918213918203044 ], [ -76.301628250110866, 43.917257660092083 ], [ -76.304744442949399, 43.915032032948972 ], [ -76.307784588009255, 43.905635242495514 ], [ -76.326951658257201, 43.881606898900166 ], [ -76.335517408003312, 43.878420273083634 ], [ -76.341384411125119, 43.879719846166665 ], [ -76.342284563463977, 43.88082947772461 ], [ -76.339924721551952, 43.882810585571193 ], [ -76.342542870430663, 43.884375364676146 ], [ -76.355841498455746, 43.878547827249157 ], [ -76.35265158717003, 43.881401936824091 ], [ -76.345263069722293, 43.894033030481786 ], [ -76.328747383323631, 43.903564234501637 ], [ -76.316357925824562, 43.904107857514767 ], [ -76.314207668953173, 43.906409991829598 ], [ -76.315400570565032, 43.911203538497439 ], [ -76.314042793962543, 43.913591829060522 ], [ -76.304007387835199, 43.918213918203044 ] ] ], [ [ [ -76.390688706005434, 43.921845836306545 ], [ -76.388150520661725, 43.920583019738459 ], [ -76.376680992810847, 43.921301034610309 ], [ -76.379728581311142, 43.918549813398506 ], [ -76.383577200245213, 43.917833174682571 ], [ -76.388544466948119, 43.909822608668925 ], [ -76.391900170404341, 43.907532973039167 ], [ -76.388529282724861, 43.908493955285415 ], [ -76.388893005193509, 43.907921654307792 ], [ -76.394196402611101, 43.906301071710296 ], [ -76.400502427683591, 43.901896703926148 ], [ -76.410423272561076, 43.898957979598173 ], [ -76.428503578046303, 43.890476371689736 ], [ -76.4334213754248, 43.89122116928047 ], [ -76.439093600436777, 43.888071950503424 ], [ -76.445858425667595, 43.887918397836678 ], [ -76.444722533838615, 43.891601275771613 ], [ -76.431363788758091, 43.904978302629331 ], [ -76.410549911659942, 43.918287022476477 ], [ -76.406168490252739, 43.920385394227644 ], [ -76.404541779613751, 43.920700700755923 ], [ -76.408246241402622, 43.918542591981073 ], [ -76.407510481659074, 43.917325041996882 ], [ -76.404959732477792, 43.917095213931759 ], [ -76.40687236429531, 43.917582767857695 ], [ -76.400323932436649, 43.918401459036652 ], [ -76.400301320044306, 43.920116728313232 ], [ -76.397378673725299, 43.921163233409075 ], [ -76.390688706005434, 43.921845836306545 ] ] ], [ [ [ -76.142198385910731, 43.943627947349611 ], [ -76.141467887599788, 43.942705893993882 ], [ -76.144439932276256, 43.940829961354851 ], [ -76.147452240342091, 43.942761039697935 ], [ -76.142198385910731, 43.943627947349611 ] ] ], [ [ [ -76.073930935657003, 43.978335980818997 ], [ -76.076088192201112, 43.977632527176155 ], [ -76.077294423913486, 43.978457331090077 ], [ -76.074493698741477, 43.979004261397165 ], [ -76.073930935657003, 43.978335980818997 ] ] ], [ [ [ -76.063493298081411, 43.990117692388075 ], [ -76.062805536221788, 43.989299366212258 ], [ -76.065069133532589, 43.988569957063241 ], [ -76.066097739567212, 43.989572042680138 ], [ -76.063493298081411, 43.990117692388075 ] ] ], [ [ [ -76.069974747959208, 43.988473635505898 ], [ -76.070598419514909, 43.989636341839564 ], [ -76.068917649160426, 43.99116080811956 ], [ -76.06530550902994, 43.992245560113389 ], [ -76.069974747959208, 43.988473635505898 ] ] ], [ [ [ -76.077610107175687, 43.997520410791488 ], [ -76.075796348429918, 43.997525033209719 ], [ -76.07346385482839, 43.997023223117246 ], [ -76.079262503343585, 43.997571093232132 ], [ -76.077610107175687, 43.997520410791488 ] ] ], [ [ [ -76.068414704890742, 43.996264351422482 ], [ -76.067565166329913, 43.994164822072726 ], [ -76.074337065793586, 43.99373494102236 ], [ -76.074397679617377, 43.995642719574285 ], [ -76.071129940990417, 43.996440321495243 ], [ -76.071785711147825, 43.997843308423583 ], [ -76.068414704890742, 43.996264351422482 ] ] ], [ [ [ -76.178882256550978, 44.016807808337312 ], [ -76.186769261726312, 44.013942244271028 ], [ -76.173772545790129, 44.024367415674412 ], [ -76.169343359162639, 44.024826993303506 ], [ -76.170056584667307, 44.022469801139081 ], [ -76.178882256550978, 44.016807808337312 ] ] ], [ [ [ -76.159891432168536, 44.030215563297311 ], [ -76.159813547335091, 44.029791571586166 ], [ -76.160890192576133, 44.029384876574561 ], [ -76.160927853546113, 44.029960975778557 ], [ -76.159891432168536, 44.030215563297311 ] ] ], [ [ [ -76.316471747760957, 44.049525287008052 ], [ -76.315560848876345, 44.048995267018519 ], [ -76.320900844556931, 44.048187802890574 ], [ -76.328168191849244, 44.040679119921343 ], [ -76.322169566673722, 44.036896972156661 ], [ -76.321883202625756, 44.031237284126419 ], [ -76.323205621538676, 44.030657129056536 ], [ -76.328931749959281, 44.03483088301536 ], [ -76.337573379499133, 44.032933889551444 ], [ -76.332172825690307, 44.03653210051931 ], [ -76.332704707390263, 44.039901816276249 ], [ -76.329874965736252, 44.043779444962411 ], [ -76.318168968064924, 44.050696786102129 ], [ -76.316471747760957, 44.049525287008052 ] ] ], [ [ [ -76.348643749038359, 44.054724208175877 ], [ -76.342016799033985, 44.054392524364097 ], [ -76.33852352308358, 44.052842240527895 ], [ -76.341224862245809, 44.053696711914931 ], [ -76.342500780766343, 44.052276262487432 ], [ -76.343759821739312, 44.049657570451082 ], [ -76.342078394716381, 44.047321609797095 ], [ -76.335981263880058, 44.049951497376234 ], [ -76.341149260031486, 44.047127657395691 ], [ -76.344271522786414, 44.046743167005197 ], [ -76.346115717352319, 44.041842822337401 ], [ -76.350687745093126, 44.037548640458162 ], [ -76.361202906379432, 44.033277656265781 ], [ -76.371886288880773, 44.032910135730283 ], [ -76.379167689417415, 44.034209579117736 ], [ -76.377091156383059, 44.036947547977341 ], [ -76.378676438517772, 44.03866739144032 ], [ -76.383239914297093, 44.037540226526794 ], [ -76.37860162771922, 44.045965191335284 ], [ -76.369087119590844, 44.052732536345516 ], [ -76.359769894973581, 44.051602727877302 ], [ -76.348643749038359, 44.054724208175877 ] ] ], [ [ [ -73.420961235602974, 44.14045037860285 ], [ -73.421602236558783, 44.140726032987878 ], [ -73.421879480011654, 44.141215347359605 ], [ -73.421572264269315, 44.141321077606413 ], [ -73.420961235602974, 44.14045037860285 ] ] ], [ [ [ -76.286361314483599, 44.190117131737956 ], [ -76.276448522104332, 44.183340054652476 ], [ -76.269244578803068, 44.184848871288999 ], [ -76.26465104629267, 44.178715916344309 ], [ -76.271813434427216, 44.175611135356917 ], [ -76.286124763814797, 44.173149788262002 ], [ -76.288506026953101, 44.17124586216017 ], [ -76.293118176149434, 44.171784500750469 ], [ -76.300795373501941, 44.169019856259425 ], [ -76.306824001509639, 44.169861001885714 ], [ -76.307672872622206, 44.168736467098526 ], [ -76.306356430200893, 44.167870155958354 ], [ -76.308084751078297, 44.167307258504948 ], [ -76.310777117867474, 44.168734235702708 ], [ -76.311427504421374, 44.169708192973516 ], [ -76.308758518982415, 44.17023904461989 ], [ -76.310961544690244, 44.171681151073329 ], [ -76.307221119747297, 44.177050376844171 ], [ -76.310643231160896, 44.180917788415449 ], [ -76.294039728155013, 44.189706435031738 ], [ -76.286361314483599, 44.190117131737956 ] ] ], [ [ [ -76.206373082085619, 44.20427840193949 ], [ -76.205449288783399, 44.204121408861624 ], [ -76.208865871066422, 44.202130138712441 ], [ -76.207699632350511, 44.203726032584754 ], [ -76.206373082085619, 44.20427840193949 ] ] ], [ [ [ -76.1500009476527, 44.235580149157144 ], [ -76.15039462264788, 44.235819143166154 ], [ -76.148893346466949, 44.236570250117936 ], [ -76.149367811447192, 44.236266856482274 ], [ -76.1500009476527, 44.235580149157144 ] ] ], [ [ [ -76.149350823406877, 44.247191296027083 ], [ -76.14969493565286, 44.247164011802631 ], [ -76.149873322203646, 44.247305140604183 ], [ -76.149029582268, 44.247542309663835 ], [ -76.149350823406877, 44.247191296027083 ] ] ], [ [ [ -76.097472782474, 44.248094908929957 ], [ -76.096678634931891, 44.247981050437744 ], [ -76.098748493483697, 44.247196514777102 ], [ -76.098581000802355, 44.24763404386298 ], [ -76.097472782474, 44.248094908929957 ] ] ], [ [ [ -76.152706163943705, 44.247737395483924 ], [ -76.1517902174255, 44.24792529096959 ], [ -76.154572848731064, 44.246600161809049 ], [ -76.152617348409876, 44.24800421725471 ], [ -76.152706163943705, 44.247737395483924 ] ] ], [ [ [ -76.093904159430807, 44.250427933131114 ], [ -76.095048482847062, 44.249054017377134 ], [ -76.095825309073859, 44.249160374744882 ], [ -76.095874674193652, 44.251052159022507 ], [ -76.093093130747917, 44.251587201020435 ], [ -76.093904159430807, 44.250427933131114 ] ] ], [ [ [ -76.049734464034614, 44.258759670580616 ], [ -76.050311716944591, 44.25692732092223 ], [ -76.061622034581049, 44.252587445350706 ], [ -76.066990811385011, 44.252575532119472 ], [ -76.056714474403535, 44.258366583588007 ], [ -76.049734464034614, 44.258759670580616 ] ] ], [ [ [ -76.159605958351037, 44.258642518733382 ], [ -76.160376004094033, 44.258191634647453 ], [ -76.160726769263036, 44.25833099473185 ], [ -76.160498466925134, 44.258688241764951 ], [ -76.159605958351037, 44.258642518733382 ] ] ], [ [ [ -76.060078989434373, 44.259667527558932 ], [ -76.060016938306106, 44.258289483594098 ], [ -76.062816280970907, 44.257980600717609 ], [ -76.062263105605481, 44.259242285528444 ], [ -76.060078989434373, 44.259667527558932 ] ] ], [ [ [ -76.06523980984332, 44.258199208461654 ], [ -76.066359629913549, 44.258410944170187 ], [ -76.062666833646972, 44.259804269539536 ], [ -76.063344570308018, 44.259247110113883 ], [ -76.06523980984332, 44.258199208461654 ] ] ], [ [ [ -76.107963647026807, 44.259896747634464 ], [ -76.107444874441796, 44.259806496200554 ], [ -76.107467928805249, 44.259388989676729 ], [ -76.108376200117661, 44.25962595431556 ], [ -76.107963647026807, 44.259896747634464 ] ] ], [ [ [ -76.0762406875088, 44.262353566170134 ], [ -76.076442852465163, 44.261078886959808 ], [ -76.078658028785526, 44.259909991774009 ], [ -76.07870029721461, 44.261632419902739 ], [ -76.0762406875088, 44.262353566170134 ] ] ], [ [ [ -76.160552316434845, 44.264923968998517 ], [ -76.16105826197591, 44.264945625745867 ], [ -76.159871609943465, 44.265708030803793 ], [ -76.160014823857637, 44.265194433635131 ], [ -76.160552316434845, 44.264923968998517 ] ] ], [ [ [ -76.023016505851302, 44.26924615027788 ], [ -76.023582387886435, 44.269379240103312 ], [ -76.022155783265205, 44.26988986621371 ], [ -76.022296715458552, 44.269605139163431 ], [ -76.023016505851302, 44.26924615027788 ] ] ], [ [ [ -76.158384185784229, 44.269124562207736 ], [ -76.158425229809566, 44.269357587562403 ], [ -76.158148077086523, 44.269424714208476 ], [ -76.158317268482079, 44.269177646218665 ], [ -76.158384185784229, 44.269124562207736 ] ] ], [ [ [ -76.160523209223015, 44.270813237305013 ], [ -76.160570501031145, 44.2705883669258 ], [ -76.161221422980958, 44.270511719076602 ], [ -76.160678590817724, 44.270925997970991 ], [ -76.160523209223015, 44.270813237305013 ] ] ], [ [ [ -76.078493232846654, 44.271375328120172 ], [ -76.078376217399438, 44.271801155847797 ], [ -76.078035666075223, 44.27173457415639 ], [ -76.078025465705181, 44.271539341526392 ], [ -76.078493232846654, 44.271375328120172 ] ] ], [ [ [ -76.074560016867309, 44.272393807536609 ], [ -76.07475496206375, 44.272539660692786 ], [ -76.073982441462135, 44.273082889519543 ], [ -76.074200253274128, 44.272663981159269 ], [ -76.074560016867309, 44.272393807536609 ] ] ], [ [ [ -76.016098073198492, 44.273457892728196 ], [ -76.016577001907379, 44.273353584833238 ], [ -76.01682968272543, 44.273587160086166 ], [ -76.016328819852262, 44.273765507575327 ], [ -76.016098073198492, 44.273457892728196 ] ] ], [ [ [ -76.066290486586155, 44.273326710893748 ], [ -76.067360214799521, 44.269784126547371 ], [ -76.072920542964781, 44.268552911579143 ], [ -76.07506879569479, 44.270702768281289 ], [ -76.071634369276964, 44.273024714145521 ], [ -76.066290486586155, 44.273326710893748 ] ] ], [ [ [ -76.049110322660042, 44.274232330992028 ], [ -76.04848526320724, 44.274133259484024 ], [ -76.048048700843779, 44.273820453330387 ], [ -76.049101211946422, 44.273720272241931 ], [ -76.049110322660042, 44.274232330992028 ] ] ], [ [ [ -76.050622467557574, 44.275366583625321 ], [ -76.051255451049471, 44.275351232026431 ], [ -76.051303512713829, 44.275629489746699 ], [ -76.050597816887858, 44.275471621179634 ], [ -76.050622467557574, 44.275366583625321 ] ] ], [ [ [ -76.048318059783398, 44.277036141261888 ], [ -76.047507203577041, 44.276931622969883 ], [ -76.046559533054577, 44.27603036471119 ], [ -76.048091756197024, 44.276242609913709 ], [ -76.048318059783398, 44.277036141261888 ] ] ], [ [ [ -76.055870145173046, 44.278371522710742 ], [ -76.057412879502621, 44.276299154220759 ], [ -76.060073138706926, 44.277156744353881 ], [ -76.055831722431705, 44.279003123414839 ], [ -76.055870145173046, 44.278371522710742 ] ] ], [ [ [ -76.029008818565345, 44.279290989142623 ], [ -76.029136593134723, 44.279126122048304 ], [ -76.030230380926355, 44.278775734926114 ], [ -76.029934812739995, 44.279075270381682 ], [ -76.029008818565345, 44.279290989142623 ] ] ], [ [ [ -76.018067479440248, 44.279292702479417 ], [ -76.017855392591585, 44.279679650336256 ], [ -76.017536959586295, 44.279609143477835 ], [ -76.017643253640614, 44.279430074109619 ], [ -76.018067479440248, 44.279292702479417 ] ] ], [ [ [ -76.013458401583875, 44.279039480537236 ], [ -76.013330662048801, 44.279871851181888 ], [ -76.012324972037078, 44.279361245556771 ], [ -76.012748053383064, 44.279183083554656 ], [ -76.013458401583875, 44.279039480537236 ] ] ], [ [ [ -76.01650298072795, 44.279909108159536 ], [ -76.017378423108312, 44.279930127824557 ], [ -76.016201840291899, 44.280841690268844 ], [ -76.016499528502322, 44.280131792229824 ], [ -76.01650298072795, 44.279909108159536 ] ] ], [ [ [ -76.008724593548592, 44.28144116819319 ], [ -76.008412016660643, 44.281389140974809 ], [ -76.007464324578621, 44.281426088292143 ], [ -76.008279083964894, 44.280790036820079 ], [ -76.008724593548592, 44.28144116819319 ] ] ], [ [ [ -76.026074187822118, 44.281082014294064 ], [ -76.02653604764231, 44.281137415614246 ], [ -76.026540858120654, 44.281413690845895 ], [ -76.026010494573541, 44.281423220615203 ], [ -76.026074187822118, 44.281082014294064 ] ] ], [ [ [ -76.153200570624946, 44.280360421218667 ], [ -76.153673759997488, 44.280431253886498 ], [ -76.153389743247359, 44.28093993305302 ], [ -76.152939960377878, 44.280767179402069 ], [ -76.153200570624946, 44.280360421218667 ] ] ], [ [ [ -76.007382212273441, 44.28266841914796 ], [ -76.007746834854018, 44.282079217845293 ], [ -76.008887628789509, 44.28228115012584 ], [ -76.008670511375229, 44.28257606048151 ], [ -76.007382212273441, 44.28266841914796 ] ] ], [ [ [ -76.006089903092231, 44.282720305679305 ], [ -76.006588881299948, 44.282037023125525 ], [ -76.007455535461887, 44.282271615350808 ], [ -76.006638284149005, 44.282794080928056 ], [ -76.006089903092231, 44.282720305679305 ] ] ], [ [ [ -76.012573482875581, 44.282149381532655 ], [ -76.013324882288259, 44.282266584929936 ], [ -76.012088243501822, 44.282856388872567 ], [ -76.012045186351941, 44.282617223268879 ], [ -76.012573482875581, 44.282149381532655 ] ] ], [ [ [ -76.006619632428752, 44.283061035592823 ], [ -76.006884966915905, 44.282870514681385 ], [ -76.007210954752736, 44.283124902777779 ], [ -76.006578869576117, 44.283392500968169 ], [ -76.006619632428752, 44.283061035592823 ] ] ], [ [ [ -76.011715006077694, 44.283403715980135 ], [ -76.012238087881101, 44.283086119826947 ], [ -76.012468030542692, 44.283039121204901 ], [ -76.012261661470788, 44.283300296497991 ], [ -76.011715006077694, 44.283403715980135 ] ] ], [ [ [ -76.010123981013379, 44.283966636217635 ], [ -76.010383092870555, 44.283607036013571 ], [ -76.011290623971163, 44.28354659963685 ], [ -76.011185474370535, 44.283911776478064 ], [ -76.010123981013379, 44.283966636217635 ] ] ], [ [ [ -76.037378929615613, 44.283739867590164 ], [ -76.03777371223353, 44.283336095965836 ], [ -76.038521565097454, 44.283210672649624 ], [ -76.03809236442774, 44.283693367247615 ], [ -76.037378929615613, 44.283739867590164 ] ] ], [ [ [ -76.006384322333346, 44.284374325063808 ], [ -76.006049648686044, 44.283805579719839 ], [ -76.007827781145963, 44.283463562139154 ], [ -76.006897876604882, 44.284543688686298 ], [ -76.006384322333346, 44.284374325063808 ] ] ], [ [ [ -76.041574023364888, 44.284404046048323 ], [ -76.039137108696437, 44.283927259603907 ], [ -76.04065847210542, 44.280855192085426 ], [ -76.042948383765847, 44.28276853417578 ], [ -76.046445596133836, 44.280654631200832 ], [ -76.047689813108008, 44.28200576132685 ], [ -76.04823788783925, 44.280883557209187 ], [ -76.050067863870822, 44.280735726561652 ], [ -76.0454278911552, 44.283846375724899 ], [ -76.041574023364888, 44.284404046048323 ] ] ], [ [ [ -76.018640365639669, 44.285536868915898 ], [ -76.018453776572017, 44.285130746321919 ], [ -76.020629962415768, 44.284356083204059 ], [ -76.020185907204521, 44.284971730943376 ], [ -76.018640365639669, 44.285536868915898 ] ] ], [ [ [ -76.006758819195511, 44.285435661516146 ], [ -76.006047206166784, 44.285278625716813 ], [ -76.006452363427925, 44.284656212717024 ], [ -76.007211515301464, 44.285319934518569 ], [ -76.006352137493337, 44.28579379010727 ], [ -76.006758819195511, 44.285435661516146 ] ] ], [ [ [ -76.151628279925873, 44.283882228236841 ], [ -76.151454476579644, 44.28466052910823 ], [ -76.150732429618898, 44.284703536732678 ], [ -76.150888836191328, 44.284392294248356 ], [ -76.151628279925873, 44.283882228236841 ] ] ], [ [ [ -76.037408455442389, 44.286109457846486 ], [ -76.038033627184575, 44.28583222336821 ], [ -76.038252156750488, 44.286001744841343 ], [ -76.037923159557451, 44.28639467726201 ], [ -76.037408455442389, 44.286109457846486 ] ] ], [ [ [ -76.001622680897313, 44.286659581554304 ], [ -76.00179844346917, 44.287238682716264 ], [ -76.000933065813257, 44.2876374387114 ], [ -76.001418166846463, 44.286766807197814 ], [ -76.001622680897313, 44.286659581554304 ] ] ], [ [ [ -76.067167598036292, 44.284789456710676 ], [ -76.064516440562471, 44.285247730269006 ], [ -76.065788235815859, 44.282227336442226 ], [ -76.063412880897175, 44.284733957870017 ], [ -76.061278854786309, 44.284755691562083 ], [ -76.064628178407403, 44.27656807049253 ], [ -76.069677940097776, 44.276854003200789 ], [ -76.067648734804166, 44.281328600060021 ], [ -76.075133865162385, 44.27940276754105 ], [ -76.068835717416619, 44.28900438516996 ], [ -76.062414584020246, 44.289690771616044 ], [ -76.067167598036292, 44.284789456710676 ] ] ], [ [ [ -76.137513015933891, 44.291801767123914 ], [ -76.13721768310613, 44.291792797811787 ], [ -76.138465750259599, 44.291334921256848 ], [ -76.137926514950749, 44.291919132591154 ], [ -76.137513015933891, 44.291801767123914 ] ] ], [ [ [ -76.130369036076146, 44.291673989823181 ], [ -76.1318834851524, 44.290578732930619 ], [ -76.132148701061936, 44.291091817623858 ], [ -76.130077395324236, 44.292203309137484 ], [ -76.130369036076146, 44.291673989823181 ] ] ], [ [ [ -76.134747776910558, 44.29252364082943 ], [ -76.132551604450029, 44.293609222424102 ], [ -76.132121186563111, 44.293509016563917 ], [ -76.136172282168971, 44.291238655761916 ], [ -76.137114677784083, 44.291438898230929 ], [ -76.133391671174493, 44.293948231565146 ], [ -76.134747776910558, 44.29252364082943 ] ] ], [ [ [ -76.042632943048773, 44.294590184553556 ], [ -76.045912649031962, 44.292427058997603 ], [ -76.045475804597501, 44.290960752963258 ], [ -76.042426683571335, 44.290574483205447 ], [ -76.044045391119454, 44.288664564265645 ], [ -76.047047790767692, 44.288961189068814 ], [ -76.046793183063343, 44.287505034576391 ], [ -76.048119897719943, 44.288172595334096 ], [ -76.053506398284455, 44.283581016938165 ], [ -76.058626419908151, 44.283452650681255 ], [ -76.057483435879973, 44.286717829599851 ], [ -76.054365920721352, 44.287273326782739 ], [ -76.054403852084235, 44.29022361457541 ], [ -76.051969563191321, 44.292794557790934 ], [ -76.04718003086235, 44.293515500462568 ], [ -76.043805691855567, 44.295981390817985 ], [ -76.042632943048773, 44.294590184553556 ] ] ], [ [ [ -76.130361474956416, 44.295307860116687 ], [ -76.130957348145628, 44.294558762904245 ], [ -76.131358277935036, 44.294366610109449 ], [ -76.131128744006901, 44.29502156456816 ], [ -76.130361474956416, 44.295307860116687 ] ] ], [ [ [ -76.109785244471723, 44.297306788088513 ], [ -76.111113540163231, 44.296688833483849 ], [ -76.112300511097587, 44.296667752947975 ], [ -76.111513193446612, 44.29712800605693 ], [ -76.109785244471723, 44.297306788088513 ] ] ], [ [ [ -76.045108518512123, 44.298652332596312 ], [ -76.045268018882382, 44.298519901215037 ], [ -76.045608042895523, 44.298669044337835 ], [ -76.045337528722442, 44.298840145731511 ], [ -76.045108518512123, 44.298652332596312 ] ] ], [ [ [ -76.059501520030381, 44.301916012104243 ], [ -76.059738735452513, 44.301902809575303 ], [ -76.059769943823795, 44.302147305966024 ], [ -76.059346487880347, 44.302133357088756 ], [ -76.059501520030381, 44.301916012104243 ] ] ], [ [ [ -75.972051304164083, 44.305518820891841 ], [ -75.971971902974431, 44.305619057042939 ], [ -75.971858385566918, 44.305588027652192 ], [ -75.971899222081419, 44.305573377592943 ], [ -75.972051304164083, 44.305518820891841 ] ] ], [ [ [ -76.057113380288598, 44.304887853716934 ], [ -76.056774900479411, 44.304180264260275 ], [ -76.05808103383454, 44.30416476654424 ], [ -76.057988592700241, 44.304826244151485 ], [ -76.057113380288598, 44.304887853716934 ] ] ], [ [ [ -75.968059303330861, 44.307738957260185 ], [ -75.968659076106704, 44.30790061603075 ], [ -75.96757071773267, 44.308691151663282 ], [ -75.96747048910315, 44.308244176161431 ], [ -75.968059303330861, 44.307738957260185 ] ] ], [ [ [ -76.073039594892748, 44.30427470593029 ], [ -76.075155510967477, 44.300972484765985 ], [ -76.070145964157433, 44.301769956069464 ], [ -76.071314900514139, 44.299534085366929 ], [ -76.070282354468702, 44.299329272943467 ], [ -76.076255358794015, 44.297629641857426 ], [ -76.069358372520284, 44.298094607239243 ], [ -76.067216164553813, 44.29701890069628 ], [ -76.068452154756613, 44.294944490792943 ], [ -76.066365606405142, 44.295328849196238 ], [ -76.06922250323187, 44.294263162347875 ], [ -76.069645776817339, 44.292367851468782 ], [ -76.075563449412726, 44.292431382533785 ], [ -76.072336863507232, 44.291180264949212 ], [ -76.076159107904601, 44.285096197453882 ], [ -76.074642428311478, 44.284481615972133 ], [ -76.078767985271256, 44.281246008327159 ], [ -76.081239864167202, 44.282237391502242 ], [ -76.08096748419328, 44.28089964374297 ], [ -76.087194876135698, 44.275954864962358 ], [ -76.080606107225847, 44.27552122754156 ], [ -76.087117046099465, 44.271169357446894 ], [ -76.092567755545559, 44.270836265836827 ], [ -76.090593622368758, 44.269854667065339 ], [ -76.096058244921963, 44.266710445965295 ], [ -76.096339894611305, 44.26866531957193 ], [ -76.106622614122898, 44.26657474158187 ], [ -76.108129818286372, 44.268742110059698 ], [ -76.109754995501163, 44.268783500603618 ], [ -76.109008252056626, 44.266799351992532 ], [ -76.111636539321637, 44.264650367007256 ], [ -76.10726058595958, 44.261289926496303 ], [ -76.109512538409348, 44.259772137673153 ], [ -76.108944141989738, 44.258508471065952 ], [ -76.113889137660109, 44.258438461868579 ], [ -76.122234850467251, 44.251332111449678 ], [ -76.128172429729361, 44.252078707369009 ], [ -76.130067922589546, 44.248260574122504 ], [ -76.132943538510176, 44.249043272625052 ], [ -76.133996491583929, 44.250927666086675 ], [ -76.13106591763254, 44.253300675781631 ], [ -76.131546969958762, 44.256263962978664 ], [ -76.133558619476787, 44.257806649797075 ], [ -76.142693768162374, 44.253037250907404 ], [ -76.144213208278344, 44.25003969364186 ], [ -76.141167075048813, 44.249498472475622 ], [ -76.141570156303302, 44.24737916944791 ], [ -76.146553012369623, 44.247314967407334 ], [ -76.147228061271363, 44.248790664855356 ], [ -76.144695908114784, 44.250663722251531 ], [ -76.145507869248959, 44.251517890088941 ], [ -76.154270615045291, 44.250171942188175 ], [ -76.146063540134264, 44.255518640086777 ], [ -76.154389042644155, 44.252765804439868 ], [ -76.152645652527866, 44.256224503461141 ], [ -76.156990904168453, 44.256735591917263 ], [ -76.158408536416644, 44.261413884753928 ], [ -76.161294601540632, 44.26245801453301 ], [ -76.158208789725009, 44.264746030838879 ], [ -76.156270134612029, 44.269000973356597 ], [ -76.159260370173016, 44.269675751940156 ], [ -76.159514178376767, 44.271159737248276 ], [ -76.152367658981717, 44.274387550339448 ], [ -76.152280466703616, 44.27716006245651 ], [ -76.150049177302009, 44.278354521561958 ], [ -76.152296950789065, 44.280549442771914 ], [ -76.147618155581796, 44.284281702196957 ], [ -76.147131828348222, 44.287235567102833 ], [ -76.14504970150459, 44.285788006949183 ], [ -76.143856145919202, 44.287611434925239 ], [ -76.142015103541638, 44.28741070804724 ], [ -76.140909679872124, 44.284439426836315 ], [ -76.137898498293666, 44.288547538251891 ], [ -76.139902745693746, 44.289262765675005 ], [ -76.13723721427705, 44.290675690753488 ], [ -76.137304204342726, 44.289243807705674 ], [ -76.133000322815917, 44.288672013261774 ], [ -76.134447279668237, 44.285282879683585 ], [ -76.132705871235459, 44.285257285782649 ], [ -76.132502774726134, 44.28348883977398 ], [ -76.125769483955025, 44.281997540390677 ], [ -76.128673553113956, 44.281186375355595 ], [ -76.12936130868539, 44.280209230163955 ], [ -76.12718870442464, 44.280525726680501 ], [ -76.12545504126625, 44.282200732166423 ], [ -76.130269708456865, 44.284116613735542 ], [ -76.13054073466968, 44.288294414716084 ], [ -76.123578927761685, 44.289454090223693 ], [ -76.111082160213726, 44.29643187829317 ], [ -76.104729603307817, 44.297608296123485 ], [ -76.106165443508502, 44.296355734156883 ], [ -76.104108454221475, 44.295410190488546 ], [ -76.091202583113329, 44.300013210073409 ], [ -76.089163287044144, 44.299172731410934 ], [ -76.092599452600368, 44.289043202795881 ], [ -76.090068981089999, 44.288099074413374 ], [ -76.091779295237544, 44.289485767316165 ], [ -76.086772541289704, 44.295283784133865 ], [ -76.087617256795781, 44.299360955639202 ], [ -76.082690955066468, 44.301301487038153 ], [ -76.079235784752086, 44.305087559139828 ], [ -76.078872564441681, 44.308331302999484 ], [ -76.074675165615389, 44.310640961403081 ], [ -76.073039594892748, 44.30427470593029 ] ] ], [ [ [ -75.954796488441218, 44.3124702390202 ], [ -75.954875550067683, 44.31276304567497 ], [ -75.954364252364158, 44.312984561964576 ], [ -75.954535196372845, 44.312723966691031 ], [ -75.954796488441218, 44.3124702390202 ] ] ], [ [ [ -75.956624497162309, 44.313264457898157 ], [ -75.957108772643807, 44.313023183761864 ], [ -75.957254056276369, 44.313165269668275 ], [ -75.95674939712282, 44.313584511429127 ], [ -75.956624497162309, 44.313264457898157 ] ] ], [ [ [ -75.954939378961896, 44.313753061918007 ], [ -75.955346773926394, 44.313179869624733 ], [ -75.955825180714086, 44.313057718772221 ], [ -75.955598332748664, 44.313471232933736 ], [ -75.954939378961896, 44.313753061918007 ] ] ], [ [ [ -76.060314114476824, 44.312822800853752 ], [ -76.060357524664639, 44.313470977753958 ], [ -76.059837246503193, 44.313456523778825 ], [ -76.059818964888848, 44.312983406254148 ], [ -76.060314114476824, 44.312822800853752 ] ] ], [ [ [ -76.060998139344875, 44.313748241807296 ], [ -76.062748120400414, 44.313574419955721 ], [ -76.063136546539369, 44.313840894691644 ], [ -76.060597069418293, 44.315368000403772 ], [ -76.060998139344875, 44.313748241807296 ] ] ], [ [ [ -75.998118551501634, 44.317039064031455 ], [ -75.998508877577422, 44.317263137666011 ], [ -75.997917350437547, 44.317500556010266 ], [ -75.99792710434491, 44.31739089655872 ], [ -75.998118551501634, 44.317039064031455 ] ] ], [ [ [ -76.057222197710544, 44.317628151133995 ], [ -76.057221373955414, 44.317615825601884 ], [ -76.057235037330884, 44.317628736013411 ], [ -76.057222197710544, 44.317628151133995 ] ] ], [ [ [ -75.946077123188246, 44.317805918864799 ], [ -75.946405982939041, 44.318036635298064 ], [ -75.945728072004826, 44.318590119530931 ], [ -75.945907218530365, 44.31796930517821 ], [ -75.946077123188246, 44.317805918864799 ] ] ], [ [ [ -75.948668474423727, 44.318017866580213 ], [ -75.949105776100666, 44.317771264531366 ], [ -75.948082018273638, 44.318892180894224 ], [ -75.948137685075181, 44.31843436719717 ], [ -75.948668474423727, 44.318017866580213 ] ] ], [ [ [ -76.057222197710544, 44.317628151133995 ], [ -76.057065385997888, 44.317822357781331 ], [ -76.056248837167573, 44.317907720269737 ], [ -76.056364476395785, 44.31759063849718 ], [ -76.057222197710544, 44.317628151133995 ] ] ], [ [ [ -76.047300146395614, 44.3176577061773 ], [ -76.04797541718122, 44.317942121933179 ], [ -76.046787431150577, 44.318491356782062 ], [ -76.046779172938173, 44.318026934721487 ], [ -76.047300146395614, 44.3176577061773 ] ] ], [ [ [ -76.055075478404703, 44.318052757931724 ], [ -76.055465612241022, 44.318161109498988 ], [ -76.054798990434989, 44.31851383445666 ], [ -76.054734540804915, 44.318468000506897 ], [ -76.055075478404703, 44.318052757931724 ] ] ], [ [ [ -76.044230627324296, 44.319558067295574 ], [ -76.045034539553512, 44.3188866908582 ], [ -76.045341015084063, 44.319050743864999 ], [ -76.044874933182058, 44.319514716927088 ], [ -76.044230627324296, 44.319558067295574 ] ] ], [ [ [ -75.940677236827696, 44.321747539307047 ], [ -75.940852260984386, 44.322110550578678 ], [ -75.940103541246202, 44.321976174677353 ], [ -75.940419905431398, 44.321840175704963 ], [ -75.940677236827696, 44.321747539307047 ] ] ], [ [ [ -76.001633583749907, 44.322503729171196 ], [ -76.002016130415342, 44.322482271016817 ], [ -76.001477129566766, 44.322864312265523 ], [ -76.00142168195417, 44.322764753375864 ], [ -76.001633583749907, 44.322503729171196 ] ] ], [ [ [ -75.999013384017388, 44.322505381478962 ], [ -75.999288423902883, 44.322493819822299 ], [ -75.999452988076399, 44.322795717773545 ], [ -75.999135989680639, 44.322886626312673 ], [ -75.999013384017388, 44.322505381478962 ] ] ], [ [ [ -75.998701475476011, 44.323587352226745 ], [ -75.999016952125714, 44.32340641698265 ], [ -75.999193356094679, 44.323399156836778 ], [ -75.998909086917976, 44.323703465881039 ], [ -75.998701475476011, 44.323587352226745 ] ] ], [ [ [ -75.935745447290316, 44.32595661986096 ], [ -75.935864424658121, 44.324674108095238 ], [ -75.937523334510161, 44.324660503889241 ], [ -75.937206759220871, 44.325201442322388 ], [ -75.935745447290316, 44.32595661986096 ] ] ], [ [ [ -75.934303201203335, 44.327810695957389 ], [ -75.934557710991328, 44.327120204101675 ], [ -75.93534998554604, 44.327068460261749 ], [ -75.934770623391756, 44.327780668566682 ], [ -75.934303201203335, 44.327810695957389 ] ] ], [ [ [ -75.932631830820014, 44.327671904855308 ], [ -75.933257944894933, 44.327395238038761 ], [ -75.932168787020288, 44.328187822533089 ], [ -75.932626139094367, 44.327731502191504 ], [ -75.932631830820014, 44.327671904855308 ] ] ], [ [ [ -75.931712317091822, 44.327652253696478 ], [ -75.931518325906197, 44.32818503039698 ], [ -75.930564677993857, 44.329155147353262 ], [ -75.930859090946754, 44.328466721879863 ], [ -75.931712317091822, 44.327652253696478 ] ] ], [ [ [ -75.931217640916003, 44.329440521388868 ], [ -75.931494248361659, 44.329472568248235 ], [ -75.931100870708846, 44.329778770348319 ], [ -75.931013484394626, 44.329625127149392 ], [ -75.931217640916003, 44.329440521388868 ] ] ], [ [ [ -75.926298637100061, 44.333576107739198 ], [ -75.929505124997689, 44.330919304644624 ], [ -75.930784006162057, 44.331015352785364 ], [ -75.928681369882156, 44.333147049224991 ], [ -75.926298637100061, 44.333576107739198 ] ] ], [ [ [ -76.0226581463249, 44.333889930221673 ], [ -76.022989540223122, 44.333863564604847 ], [ -76.023025328205719, 44.33402154865842 ], [ -76.022702963274426, 44.334200715651228 ], [ -76.0226581463249, 44.333889930221673 ] ] ], [ [ [ -75.93301005209733, 44.33430019987312 ], [ -75.93376130328798, 44.33417599444261 ], [ -75.934135500112845, 44.334841976588407 ], [ -75.933392936529316, 44.335150461845757 ], [ -75.93301005209733, 44.33430019987312 ] ] ], [ [ [ -75.9310045775986, 44.335647997219205 ], [ -75.93125394183663, 44.336201790765323 ], [ -75.930675694491597, 44.337196737934271 ], [ -75.930320269761225, 44.336592541288013 ], [ -75.9310045775986, 44.335647997219205 ] ] ], [ [ [ -75.928494239130387, 44.337373684997367 ], [ -75.92857809057395, 44.336460475646305 ], [ -75.929415881865793, 44.335982019839584 ], [ -75.929454902885098, 44.336548321330973 ], [ -75.928494239130387, 44.337373684997367 ] ] ], [ [ [ -75.922875723490904, 44.336732153618307 ], [ -75.923181907967304, 44.336891657198684 ], [ -75.922390027772991, 44.337612666128976 ], [ -75.922546320259372, 44.336996839153848 ], [ -75.922875723490904, 44.336732153618307 ] ] ], [ [ [ -75.931832308657576, 44.337589337384173 ], [ -75.930870945115245, 44.337419096184057 ], [ -75.932463040073074, 44.336823302062442 ], [ -75.932390556809423, 44.337231319112135 ], [ -75.931832308657576, 44.337589337384173 ] ] ], [ [ [ -76.019284583462522, 44.33647147491682 ], [ -76.019357454798367, 44.337037749193364 ], [ -76.01872217072102, 44.337150608248329 ], [ -76.018731545539325, 44.336733669312032 ], [ -76.019284583462522, 44.33647147491682 ] ] ], [ [ [ -75.972926135690031, 44.337502566888112 ], [ -75.97354626339191, 44.337471080185324 ], [ -75.973642434331282, 44.337666778578146 ], [ -75.973150746850422, 44.33801136398715 ], [ -75.972926135690031, 44.337502566888112 ] ] ], [ [ [ -75.928636555627577, 44.337810582614026 ], [ -75.929411210626327, 44.338671135273998 ], [ -75.928792851707229, 44.339282735087373 ], [ -75.92823352288211, 44.33893610760299 ], [ -75.928636555627577, 44.337810582614026 ] ] ], [ [ [ -75.926848729447443, 44.339872411572387 ], [ -75.926950813996328, 44.339399940095092 ], [ -75.927829094154674, 44.339318966226706 ], [ -75.927872174660749, 44.33973547237882 ], [ -75.926848729447443, 44.339872411572387 ] ] ], [ [ [ -76.015037768312439, 44.339245689251101 ], [ -76.014765709935389, 44.33886698128974 ], [ -76.013860731846805, 44.338932187121436 ], [ -76.015555963280718, 44.338693215222783 ], [ -76.015037768312439, 44.339245689251101 ] ] ], [ [ [ -76.016537911717776, 44.339625382263868 ], [ -76.016086406777887, 44.339426927718975 ], [ -76.017133889111577, 44.338965018415621 ], [ -76.017183247943166, 44.339324264816931 ], [ -76.016537911717776, 44.339625382263868 ] ] ], [ [ [ -76.017568243416065, 44.339323218205649 ], [ -76.01771258561422, 44.339800720933447 ], [ -76.017039010847895, 44.340004429053309 ], [ -76.017110849121153, 44.339744147818799 ], [ -76.017568243416065, 44.339323218205649 ] ] ], [ [ [ -75.960072582464065, 44.340225977414235 ], [ -75.960365862641382, 44.340466920602104 ], [ -75.959810571743432, 44.34080015251665 ], [ -75.959693558991177, 44.340601840722258 ], [ -75.960072582464065, 44.340225977414235 ] ] ], [ [ [ -75.927744506990877, 44.341251283490813 ], [ -75.927092377705321, 44.341151769943892 ], [ -75.92732484732781, 44.340528171513569 ], [ -75.927976557100138, 44.340601485434732 ], [ -75.927744506990877, 44.341251283490813 ] ] ], [ [ [ -75.92555115344372, 44.341133182729962 ], [ -75.925967366271053, 44.34142756364745 ], [ -75.924918548142529, 44.341852917546561 ], [ -75.924799382128526, 44.341451318745904 ], [ -75.92555115344372, 44.341133182729962 ] ] ], [ [ [ -75.970809644693517, 44.341938652386418 ], [ -75.969896024811916, 44.341686772208242 ], [ -75.971761986455462, 44.341720935065972 ], [ -75.971346521924758, 44.342088919338984 ], [ -75.970809644693517, 44.341938652386418 ] ] ], [ [ [ -75.920847956400053, 44.345256174065341 ], [ -75.922639716302839, 44.343517122948114 ], [ -75.924181354687775, 44.344033470435342 ], [ -75.923553788037026, 44.34507711280402 ], [ -75.920847956400053, 44.345256174065341 ] ] ], [ [ [ -75.960705035051632, 44.344780697014812 ], [ -75.961053736790419, 44.344790864708749 ], [ -75.961187043185305, 44.345127991471671 ], [ -75.960582677323416, 44.345215256269221 ], [ -75.960705035051632, 44.344780697014812 ] ] ], [ [ [ -75.998449882517775, 44.347083762813298 ], [ -75.998672639555409, 44.347093366078987 ], [ -75.998830556195827, 44.347216209881644 ], [ -75.998334602615671, 44.347332500955375 ], [ -75.998449882517775, 44.347083762813298 ] ] ], [ [ [ -75.927747449871759, 44.347463022195591 ], [ -75.928338102052521, 44.347448695438686 ], [ -75.928938083237526, 44.348025032114521 ], [ -75.928306370861748, 44.348382708892665 ], [ -75.927747449871759, 44.347463022195591 ] ] ], [ [ [ -75.921448512506856, 44.348693286460488 ], [ -75.919259793368241, 44.348410786367317 ], [ -75.92177016956569, 44.34598089864604 ], [ -75.923453545932787, 44.347424144269418 ], [ -75.921448512506856, 44.348693286460488 ] ] ], [ [ [ -75.918250117531613, 44.349716876419713 ], [ -75.918906150895396, 44.349211374167474 ], [ -75.919541208597295, 44.34932491768916 ], [ -75.919284418885127, 44.349625185300368 ], [ -75.918250117531613, 44.349716876419713 ] ] ], [ [ [ -75.925139396260207, 44.350284960789828 ], [ -75.92480604044141, 44.350239066872518 ], [ -75.925572191987683, 44.350062655189042 ], [ -75.925386282944672, 44.35027867330281 ], [ -75.925139396260207, 44.350284960789828 ] ] ], [ [ [ -75.91677278863952, 44.350539310529619 ], [ -75.916921971858756, 44.350739156713544 ], [ -75.916611049667566, 44.350896961044718 ], [ -75.916578113835982, 44.350658069391727 ], [ -75.91677278863952, 44.350539310529619 ] ] ], [ [ [ -75.92355507711946, 44.350454496572183 ], [ -75.923634639107561, 44.350701107680671 ], [ -75.922985707824395, 44.350980763930899 ], [ -75.923261193274271, 44.350654041777133 ], [ -75.92355507711946, 44.350454496572183 ] ] ], [ [ [ -75.916870008811159, 44.351324028772822 ], [ -75.917245005136607, 44.351187623790231 ], [ -75.916777875798985, 44.351717326283563 ], [ -75.916667961534088, 44.351651512232735 ], [ -75.916870008811159, 44.351324028772822 ] ] ], [ [ [ -75.897856900819761, 44.353097184364707 ], [ -75.90091866563354, 44.350119358382905 ], [ -75.902992499230464, 44.349407428434517 ], [ -75.902105052662961, 44.352149011643462 ], [ -75.900360654636927, 44.35140052619203 ], [ -75.897856900819761, 44.353097184364707 ] ] ], [ [ [ -75.915591783416971, 44.353006115819561 ], [ -75.917144857355481, 44.351689494486436 ], [ -75.917963342055245, 44.3524439770177 ], [ -75.917513633745926, 44.352996943246147 ], [ -75.915591783416971, 44.353006115819561 ] ] ], [ [ [ -75.915761131119396, 44.353758495759465 ], [ -75.916032483420622, 44.35348494271156 ], [ -75.916382753617896, 44.353592896743997 ], [ -75.916169233956339, 44.353951914123421 ], [ -75.915761131119396, 44.353758495759465 ] ] ], [ [ [ -75.895354293252865, 44.353766646268717 ], [ -75.895708337272652, 44.353906793227779 ], [ -75.895344115340706, 44.35418834573796 ], [ -75.895109138520283, 44.354018680729517 ], [ -75.895354293252865, 44.353766646268717 ] ] ], [ [ [ -75.921174290986585, 44.350898057553508 ], [ -75.921638233999914, 44.351717292238945 ], [ -75.919188903715906, 44.354284146366794 ], [ -75.919933628646007, 44.351805605819933 ], [ -75.921174290986585, 44.350898057553508 ] ] ], [ [ [ -75.916504044147572, 44.355344304399885 ], [ -75.916166975591693, 44.355274594945172 ], [ -75.916408094193741, 44.354982053142876 ], [ -75.916755015471637, 44.355172690105846 ], [ -75.916504044147572, 44.355344304399885 ] ] ], [ [ [ -75.894774556501133, 44.356334022748612 ], [ -75.894479565033166, 44.356148153522106 ], [ -75.8950306706802, 44.356037836022814 ], [ -75.895022043260212, 44.356234421118451 ], [ -75.894774556501133, 44.356334022748612 ] ] ], [ [ [ -75.860184565363355, 44.357411635790669 ], [ -75.860261311133016, 44.357210967747356 ], [ -75.860612539832687, 44.357163063100884 ], [ -75.860443538879977, 44.357412067408681 ], [ -75.860184565363355, 44.357411635790669 ] ] ], [ [ [ -75.914847654968213, 44.356077313285169 ], [ -75.916082322850912, 44.356235979984476 ], [ -75.914002032163708, 44.3578491650958 ], [ -75.913815117007601, 44.35757196368484 ], [ -75.914847654968213, 44.356077313285169 ] ] ], [ [ [ -75.896651782120031, 44.359127885151771 ], [ -75.897512694250651, 44.359013108193217 ], [ -75.89625169405204, 44.359951742107995 ], [ -75.896447174644379, 44.359611186135261 ], [ -75.896651782120031, 44.359127885151771 ] ] ], [ [ [ -75.85836348265309, 44.359617039092498 ], [ -75.858944249772463, 44.359598381304103 ], [ -75.858400405207888, 44.360326605468501 ], [ -75.858149968381412, 44.360002150574466 ], [ -75.85836348265309, 44.359617039092498 ] ] ], [ [ [ -75.919518073385461, 44.359010120347627 ], [ -75.920825063733361, 44.356156786068198 ], [ -75.923907554477395, 44.356674995350794 ], [ -75.918253220312593, 44.361546579430524 ], [ -75.919518073385461, 44.359010120347627 ] ] ], [ [ [ -75.896747424850005, 44.361471126057587 ], [ -75.897104888756076, 44.361988462421891 ], [ -75.896271780381795, 44.362543009675548 ], [ -75.89619141709646, 44.362367163588736 ], [ -75.896747424850005, 44.361471126057587 ] ] ], [ [ [ -75.889638058876812, 44.364761101886678 ], [ -75.889874309508315, 44.364793799906387 ], [ -75.889605753662551, 44.36504005011988 ], [ -75.889439857287456, 44.364938914929766 ], [ -75.889638058876812, 44.364761101886678 ] ] ], [ [ [ -75.908043643428059, 44.365058048557529 ], [ -75.906186003777307, 44.364518539359651 ], [ -75.906961536430074, 44.362866045301814 ], [ -75.905239133653765, 44.364268790101164 ], [ -75.904090815429456, 44.363010648749757 ], [ -75.905324836525139, 44.360347297051518 ], [ -75.909008445721312, 44.358339890448732 ], [ -75.907873772007846, 44.361570482440762 ], [ -75.909200712141583, 44.361493230815441 ], [ -75.909466832654601, 44.363943734730285 ], [ -75.908043643428059, 44.365058048557529 ] ] ], [ [ [ -75.914748383942793, 44.3655083808192 ], [ -75.91526745926005, 44.364937300423314 ], [ -75.916115160766111, 44.364573200466438 ], [ -75.915936715824813, 44.365267801297122 ], [ -75.914748383942793, 44.3655083808192 ] ] ], [ [ [ -75.876007503354259, 44.365494880489756 ], [ -75.876202257209528, 44.36586260055725 ], [ -75.875755039030167, 44.366156637006256 ], [ -75.875503950026797, 44.365796494780895 ], [ -75.876007503354259, 44.365494880489756 ] ] ], [ [ [ -75.862458659488254, 44.366252059724644 ], [ -75.862630261962025, 44.366292449080952 ], [ -75.862442931784258, 44.366538021907438 ], [ -75.862221330878384, 44.366371761589214 ], [ -75.862458659488254, 44.366252059724644 ] ] ], [ [ [ -75.87677572731387, 44.365796266800992 ], [ -75.877052711153624, 44.366110950103433 ], [ -75.876861564932526, 44.366653136685265 ], [ -75.876408271446891, 44.366539897098399 ], [ -75.87677572731387, 44.365796266800992 ] ] ], [ [ [ -75.885992689165647, 44.366467477437702 ], [ -75.886291526321315, 44.366700377899733 ], [ -75.885767074587093, 44.367074737634425 ], [ -75.885484332546355, 44.366822054211021 ], [ -75.885992689165647, 44.366467477437702 ] ] ], [ [ [ -75.891027272920979, 44.366054893659616 ], [ -75.891646239101178, 44.366142961507521 ], [ -75.890457713183068, 44.367035964550517 ], [ -75.890309313294765, 44.366665526405953 ], [ -75.891027272920979, 44.366054893659616 ] ] ], [ [ [ -75.880953174557703, 44.36743235787074 ], [ -75.881516551191496, 44.366068915963567 ], [ -75.883584779301074, 44.364448792653533 ], [ -75.881725548733939, 44.367121499440913 ], [ -75.880953174557703, 44.36743235787074 ] ] ], [ [ [ -75.906162043912062, 44.366719203605903 ], [ -75.904454119283187, 44.366754179651942 ], [ -75.904621479912194, 44.365110801814076 ], [ -75.906768746292002, 44.366010501341457 ], [ -75.906062334508789, 44.367359568133544 ], [ -75.905413041204568, 44.367568380190562 ], [ -75.906162043912062, 44.366719203605903 ] ] ], [ [ [ -75.919740456723943, 44.366815209796805 ], [ -75.926528624677417, 44.358668957732448 ], [ -75.926008264769294, 44.355986251940323 ], [ -75.924137334543914, 44.355663157185056 ], [ -75.926044121922175, 44.353203752310478 ], [ -75.928139993887982, 44.353872446700379 ], [ -75.926661719968223, 44.352789034409319 ], [ -75.928126571261004, 44.352629454602997 ], [ -75.92693191613769, 44.352238975401676 ], [ -75.92736667198912, 44.348927783880029 ], [ -75.9344793446609, 44.345594032436395 ], [ -75.932606745365689, 44.344893604123612 ], [ -75.928741294698142, 44.347188158173225 ], [ -75.9262512374941, 44.34652949966177 ], [ -75.930454711626652, 44.345410818960239 ], [ -75.928149398350683, 44.345135648515246 ], [ -75.929739493658701, 44.342411963650498 ], [ -75.931244429576083, 44.343123841723667 ], [ -75.930525662364431, 44.344720142440899 ], [ -75.931666847965403, 44.34469797674916 ], [ -75.931597144987549, 44.34247180812882 ], [ -75.92988318817153, 44.342263107714189 ], [ -75.931000582790517, 44.341139213568688 ], [ -75.929165669618143, 44.339705879629363 ], [ -75.939819314290318, 44.338001670568495 ], [ -75.935107809626928, 44.33752423414515 ], [ -75.938055918692655, 44.335079911713123 ], [ -75.934023933846134, 44.333543337682698 ], [ -75.935365120361965, 44.332415042545357 ], [ -75.934422616949007, 44.330903927725785 ], [ -75.938675705034711, 44.326393484936091 ], [ -75.944448973448175, 44.323439503108368 ], [ -75.942734094960699, 44.328260926328007 ], [ -75.94772462174123, 44.326585548328758 ], [ -75.95182068431528, 44.322966518770961 ], [ -75.950200872737668, 44.322932364909377 ], [ -75.952077712979317, 44.322035380626332 ], [ -75.951392596658209, 44.321123921544761 ], [ -75.955656156405183, 44.320085571550948 ], [ -75.954894436248225, 44.317579626687525 ], [ -75.970289861503829, 44.309453901296848 ], [ -75.978558178161052, 44.311775083796093 ], [ -75.977014862621459, 44.310335248217605 ], [ -75.979531595297871, 44.308467607769245 ], [ -75.976477389807201, 44.30833178061954 ], [ -75.976556304109963, 44.306584070107156 ], [ -76.015344076756335, 44.285670701254517 ], [ -76.020290138726935, 44.286350771224697 ], [ -76.030890487251625, 44.284954988294309 ], [ -76.03076853915519, 44.288524064601347 ], [ -76.033797999653046, 44.289645175584653 ], [ -76.028821681525343, 44.291397090896972 ], [ -76.024485793923276, 44.295202305070802 ], [ -76.031035972106864, 44.2940292950722 ], [ -76.028536240945499, 44.296362421558726 ], [ -76.039594136478698, 44.291860280776056 ], [ -76.043527884260698, 44.296732395528551 ], [ -76.028549320416047, 44.311479209951081 ], [ -76.025325545339086, 44.316486841643723 ], [ -76.026566819432375, 44.319238243012698 ], [ -76.024763451499496, 44.323523052192357 ], [ -76.038663532149997, 44.324332552819968 ], [ -76.041164065506891, 44.325753301217155 ], [ -76.044477487957636, 44.321363918138807 ], [ -76.051765653706681, 44.32108741887577 ], [ -76.057523613031066, 44.318914634634965 ], [ -76.056754501535949, 44.322647262550554 ], [ -76.054088123906268, 44.325664627712044 ], [ -76.044723081966424, 44.330880692698948 ], [ -76.036995996674605, 44.33230887053427 ], [ -76.038085029683458, 44.33346617440818 ], [ -76.035929452988924, 44.334460097520413 ], [ -76.035139700005203, 44.332977625953447 ], [ -76.030312315365094, 44.334970539563727 ], [ -76.032918901129491, 44.332965143649467 ], [ -76.030922686464677, 44.332301916708076 ], [ -76.030788046969889, 44.33029936422691 ], [ -76.028267511724891, 44.333428257452418 ], [ -76.01988928529434, 44.333929233493407 ], [ -76.017863123492901, 44.336298904548407 ], [ -76.011232532616688, 44.338280983276292 ], [ -76.009136405529361, 44.339912669415348 ], [ -76.010272471631509, 44.341167539292741 ], [ -76.009315702073536, 44.342610917555184 ], [ -76.002114763636911, 44.346046971532893 ], [ -75.992222516626484, 44.347000704039289 ], [ -75.99718924523853, 44.341562149403849 ], [ -75.993571888591177, 44.344740337798804 ], [ -75.991887285125401, 44.343913190351934 ], [ -75.99277514671455, 44.345128390416576 ], [ -75.99108797137211, 44.347043903044749 ], [ -75.984916337859389, 44.345890473664141 ], [ -75.982954563704254, 44.347327637350787 ], [ -75.980530635081536, 44.345552345258518 ], [ -75.978181859515487, 44.346226537979035 ], [ -75.97834079215049, 44.345033796070283 ], [ -75.975016086859796, 44.345514811933171 ], [ -75.976832559416025, 44.34416058962438 ], [ -75.974546510511317, 44.342817595588173 ], [ -75.973999219110993, 44.340142845318141 ], [ -75.978536437134551, 44.33963443550045 ], [ -75.983106922468025, 44.336660521463841 ], [ -75.98200336370104, 44.33576484132508 ], [ -75.986123708635532, 44.335267227911586 ], [ -75.990098406119742, 44.331640732068344 ], [ -75.996373742945508, 44.330882225893575 ], [ -76.000726055344231, 44.326617287644829 ], [ -76.005002812241045, 44.3260271109218 ], [ -76.004196346101466, 44.325048039692234 ], [ -76.006277417424641, 44.322943058879943 ], [ -76.008369823690089, 44.32305799901745 ], [ -76.006172347774054, 44.321066937087615 ], [ -75.998569865998689, 44.321779060159137 ], [ -76.003674113205989, 44.315765350604245 ], [ -75.995220453444404, 44.316768024337961 ], [ -75.994884479036557, 44.318090601916367 ], [ -75.987929773310896, 44.320595895118515 ], [ -75.983491429257384, 44.326276328476844 ], [ -75.97741971894699, 44.32867567767709 ], [ -75.979657636118745, 44.329947568624846 ], [ -75.975236031272274, 44.334755875405733 ], [ -75.974204081708166, 44.331680696124977 ], [ -75.959469024187584, 44.340212580480546 ], [ -75.958623902643026, 44.344159557875436 ], [ -75.954912803202518, 44.345289982153652 ], [ -75.954551448692968, 44.343123295002677 ], [ -75.945816942335895, 44.351121812356354 ], [ -75.944094361693146, 44.349697318083528 ], [ -75.941411855710854, 44.35045736473176 ], [ -75.935831147466729, 44.356039863775869 ], [ -75.928674608263009, 44.35706033619968 ], [ -75.922992041845475, 44.365186227380057 ], [ -75.919239276745458, 44.367698560320029 ], [ -75.919740456723943, 44.366815209796805 ] ] ], [ [ [ -75.875420847778173, 44.367685600565473 ], [ -75.875786330944777, 44.367699472852109 ], [ -75.875815074338917, 44.36806846599282 ], [ -75.875341083669142, 44.368126885626566 ], [ -75.875420847778173, 44.367685600565473 ] ] ], [ [ [ -75.902239653530202, 44.368510332541504 ], [ -75.900798948952257, 44.36724255774152 ], [ -75.903546059973166, 44.365716581038924 ], [ -75.902930125607043, 44.368417898941388 ], [ -75.902239653530202, 44.368510332541504 ] ] ], [ [ [ -75.888138368222343, 44.368562952971381 ], [ -75.888258649045653, 44.368831186583165 ], [ -75.887921374775587, 44.368926707690605 ], [ -75.887954299827385, 44.368688249793649 ], [ -75.888138368222343, 44.368562952971381 ] ] ], [ [ [ -75.886508229612247, 44.369025819609 ], [ -75.886379787594606, 44.368436074863823 ], [ -75.88730375247502, 44.368269305554982 ], [ -75.887236156944851, 44.368851043560952 ], [ -75.886508229612247, 44.369025819609 ] ] ], [ [ [ -75.863244151762586, 44.368907472351928 ], [ -75.863432838396434, 44.368979888353785 ], [ -75.862969018452304, 44.369393101392859 ], [ -75.862833858832971, 44.369121380855084 ], [ -75.863244151762586, 44.368907472351928 ] ] ], [ [ [ -75.885404067177404, 44.3697966317038 ], [ -75.885375245629831, 44.369206113211781 ], [ -75.885993052085013, 44.369215614602005 ], [ -75.885913220602347, 44.369647380395939 ], [ -75.885404067177404, 44.3697966317038 ] ] ], [ [ [ -75.872152383312439, 44.37120126217453 ], [ -75.871237336007852, 44.370416242460891 ], [ -75.874285313478666, 44.367986719378365 ], [ -75.873446435225318, 44.370430946322017 ], [ -75.872152383312439, 44.37120126217453 ] ] ], [ [ [ -75.864878118992422, 44.370837641019747 ], [ -75.865777528424559, 44.371026152926248 ], [ -75.865863187278492, 44.371430447043011 ], [ -75.864457882610949, 44.371709120790342 ], [ -75.864878118992422, 44.370837641019747 ] ] ], [ [ [ -75.896676717555664, 44.371059562149668 ], [ -75.898030555943961, 44.370663037977643 ], [ -75.898258060577874, 44.371207923067061 ], [ -75.897159649157473, 44.3716953419204 ], [ -75.896676717555664, 44.371059562149668 ] ] ], [ [ [ -75.862776629861173, 44.370653444353565 ], [ -75.863428013545047, 44.371139218810519 ], [ -75.862737562129468, 44.372063896999641 ], [ -75.8619441269514, 44.371402921275553 ], [ -75.862776629861173, 44.370653444353565 ] ] ], [ [ [ -75.901170102284937, 44.371753092046298 ], [ -75.901325944715381, 44.371776594696989 ], [ -75.901363615566808, 44.371984506795684 ], [ -75.901148762805377, 44.371956072033591 ], [ -75.901170102284937, 44.371753092046298 ] ] ], [ [ [ -75.870395332515642, 44.37198897344468 ], [ -75.870637273974467, 44.371956163215962 ], [ -75.870225873422115, 44.372207028463151 ], [ -75.87017476018076, 44.372119283090839 ], [ -75.870395332515642, 44.37198897344468 ] ] ], [ [ [ -75.863887235013223, 44.371655027566277 ], [ -75.864509547417882, 44.371854589191322 ], [ -75.864605539592503, 44.372173636589643 ], [ -75.863404124646706, 44.372225600685951 ], [ -75.863887235013223, 44.371655027566277 ] ] ], [ [ [ -75.861090241442895, 44.372448075846521 ], [ -75.861239298897999, 44.372535086779727 ], [ -75.860905749043127, 44.372775802763023 ], [ -75.860856469263268, 44.372585612201163 ], [ -75.861090241442895, 44.372448075846521 ] ] ], [ [ [ -75.899345435296681, 44.371980565407938 ], [ -75.899666893827842, 44.372421710875777 ], [ -75.89868124073854, 44.373226215671444 ], [ -75.89838408702569, 44.372509646505556 ], [ -75.899345435296681, 44.371980565407938 ] ] ], [ [ [ -75.900099674283965, 44.373682910734267 ], [ -75.899937274151952, 44.372526997314395 ], [ -75.901304739084779, 44.372534376591737 ], [ -75.901212525224238, 44.373536324462904 ], [ -75.900099674283965, 44.373682910734267 ] ] ], [ [ [ -75.849213312339302, 44.374880129299306 ], [ -75.849771568575989, 44.374442449795929 ], [ -75.850465227875461, 44.374664174267984 ], [ -75.84989993333852, 44.375051292264168 ], [ -75.849213312339302, 44.374880129299306 ] ] ], [ [ [ -75.894245399391437, 44.374818887318234 ], [ -75.892878185088577, 44.374586149484053 ], [ -75.896530708982652, 44.371666748411194 ], [ -75.896187023436426, 44.373769070964187 ], [ -75.894245399391437, 44.374818887318234 ] ] ], [ [ [ -75.848666524893872, 44.375422530712399 ], [ -75.848932254639735, 44.375425319956847 ], [ -75.849004434272814, 44.375593906549689 ], [ -75.848497560772074, 44.375681044437044 ], [ -75.848666524893872, 44.375422530712399 ] ] ], [ [ [ -75.89913559513451, 44.374870781005079 ], [ -75.899612313089492, 44.37498851007372 ], [ -75.898474896819465, 44.375752564056604 ], [ -75.898915403685336, 44.375022581605762 ], [ -75.89913559513451, 44.374870781005079 ] ] ], [ [ [ -75.890764938806882, 44.376430492334038 ], [ -75.893381534498459, 44.375047064708255 ], [ -75.893861496269935, 44.375717361590155 ], [ -75.892857302851482, 44.376432019842852 ], [ -75.890764938806882, 44.376430492334038 ] ] ], [ [ [ -75.891652191338267, 44.376791591360266 ], [ -75.89188370335664, 44.376961678400008 ], [ -75.891292411575392, 44.377048083572419 ], [ -75.891403184629709, 44.376797107437191 ], [ -75.891652191338267, 44.376791591360266 ] ] ], [ [ [ -75.897005616832317, 44.37527341638112 ], [ -75.89822658361031, 44.375194742610049 ], [ -75.896263005638104, 44.377101491217871 ], [ -75.896386214070887, 44.37581661611803 ], [ -75.897005616832317, 44.37527341638112 ] ] ], [ [ [ -75.892323352331431, 44.376700596241228 ], [ -75.892837601898961, 44.376874926379386 ], [ -75.892006242544568, 44.377310643512459 ], [ -75.892359794287572, 44.376803929496468 ], [ -75.892323352331431, 44.376700596241228 ] ] ], [ [ [ -75.858790449212677, 44.377413458825202 ], [ -75.859195594795693, 44.377410412205592 ], [ -75.859391829074582, 44.377656665237382 ], [ -75.858770079015301, 44.377837611575508 ], [ -75.858790449212677, 44.377413458825202 ] ] ], [ [ [ -75.890095191761958, 44.378128307616116 ], [ -75.889684723660864, 44.377347564484992 ], [ -75.890002630253406, 44.37711144334645 ], [ -75.890890613115133, 44.378005282704315 ], [ -75.890095191761958, 44.378128307616116 ] ] ], [ [ [ -75.852354845753695, 44.378531444512596 ], [ -75.852480706911535, 44.378332348018887 ], [ -75.852695816591151, 44.378229407191633 ], [ -75.85271501628371, 44.378473550829455 ], [ -75.852354845753695, 44.378531444512596 ] ] ], [ [ [ -75.85674580457426, 44.379320137112821 ], [ -75.857091186139769, 44.379317545804859 ], [ -75.857285888791083, 44.379459006268597 ], [ -75.856451776998625, 44.379655824808431 ], [ -75.85674580457426, 44.379320137112821 ] ] ], [ [ [ -75.858839690364988, 44.379418748622783 ], [ -75.859651843738604, 44.37908391991644 ], [ -75.860170106080545, 44.379546893450417 ], [ -75.859481758519365, 44.380171400610116 ], [ -75.858839690364988, 44.379418748622783 ] ] ], [ [ [ -75.855334926758715, 44.382789402030276 ], [ -75.857546395731902, 44.38037756866602 ], [ -75.858211431113148, 44.380950648678663 ], [ -75.857051402450779, 44.382509748653042 ], [ -75.855334926758715, 44.382789402030276 ] ] ], [ [ [ -75.883490581062063, 44.382305733080116 ], [ -75.884083903035858, 44.38200338972544 ], [ -75.884353191008586, 44.382461034569772 ], [ -75.883744538386139, 44.38262772302015 ], [ -75.883490581062063, 44.382305733080116 ] ] ], [ [ [ -75.849728210490497, 44.388711526012763 ], [ -75.850707227724797, 44.387041591907312 ], [ -75.852684805940711, 44.386203561147568 ], [ -75.852414059103978, 44.386856023613376 ], [ -75.849728210490497, 44.388711526012763 ] ] ], [ [ [ -75.841086502797225, 44.393505278251702 ], [ -75.841308619336047, 44.393472675856827 ], [ -75.840681182042715, 44.393967990746404 ], [ -75.840800235767304, 44.393697946602515 ], [ -75.841086502797225, 44.393505278251702 ] ] ], [ [ [ -75.840022393545951, 44.393869220163339 ], [ -75.840538951783785, 44.393987809673668 ], [ -75.839820848427124, 44.394585305841559 ], [ -75.839767593602133, 44.394055699526305 ], [ -75.840022393545951, 44.393869220163339 ] ] ], [ [ [ -75.846978499745163, 44.396684123192884 ], [ -75.84682163593024, 44.396404208847272 ], [ -75.847460009313863, 44.395977858713088 ], [ -75.847436968425143, 44.396154767585202 ], [ -75.846978499745163, 44.396684123192884 ] ] ], [ [ [ -75.846992428123642, 44.39718900659728 ], [ -75.847504863094315, 44.396398232477615 ], [ -75.848033150634791, 44.396326142430169 ], [ -75.847660719897789, 44.396993488352074 ], [ -75.846992428123642, 44.39718900659728 ] ] ], [ [ [ -75.846460859935732, 44.395922144089049 ], [ -75.846513973725209, 44.396725679639083 ], [ -75.845336528526119, 44.397440071181734 ], [ -75.845444629990794, 44.396704973949625 ], [ -75.846460859935732, 44.395922144089049 ] ] ], [ [ [ -75.851184828723689, 44.39411294425868 ], [ -75.853285044942197, 44.394530034073838 ], [ -75.848069713863495, 44.398328457744512 ], [ -75.847888052953479, 44.398172593095744 ], [ -75.851184828723689, 44.39411294425868 ] ] ], [ [ [ -75.847151117315207, 44.399032575164647 ], [ -75.847403577147716, 44.398684120140246 ], [ -75.847590353064959, 44.398733947144024 ], [ -75.847484454269377, 44.398993181407832 ], [ -75.847151117315207, 44.399032575164647 ] ] ], [ [ [ -75.822917240742683, 44.404814325968147 ], [ -75.823244846445334, 44.404606813472277 ], [ -75.8234562856087, 44.404671990434551 ], [ -75.823291009969481, 44.404818480138168 ], [ -75.822917240742683, 44.404814325968147 ] ] ], [ [ [ -75.83981442098127, 44.404808209268289 ], [ -75.840000691146997, 44.404862710190116 ], [ -75.839917042722689, 44.405430875249017 ], [ -75.839598272849173, 44.405062334472206 ], [ -75.83981442098127, 44.404808209268289 ] ] ], [ [ [ -75.85021540190337, 44.406742595422934 ], [ -75.850501133537364, 44.406783052471141 ], [ -75.850203433648858, 44.407064623562178 ], [ -75.850058975568004, 44.406934538012322 ], [ -75.85021540190337, 44.406742595422934 ] ] ], [ [ [ -75.819415738919218, 44.407966779355071 ], [ -75.820149024702502, 44.407175453326808 ], [ -75.821467361670742, 44.406982622710927 ], [ -75.820725433196131, 44.407947659519394 ], [ -75.819415738919218, 44.407966779355071 ] ] ], [ [ [ -75.834773148370317, 44.406892639065354 ], [ -75.835850298464564, 44.406816927093416 ], [ -75.833933332275805, 44.408474473072943 ], [ -75.833985270170601, 44.407920276700196 ], [ -75.834773148370317, 44.406892639065354 ] ] ], [ [ [ -75.836614186256327, 44.406865796102757 ], [ -75.838781458117509, 44.405734202059328 ], [ -75.84013808757139, 44.406842583488832 ], [ -75.837664391383612, 44.408486472757794 ], [ -75.836614186256327, 44.406865796102757 ] ] ], [ [ [ -75.836126772959574, 44.408726411390646 ], [ -75.836024354237395, 44.409467965355596 ], [ -75.835600709647707, 44.40935434781494 ], [ -75.835687742924023, 44.409165532572729 ], [ -75.836126772959574, 44.408726411390646 ] ] ], [ [ [ -75.808678075716827, 44.409957537561546 ], [ -75.808768290825867, 44.409752046744529 ], [ -75.809093748656679, 44.409978414390189 ], [ -75.808943266473534, 44.41015098467949 ], [ -75.808678075716827, 44.409957537561546 ] ] ], [ [ [ -75.806954108973599, 44.410250807775206 ], [ -75.807170870655042, 44.409822897142803 ], [ -75.807823363758274, 44.409425253241047 ], [ -75.807454815539927, 44.41023019863669 ], [ -75.806954108973599, 44.410250807775206 ] ] ], [ [ [ -75.813871656785864, 44.410652713401781 ], [ -75.812245614493463, 44.410593256207754 ], [ -75.816425020962939, 44.409899565868436 ], [ -75.815310537783787, 44.410526849275122 ], [ -75.813871656785864, 44.410652713401781 ] ] ], [ [ [ -75.839208262980364, 44.4105686365289 ], [ -75.839645657183794, 44.410713106140051 ], [ -75.838930759016066, 44.411086675612282 ], [ -75.838897162922748, 44.410890111632881 ], [ -75.839208262980364, 44.4105686365289 ] ] ], [ [ [ -75.807424717486342, 44.411607607999073 ], [ -75.807609223360856, 44.411491967498321 ], [ -75.80809758348191, 44.411481367326878 ], [ -75.807786240879167, 44.411797993920722 ], [ -75.807424717486342, 44.411607607999073 ] ] ], [ [ [ -75.801863426327088, 44.411773114221809 ], [ -75.802429150258732, 44.411411859441671 ], [ -75.803939835393948, 44.411503496842961 ], [ -75.803386361787844, 44.41172958755714 ], [ -75.801863426327088, 44.411773114221809 ] ] ], [ [ [ -75.811063267187862, 44.411824792909883 ], [ -75.81113186164464, 44.411738553291642 ], [ -75.811435591923669, 44.411834058299917 ], [ -75.810996384021692, 44.412034884418389 ], [ -75.811063267187862, 44.411824792909883 ] ] ], [ [ [ -75.804522854589749, 44.412603604171053 ], [ -75.804675675087566, 44.41246810998588 ], [ -75.804968153967664, 44.412634806020698 ], [ -75.804872819359829, 44.41276989491859 ], [ -75.804522854589749, 44.412603604171053 ] ] ], [ [ [ -75.801229018107151, 44.413115895046836 ], [ -75.801726677588022, 44.413055234643039 ], [ -75.802056494044578, 44.413114850395324 ], [ -75.801378345056818, 44.413586484276486 ], [ -75.801229018107151, 44.413115895046836 ] ] ], [ [ [ -75.826475397514486, 44.414345622393661 ], [ -75.826539307257079, 44.4136997830268 ], [ -75.828028018702113, 44.412966876088596 ], [ -75.827898773590604, 44.413926499219315 ], [ -75.826475397514486, 44.414345622393661 ] ] ], [ [ [ -75.845200914359268, 44.413044927360417 ], [ -75.844861793152972, 44.413850240666122 ], [ -75.844000561222103, 44.414385344611176 ], [ -75.844341820418748, 44.414063818777812 ], [ -75.845200914359268, 44.413044927360417 ] ] ], [ [ [ -75.816019373221664, 44.415002348683828 ], [ -75.816639835995147, 44.415407618567485 ], [ -75.815664465022593, 44.416486489860816 ], [ -75.815584318231245, 44.41574149517389 ], [ -75.816019373221664, 44.415002348683828 ] ] ], [ [ [ -75.795082939867612, 44.416886567602887 ], [ -75.797730681946732, 44.414804592828816 ], [ -75.798840851415889, 44.414621262136535 ], [ -75.797231392023619, 44.416634623371202 ], [ -75.795082939867612, 44.416886567602887 ] ] ], [ [ [ -75.797422669398742, 44.417531585778818 ], [ -75.797349116241591, 44.417377268575827 ], [ -75.797611983056669, 44.41727777140202 ], [ -75.797719651533356, 44.41747608737748 ], [ -75.797422669398742, 44.417531585778818 ] ] ], [ [ [ -75.816308115110189, 44.417472448052031 ], [ -75.816004391119364, 44.417141138238968 ], [ -75.81665405542779, 44.416538610965468 ], [ -75.816842946877529, 44.417454332266949 ], [ -75.816308115110189, 44.417472448052031 ] ] ], [ [ [ -75.78848069622849, 44.418456473101877 ], [ -75.788747580309519, 44.418530854688974 ], [ -75.788508664376565, 44.418806434282381 ], [ -75.788321313537523, 44.418714829497823 ], [ -75.78848069622849, 44.418456473101877 ] ] ], [ [ [ -75.813129566614506, 44.419143575251269 ], [ -75.813614164591158, 44.419076022483559 ], [ -75.813880387512128, 44.419187938191691 ], [ -75.81315619447615, 44.419747770802914 ], [ -75.813129566614506, 44.419143575251269 ] ] ], [ [ [ -75.807416722480298, 44.419616726671627 ], [ -75.807744877053608, 44.419552474236546 ], [ -75.806940108729904, 44.420522908630701 ], [ -75.806809001410826, 44.419894952252619 ], [ -75.807416722480298, 44.419616726671627 ] ] ], [ [ [ -75.80996012254424, 44.421404055303277 ], [ -75.810315302034539, 44.419686493637684 ], [ -75.809720210379609, 44.418952293169205 ], [ -75.811305915620835, 44.41907610460995 ], [ -75.812165743484911, 44.416986450423593 ], [ -75.812395769689829, 44.420157642720454 ], [ -75.80996012254424, 44.421404055303277 ] ] ], [ [ [ -75.808259465286014, 44.421680413069005 ], [ -75.808972324278031, 44.420190218696838 ], [ -75.809820495603006, 44.420159280085059 ], [ -75.808823303653867, 44.421546038308946 ], [ -75.808259465286014, 44.421680413069005 ] ] ], [ [ [ -75.808090205618498, 44.422385981031468 ], [ -75.808992915460976, 44.421805528202576 ], [ -75.809341477062574, 44.422015057117008 ], [ -75.808723099278865, 44.422726891769543 ], [ -75.808090205618498, 44.422385981031468 ] ] ], [ [ [ -75.801696596602426, 44.424633455296096 ], [ -75.802156295076017, 44.424706451615705 ], [ -75.801001986885382, 44.425126638833454 ], [ -75.801038617487734, 44.424888182101554 ], [ -75.801696596602426, 44.424633455296096 ] ] ], [ [ [ -75.811044057613842, 44.425304213373721 ], [ -75.811268574451091, 44.424714265060508 ], [ -75.812733572169279, 44.424413245554916 ], [ -75.812409957681439, 44.425046777845424 ], [ -75.811044057613842, 44.425304213373721 ] ] ], [ [ [ -75.797322444362493, 44.425330628303925 ], [ -75.797000290535308, 44.424555005049399 ], [ -75.79868242812563, 44.424705275653338 ], [ -75.798422054135486, 44.425223945247275 ], [ -75.797322444362493, 44.425330628303925 ] ] ], [ [ [ -75.774862400912951, 44.433375485503475 ], [ -75.774923695659737, 44.433737133788 ], [ -75.774213269305491, 44.434184625339931 ], [ -75.774357744454306, 44.433676658347878 ], [ -75.774862400912951, 44.433375485503475 ] ] ], [ [ [ -75.788890990954741, 44.434708060113984 ], [ -75.78654444860048, 44.434489376475227 ], [ -75.786481947416277, 44.431812440889821 ], [ -75.783983831425815, 44.430452821215084 ], [ -75.7934999565217, 44.419801492370155 ], [ -75.801114155023342, 44.416132457675594 ], [ -75.800332362909671, 44.418267449845551 ], [ -75.809044257772726, 44.414957016873039 ], [ -75.811398824777399, 44.416036036358591 ], [ -75.807142229668841, 44.417295311056293 ], [ -75.805700352789458, 44.420176599447665 ], [ -75.799969625892899, 44.422829220548309 ], [ -75.799959668067956, 44.424266355197766 ], [ -75.794763890618043, 44.424292510767096 ], [ -75.797705555169927, 44.428199717529907 ], [ -75.793807705863316, 44.430999521315364 ], [ -75.793524058320784, 44.433621689717725 ], [ -75.791968398132568, 44.434618634849151 ], [ -75.79145734387248, 44.433412814994362 ], [ -75.789986073218685, 44.435617438517042 ], [ -75.788890990954741, 44.434708060113984 ] ] ], [ [ [ -75.790403862589329, 44.436557180454891 ], [ -75.789116963961078, 44.435735051808294 ], [ -75.790825373680221, 44.435955030317047 ], [ -75.79179028017802, 44.435241513264046 ], [ -75.790403862589329, 44.436557180454891 ] ] ], [ [ [ -73.333949328425021, 44.426735036127511 ], [ -73.334937900140673, 44.42659640809493 ], [ -73.335705003002815, 44.427399833454892 ], [ -73.333056690493507, 44.427973391549585 ], [ -73.333949328425021, 44.426735036127511 ] ] ], [ [ [ -75.787089143869636, 44.438298678715725 ], [ -75.786082153995707, 44.437583869618315 ], [ -75.78640468421699, 44.436843230240413 ], [ -75.789232063301796, 44.436952355128277 ], [ -75.787089143869636, 44.438298678715725 ] ] ], [ [ [ -75.78903544723893, 44.439231696161606 ], [ -75.78872625071142, 44.438490648574316 ], [ -75.789868933803945, 44.437675255620512 ], [ -75.789717005333202, 44.438984021776683 ], [ -75.78903544723893, 44.439231696161606 ] ] ], [ [ [ -73.338703468928443, 44.42915401895781 ], [ -73.340139970289172, 44.42933695895703 ], [ -73.338449625690401, 44.430851845654594 ], [ -73.33803482950627, 44.429639440738271 ], [ -73.338703468928443, 44.42915401895781 ] ] ], [ [ [ -75.782520356352052, 44.437033178008271 ], [ -75.782191939470692, 44.438831453201907 ], [ -75.780622089494258, 44.440285682276894 ], [ -75.780199053962349, 44.439566213434759 ], [ -75.782520356352052, 44.437033178008271 ] ] ], [ [ [ -75.783174378387912, 44.439238647559179 ], [ -75.783383364252245, 44.439806193223085 ], [ -75.782399200569685, 44.440488830589018 ], [ -75.78262639977639, 44.440002600345899 ], [ -75.783174378387912, 44.439238647559179 ] ] ], [ [ [ -75.763359357817123, 44.440976481273069 ], [ -75.7631077145532, 44.441015135471872 ], [ -75.762813748062996, 44.440822915433927 ], [ -75.763832641512764, 44.440810150170797 ], [ -75.763359357817123, 44.440976481273069 ] ] ], [ [ [ -75.786748064336052, 44.441041171947745 ], [ -75.787069650427966, 44.441139183670352 ], [ -75.786608305342469, 44.441694984812855 ], [ -75.786353115529806, 44.441260836733846 ], [ -75.786748064336052, 44.441041171947745 ] ] ], [ [ [ -75.784495406708771, 44.442693280147665 ], [ -75.784300996908243, 44.44232778848118 ], [ -75.784952084148088, 44.442035094755994 ], [ -75.785051839365423, 44.442532245753213 ], [ -75.784495406708771, 44.442693280147665 ] ] ], [ [ [ -75.776310799561287, 44.444320757967148 ], [ -75.777529700214103, 44.442587059131313 ], [ -75.775073346901223, 44.443046635199366 ], [ -75.775179322053603, 44.441975663701697 ], [ -75.778679867171292, 44.439130841795354 ], [ -75.77965642122507, 44.441628651685264 ], [ -75.776310799561287, 44.444320757967148 ] ] ], [ [ [ -75.774553963461813, 44.445269688642803 ], [ -75.775207003639068, 44.444619008286395 ], [ -75.775987601891728, 44.444807379398682 ], [ -75.774893607487584, 44.445557988500184 ], [ -75.774553963461813, 44.445269688642803 ] ] ], [ [ [ -75.780674305866782, 44.445713567823162 ], [ -75.781979713383137, 44.445611740218084 ], [ -75.782030943405474, 44.446211652054266 ], [ -75.780828364243064, 44.446045994488664 ], [ -75.780674305866782, 44.445713567823162 ] ] ], [ [ [ -75.794109043030431, 44.446246579319059 ], [ -75.795157733598188, 44.445114982265864 ], [ -75.796196739428822, 44.445231606755947 ], [ -75.793578406395483, 44.447822381225436 ], [ -75.794109043030431, 44.446246579319059 ] ] ], [ [ [ -75.777428867018415, 44.45036447109446 ], [ -75.777331918138017, 44.449404380912689 ], [ -75.779878352710966, 44.448299284853732 ], [ -75.779667272873724, 44.449866593494953 ], [ -75.777428867018415, 44.45036447109446 ] ] ], [ [ [ -75.789292711261581, 44.450724760556191 ], [ -75.79006870744503, 44.448099204716179 ], [ -75.792997417392201, 44.445334852991543 ], [ -75.791588092763774, 44.448326883475552 ], [ -75.79184932733996, 44.449449373067743 ], [ -75.793535402246192, 44.448723073221537 ], [ -75.792801876612742, 44.450052553815368 ], [ -75.789292711261581, 44.450724760556191 ] ] ], [ [ [ -75.773634310494757, 44.45231150253219 ], [ -75.773798151524488, 44.452253224637026 ], [ -75.774048814726413, 44.45234799720523 ], [ -75.773678437538152, 44.452505335334429 ], [ -75.773634310494757, 44.45231150253219 ] ] ], [ [ [ -75.774577354693506, 44.453102452387455 ], [ -75.77480993031719, 44.453086583004172 ], [ -75.774402828203478, 44.453484753941083 ], [ -75.774335568643195, 44.453428042472254 ], [ -75.774577354693506, 44.453102452387455 ] ] ], [ [ [ -75.811775027540293, 44.453248107705946 ], [ -75.811289262652096, 44.452270179238525 ], [ -75.813337035224322, 44.451259943799258 ], [ -75.813484888936927, 44.451849624153553 ], [ -75.811775027540293, 44.453248107705946 ] ] ], [ [ [ -75.769940885407465, 44.453075973702163 ], [ -75.770309761510916, 44.45271085735866 ], [ -75.770738572311785, 44.453007997174872 ], [ -75.770143866034118, 44.453616390306834 ], [ -75.769940885407465, 44.453075973702163 ] ] ], [ [ [ -75.784334687324645, 44.457787054177622 ], [ -75.784255452323336, 44.458576035829736 ], [ -75.783741461470584, 44.458689135818823 ], [ -75.783898644187431, 44.458256917047827 ], [ -75.784334687324645, 44.457787054177622 ] ] ], [ [ [ -75.786274565943032, 44.458091057689415 ], [ -75.786535124087834, 44.457204390088165 ], [ -75.787659558803682, 44.456947638818043 ], [ -75.786367557744612, 44.458875132164579 ], [ -75.786274565943032, 44.458091057689415 ] ] ], [ [ [ -75.779154015046231, 44.458896337759569 ], [ -75.778850094324369, 44.458300531536302 ], [ -75.780074703770822, 44.458103996784239 ], [ -75.779537119565461, 44.458943744960628 ], [ -75.779154015046231, 44.458896337759569 ] ] ], [ [ [ -75.778354206321239, 44.45877554533498 ], [ -75.778722578469782, 44.459216083959838 ], [ -75.778209865919706, 44.459676919885759 ], [ -75.77813740960552, 44.458979492367902 ], [ -75.778354206321239, 44.45877554533498 ] ] ], [ [ [ -75.784453847948768, 44.460029829175895 ], [ -75.784279969144066, 44.459711837816073 ], [ -75.784995686575314, 44.45926387111588 ], [ -75.784572517194448, 44.459950408277649 ], [ -75.784453847948768, 44.460029829175895 ] ] ], [ [ [ -75.774095712174145, 44.46030466235041 ], [ -75.774795588713687, 44.460664361534477 ], [ -75.774249102203854, 44.461089678444054 ], [ -75.773755193189274, 44.460711908354227 ], [ -75.774095712174145, 44.46030466235041 ] ] ], [ [ [ -75.781577707412026, 44.462910082924552 ], [ -75.782410315424698, 44.462206811577907 ], [ -75.782829938256853, 44.462083255634944 ], [ -75.781950373507655, 44.463050251354993 ], [ -75.781577707412026, 44.462910082924552 ] ] ], [ [ [ -75.798752048458468, 44.469554646617432 ], [ -75.798718403856142, 44.470520320459293 ], [ -75.798055696009783, 44.470641987972044 ], [ -75.798494466432231, 44.470233595165325 ], [ -75.798752048458468, 44.469554646617432 ] ] ], [ [ [ -75.798625067101483, 44.471228290477164 ], [ -75.799255747313012, 44.470788090578743 ], [ -75.798319762974074, 44.472087026309076 ], [ -75.79823836932114, 44.472052287576766 ], [ -75.798625067101483, 44.471228290477164 ] ] ], [ [ [ -75.802498082482074, 44.473107196834981 ], [ -75.802840407080637, 44.473326315389777 ], [ -75.802398168262897, 44.473584295249552 ], [ -75.802374750980064, 44.473331969798998 ], [ -75.802498082482074, 44.473107196834981 ] ] ], [ [ [ -75.798382342311726, 44.474522354649665 ], [ -75.799245952083155, 44.473449186649233 ], [ -75.799943803820057, 44.473394279801063 ], [ -75.799167442920591, 44.474521627751486 ], [ -75.798382342311726, 44.474522354649665 ] ] ], [ [ [ -75.776768965509021, 44.475131345367096 ], [ -75.777321507562192, 44.475289060544632 ], [ -75.777416666998548, 44.475555695380955 ], [ -75.777036870076188, 44.47576551231036 ], [ -75.776768965509021, 44.475131345367096 ] ] ], [ [ [ -75.776935399076663, 44.476642771096664 ], [ -75.777313229586824, 44.476785501233778 ], [ -75.776600440663387, 44.47722387078268 ], [ -75.776627125118921, 44.476978345167083 ], [ -75.776935399076663, 44.476642771096664 ] ] ], [ [ [ -75.797486815398244, 44.478627997860244 ], [ -75.798022578718516, 44.476928286145835 ], [ -75.801026832489512, 44.47636135245812 ], [ -75.799751412533965, 44.478793193167633 ], [ -75.797486815398244, 44.478627997860244 ] ] ], [ [ [ -75.795634506350382, 44.47957693639777 ], [ -75.796695775128725, 44.478578918998785 ], [ -75.795717836771075, 44.480464937696347 ], [ -75.793994420695114, 44.480942571382784 ], [ -75.795634506350382, 44.47957693639777 ] ] ], [ [ [ -75.778407651589063, 44.497098329034934 ], [ -75.778259522991974, 44.496525376599934 ], [ -75.778886669231156, 44.496268459962181 ], [ -75.778842551170925, 44.497073288938886 ], [ -75.778407651589063, 44.497098329034934 ] ] ], [ [ [ -75.761994230300658, 44.501871904945432 ], [ -75.762193522444761, 44.501799993654323 ], [ -75.762275151456322, 44.502014993658136 ], [ -75.761967179332501, 44.502183367882871 ], [ -75.761994230300658, 44.501871904945432 ] ] ], [ [ [ -75.761966383425175, 44.50743273277952 ], [ -75.762281727124176, 44.507117314353543 ], [ -75.762655412807646, 44.507178027661119 ], [ -75.762085512608252, 44.507634405280669 ], [ -75.761966383425175, 44.50743273277952 ] ] ], [ [ [ -75.755627626438667, 44.510311769389496 ], [ -75.75602100409148, 44.510356804927433 ], [ -75.755622868960927, 44.510973987712525 ], [ -75.755371512259572, 44.51058500768405 ], [ -75.755627626438667, 44.510311769389496 ] ] ], [ [ [ -75.754186492466019, 44.514087182167657 ], [ -75.754462456717931, 44.514318792223726 ], [ -75.75436443884233, 44.514462357711736 ], [ -75.754128785590481, 44.514259065140735 ], [ -75.754186492466019, 44.514087182167657 ] ] ], [ [ [ -73.37323500938561, 44.494623710823014 ], [ -73.378649523013948, 44.495623492678391 ], [ -73.380968360426522, 44.498613766975751 ], [ -73.377828092738355, 44.50562727545725 ], [ -73.375588987095469, 44.505338868600205 ], [ -73.370169839956901, 44.500017605409404 ], [ -73.37323500938561, 44.494623710823014 ] ] ], [ [ [ -75.722652978658274, 44.545989984805772 ], [ -75.722872445167027, 44.544211064040567 ], [ -75.724242231346537, 44.54387784495129 ], [ -75.724066784981659, 44.545174144582781 ], [ -75.722652978658274, 44.545989984805772 ] ] ], [ [ [ -75.674107376612398, 44.577331480324524 ], [ -75.674359384592307, 44.575962187635035 ], [ -75.675732924831422, 44.576788675120874 ], [ -75.674607319610743, 44.577381711643028 ], [ -75.674107376612398, 44.577331480324524 ] ] ], [ [ [ -75.659017194398757, 44.592294615695991 ], [ -75.659187539231127, 44.592205200983301 ], [ -75.660003236458579, 44.592360347007244 ], [ -75.658787586808771, 44.592615653260438 ], [ -75.659017194398757, 44.592294615695991 ] ] ], [ [ [ -73.410218607412006, 44.603645477585353 ], [ -73.410005262921899, 44.60339993894749 ], [ -73.410308379651596, 44.602966705135849 ], [ -73.410583344976914, 44.603469409506936 ], [ -73.410218607412006, 44.603645477585353 ] ] ], [ [ [ -73.402683489401454, 44.624966401207381 ], [ -73.402482555137027, 44.624851458935716 ], [ -73.402881507734477, 44.624605214588058 ], [ -73.402891112521502, 44.624887367391288 ], [ -73.402683489401454, 44.624966401207381 ] ] ], [ [ [ -73.403611011610408, 44.62888797138794 ], [ -73.403908003626483, 44.628518164421855 ], [ -73.404163895023373, 44.627725756828127 ], [ -73.40404112766339, 44.629502561547383 ], [ -73.403611011610408, 44.62888797138794 ] ] ], [ [ [ -73.414995141118808, 44.63593670657211 ], [ -73.411124529629944, 44.635054008263467 ], [ -73.411878431748988, 44.633342379545752 ], [ -73.410616016703798, 44.632113852579153 ], [ -73.407720662999765, 44.631990146622748 ], [ -73.40928293838175, 44.628162760758492 ], [ -73.404573039906055, 44.628230435277729 ], [ -73.406188569214706, 44.625994948587305 ], [ -73.40537952580857, 44.624815326045855 ], [ -73.4098509089999, 44.622662508788835 ], [ -73.408631191778483, 44.621162776153987 ], [ -73.406235200761103, 44.622158343945138 ], [ -73.404709788645135, 44.62104731739516 ], [ -73.409070551495731, 44.619271707884515 ], [ -73.409501069095654, 44.617794965258412 ], [ -73.407742974456468, 44.61743255682785 ], [ -73.410855052112694, 44.612904696382742 ], [ -73.408776911992291, 44.610792770621401 ], [ -73.410024604548283, 44.609667500058094 ], [ -73.422486087170199, 44.60764365173408 ], [ -73.423568841853509, 44.616186403146074 ], [ -73.425622594510585, 44.616879799814463 ], [ -73.423620314420958, 44.618723997399599 ], [ -73.424058410208616, 44.62112747921018 ], [ -73.427027010744311, 44.622155274921575 ], [ -73.430720346000058, 44.620816977840853 ], [ -73.431883578054723, 44.623271657351083 ], [ -73.430441666141036, 44.624359150133493 ], [ -73.42801310670302, 44.623182535188647 ], [ -73.428355503166841, 44.626357008200934 ], [ -73.425895720984499, 44.625389896108992 ], [ -73.423532451101352, 44.627518734873959 ], [ -73.425491222188469, 44.632850144035402 ], [ -73.422271826398514, 44.633020239933764 ], [ -73.421230861342224, 44.63571931234663 ], [ -73.414995141118808, 44.63593670657211 ] ] ], [ [ [ -73.417582343036003, 44.658715842751192 ], [ -73.419755243740767, 44.659808261672033 ], [ -73.417174948969802, 44.665292671162995 ], [ -73.415332307591044, 44.662662402593135 ], [ -73.417582343036003, 44.658715842751192 ] ] ], [ [ [ -75.441157103347535, 44.740442368273079 ], [ -75.442202341689637, 44.740776551246668 ], [ -75.439442844697581, 44.741787589465517 ], [ -75.439519188920315, 44.741277575472608 ], [ -75.441157103347535, 44.740442368273079 ] ] ], [ [ [ -75.392153203301575, 44.762600000218043 ], [ -75.392464794737649, 44.762698967948808 ], [ -75.392597642093435, 44.762799840067665 ], [ -75.392246627192804, 44.762884183334172 ], [ -75.392153203301575, 44.762600000218043 ] ] ], [ [ [ -75.384387634182985, 44.771740499579224 ], [ -75.383477744106429, 44.769276464802417 ], [ -75.384689495067917, 44.768580708558495 ], [ -75.3852738527535, 44.770979654824202 ], [ -75.384387634182985, 44.771740499579224 ] ] ], [ [ [ -75.411506182592504, 44.76702648179274 ], [ -75.417497164003294, 44.763236631422842 ], [ -75.414301824198333, 44.766153035364724 ], [ -75.415038367272814, 44.768643996520758 ], [ -75.413385072789623, 44.771692908293673 ], [ -75.40567975547377, 44.771405317732352 ], [ -75.411506182592504, 44.76702648179274 ] ] ], [ [ [ -75.365250227204044, 44.779952933716871 ], [ -75.374140978436799, 44.774569271447803 ], [ -75.375415955522911, 44.77880526017114 ], [ -75.380952975101494, 44.777138678788035 ], [ -75.380196131898217, 44.772896728863124 ], [ -75.381702769224745, 44.770920827857587 ], [ -75.382315837965137, 44.77596149916301 ], [ -75.382948349841513, 44.773440124193016 ], [ -75.38768446475045, 44.773362804161387 ], [ -75.389437013191056, 44.771684188598577 ], [ -75.38597435362216, 44.771905547787263 ], [ -75.389338101491759, 44.771251670811282 ], [ -75.38843405136285, 44.763520750814372 ], [ -75.394652784444247, 44.763670474025382 ], [ -75.39528633656974, 44.762421463949593 ], [ -75.405475529782152, 44.760669899442249 ], [ -75.406661193667773, 44.758690582154387 ], [ -75.410564570308324, 44.757007463408513 ], [ -75.415465710226528, 44.752402261912337 ], [ -75.416136703234727, 44.751813879466681 ], [ -75.416317848511781, 44.751903730876776 ], [ -75.410186353522562, 44.75741373923718 ], [ -75.412567033654241, 44.757661141226166 ], [ -75.414815241925922, 44.754778526508495 ], [ -75.418153498302701, 44.754576148699726 ], [ -75.418312873807139, 44.75008264765772 ], [ -75.416311984309601, 44.751657228630719 ], [ -75.418323494588748, 44.749701510045178 ], [ -75.420201094805122, 44.749580286626681 ], [ -75.418734046233155, 44.755320600851505 ], [ -75.404155532727245, 44.76701760322311 ], [ -75.383560324433873, 44.77689883948014 ], [ -75.371188059791038, 44.780757911207743 ], [ -75.361496882690673, 44.787277171829849 ], [ -75.361086391233385, 44.78473941405943 ], [ -75.365250227204044, 44.779952933716871 ] ] ], [ [ [ -75.20215429161702, 44.871793873010091 ], [ -75.213799572158308, 44.867835303257621 ], [ -75.221227027980348, 44.867290030505657 ], [ -75.229935377192987, 44.860818292919511 ], [ -75.235850605472478, 44.860702704942526 ], [ -75.241478692661289, 44.863625643227877 ], [ -75.236660063900274, 44.866250852627239 ], [ -75.230196459953888, 44.865390856100092 ], [ -75.225825179627947, 44.867055977696303 ], [ -75.222674706179845, 44.868889597323758 ], [ -75.220202365549838, 44.874007602024001 ], [ -75.213836486628267, 44.876522289978226 ], [ -75.210008631353645, 44.87479198285039 ], [ -75.208657469944924, 44.872255859430481 ], [ -75.203801547624863, 44.872003566580076 ], [ -75.202193793235011, 44.87269058612862 ], [ -75.201648011902677, 44.876706499696112 ], [ -75.197339370203153, 44.879477677212599 ], [ -75.196406675494813, 44.878633086106177 ], [ -75.20215429161702, 44.871793873010091 ] ] ], [ [ [ -75.16002976008545, 44.88985672824569 ], [ -75.16053939321074, 44.88997986675637 ], [ -75.160729467741717, 44.890856106255988 ], [ -75.159924825182159, 44.890680982124977 ], [ -75.16002976008545, 44.88985672824569 ] ] ], [ [ [ -75.164983926656546, 44.89111347774066 ], [ -75.165532736209698, 44.889240127368552 ], [ -75.166965611969943, 44.888590471535245 ], [ -75.166393317760324, 44.891286247114643 ], [ -75.164983926656546, 44.89111347774066 ] ] ], [ [ [ -75.126668126165512, 44.896891120819795 ], [ -75.125167546178929, 44.896428322305482 ], [ -75.130043066145205, 44.895317954292821 ], [ -75.131149284823749, 44.895501279105702 ], [ -75.126668126165512, 44.896891120819795 ] ] ], [ [ [ -75.000483275696809, 44.941882426984797 ], [ -75.000641711563475, 44.939838850089046 ], [ -75.002012420312795, 44.938771792559422 ], [ -75.001516190949829, 44.941796673805797 ], [ -75.000483275696809, 44.941882426984797 ] ] ], [ [ [ -74.994579541361361, 44.951863476409891 ], [ -74.991775534643637, 44.951105901533765 ], [ -74.992070857589908, 44.949957901332766 ], [ -74.99402957567645, 44.950658266116015 ], [ -74.992843957604904, 44.945608214834742 ], [ -74.991461797132331, 44.948166158497344 ], [ -74.989087053966358, 44.94878998485747 ], [ -74.989751994126195, 44.944050289072024 ], [ -74.993887622996922, 44.940868224538043 ], [ -74.995949680578804, 44.94466517796252 ], [ -74.994579541361361, 44.951863476409891 ] ] ], [ [ [ -74.963081799366563, 44.956344254336273 ], [ -74.964402077594144, 44.958334468113009 ], [ -74.961322587223165, 44.958534911870672 ], [ -74.962987081003007, 44.957577986838608 ], [ -74.963081799366563, 44.956344254336273 ] ] ], [ [ [ -74.958015560777241, 44.958366872479232 ], [ -74.958542429877909, 44.958357009481247 ], [ -74.959462576918369, 44.958986833126367 ], [ -74.95816809381418, 44.958954187559605 ], [ -74.958015560777241, 44.958366872479232 ] ] ], [ [ [ -74.922883815454568, 44.965526170291078 ], [ -74.927816879701325, 44.964557628729565 ], [ -74.929178687942809, 44.964801422490083 ], [ -74.928748132613649, 44.96570623114313 ], [ -74.922883815454568, 44.965526170291078 ] ] ], [ [ [ -74.964910708199582, 44.970932988009245 ], [ -74.965437264686543, 44.967719938536142 ], [ -74.967782620366293, 44.968070761661984 ], [ -74.968280906871243, 44.970065022521567 ], [ -74.964910708199582, 44.970932988009245 ] ] ], [ [ [ -74.90822018298222, 44.970815969575106 ], [ -74.910764299003432, 44.970305903738677 ], [ -74.911144520828913, 44.970491193360999 ], [ -74.908752220090719, 44.971735762297975 ], [ -74.90822018298222, 44.970815969575106 ] ] ], [ [ [ -74.939745332576365, 44.971245536792281 ], [ -74.94057721834352, 44.971474623502729 ], [ -74.940153127291154, 44.972741507266683 ], [ -74.939415311303904, 44.972383851733653 ], [ -74.939745332576365, 44.971245536792281 ] ] ], [ [ [ -74.958400474503449, 44.97376283093422 ], [ -74.955868497416674, 44.973841545911974 ], [ -74.95325732036288, 44.966823467308053 ], [ -74.95583891409774, 44.966428407409133 ], [ -74.961455195627096, 44.96891460455133 ], [ -74.959607767126158, 44.974730265746452 ], [ -74.958400474503449, 44.97376283093422 ] ] ], [ [ [ -74.888590416582574, 44.9745310097397 ], [ -74.889267263911506, 44.975034223096557 ], [ -74.889316630827935, 44.975536825158144 ], [ -74.888836865787525, 44.975493486950903 ], [ -74.888590416582574, 44.9745310097397 ] ] ], [ [ [ -74.881545201100437, 44.975706752454386 ], [ -74.88112352382123, 44.975614695060955 ], [ -74.880897385524875, 44.975355243328671 ], [ -74.881920441767662, 44.975416640637469 ], [ -74.881545201100437, 44.975706752454386 ] ] ], [ [ [ -74.890225827405089, 44.975330885452024 ], [ -74.890394598389094, 44.973722807404933 ], [ -74.896458110674232, 44.972919202362398 ], [ -74.891885377755926, 44.976106544972993 ], [ -74.890225827405089, 44.975330885452024 ] ] ], [ [ [ -74.887470872295111, 44.975632673920146 ], [ -74.887772707128917, 44.975718715253016 ], [ -74.887929593401694, 44.976142824560249 ], [ -74.887490073784321, 44.976109048087949 ], [ -74.887470872295111, 44.975632673920146 ] ] ], [ [ [ -74.961735103483107, 44.982135365313979 ], [ -74.960850723763997, 44.979791401419725 ], [ -74.965921514116843, 44.973910042674447 ], [ -74.974344735363346, 44.971797228304673 ], [ -74.983865305323278, 44.96455889166203 ], [ -74.994317277315858, 44.963161362630217 ], [ -74.995517629554698, 44.9649643176136 ], [ -74.994785789160716, 44.970013657793871 ], [ -74.996509949041737, 44.971777065875514 ], [ -74.992537691381813, 44.97056610472719 ], [ -74.985775110142569, 44.973234720823505 ], [ -74.9738637575973, 44.981738646993172 ], [ -74.972031262689669, 44.982043079329365 ], [ -74.969705284568875, 44.979357720238198 ], [ -74.96791057819199, 44.981256011854093 ], [ -74.966406424707216, 44.979994194359733 ], [ -74.964842608714534, 44.982336433111008 ], [ -74.961735103483107, 44.982135365313979 ] ] ], [ [ [ -74.885896801135146, 44.98447447821993 ], [ -74.887388606378025, 44.98360899300414 ], [ -74.887868719964771, 44.985229071037672 ], [ -74.886376927298301, 44.986070743314528 ], [ -74.885896801135146, 44.98447447821993 ] ] ], [ [ [ -74.895555462815494, 44.98609785662817 ], [ -74.893482022680658, 44.985724385075798 ], [ -74.895068935257612, 44.980511678350219 ], [ -74.897674072937761, 44.979961471152208 ], [ -74.900821567572379, 44.976234389253442 ], [ -74.910743797652017, 44.974299045666264 ], [ -74.919448930895939, 44.96883695752669 ], [ -74.942854126890211, 44.966099715326862 ], [ -74.936833299852452, 44.967825715757428 ], [ -74.93856772747715, 44.974279293372128 ], [ -74.934848226093777, 44.975687242760856 ], [ -74.931876158959426, 44.980520510699328 ], [ -74.930443461963932, 44.977528138448832 ], [ -74.932178975651809, 44.968464141284038 ], [ -74.93106992907677, 44.968159688332349 ], [ -74.929059035940213, 44.976329731653031 ], [ -74.925344758260252, 44.973431124764907 ], [ -74.922461525524341, 44.973603194843101 ], [ -74.918305968427333, 44.977475323943459 ], [ -74.915751280133549, 44.975868152480309 ], [ -74.91009945675998, 44.980794115867255 ], [ -74.905740980121763, 44.980290429467431 ], [ -74.903623231483849, 44.98241320343385 ], [ -74.902464322122341, 44.981078426465984 ], [ -74.898757797801579, 44.98147756963256 ], [ -74.896810577252367, 44.986156159675851 ], [ -74.895555462815494, 44.98609785662817 ] ] ], [ [ [ -74.876206255550429, 44.986325751165573 ], [ -74.875830033922924, 44.983367182175265 ], [ -74.876954107516042, 44.981891699874737 ], [ -74.877873478412113, 44.988290125159971 ], [ -74.876206255550429, 44.986325751165573 ] ] ], [ [ [ -74.885005505286657, 44.990194596133435 ], [ -74.883034007766895, 44.985867299655503 ], [ -74.883838376340293, 44.983095738183003 ], [ -74.886290319823473, 44.988852564458668 ], [ -74.885005505286657, 44.990194596133435 ] ] ], [ [ [ -74.888316703508764, 44.991086648161534 ], [ -74.892619837637284, 44.985634140575108 ], [ -74.895946593781773, 44.988405198124461 ], [ -74.894649506461576, 44.99157616467766 ], [ -74.888316703508764, 44.991086648161534 ] ] ], [ [ [ -74.874018003535767, 44.993724465365368 ], [ -74.873796633496923, 44.993648004323056 ], [ -74.873301191058175, 44.993618031393815 ], [ -74.873837623623345, 44.993324129287771 ], [ -74.874018003535767, 44.993724465365368 ] ] ], [ [ [ -74.872381645888936, 44.996564763351664 ], [ -74.870806399732587, 44.995472143383971 ], [ -74.872917611330166, 44.994035924945237 ], [ -74.873875254050603, 44.995113545247243 ], [ -74.872381645888936, 44.996564763351664 ] ] ], [ [ [ -74.883386552498465, 44.998803164466217 ], [ -74.875059096152825, 44.996569438739272 ], [ -74.874608699733983, 44.993758460158887 ], [ -74.876529035503381, 44.994481432375139 ], [ -74.876211484643704, 44.9924008145776 ], [ -74.891859957230011, 44.994976857040484 ], [ -74.889451577546552, 44.995582357483727 ], [ -74.887851165985822, 44.998864797739387 ], [ -74.883386552498465, 44.998803164466217 ] ] ], [ [ [ -74.833574174985017, 45.012923994237575 ], [ -74.829301985123109, 45.012110367945127 ], [ -74.827732246537749, 45.009311824342269 ], [ -74.816938912042261, 45.005770025757485 ], [ -74.803139438212, 45.005994776895363 ], [ -74.799209366336143, 45.002710628707064 ], [ -74.802358096154293, 45.000844054645242 ], [ -74.815283310685416, 44.999634794222082 ], [ -74.826117404440311, 44.991506160489635 ], [ -74.83422924535482, 44.999641879341468 ], [ -74.834059590428581, 44.998253614327709 ], [ -74.840094428489834, 44.999778931828082 ], [ -74.852967196679757, 44.994513933210108 ], [ -74.862468616354434, 44.998464751025409 ], [ -74.859927900456583, 44.999647781701292 ], [ -74.859261779910469, 45.002976669774434 ], [ -74.857994144755153, 45.001316752461172 ], [ -74.859348063991817, 45.000642647146329 ], [ -74.857805086218789, 45.000131039480735 ], [ -74.856261716780281, 45.002472763516465 ], [ -74.852580065911425, 45.000885830800961 ], [ -74.851655208105612, 45.002662176919401 ], [ -74.848880410109317, 45.002412364464327 ], [ -74.843602210435463, 45.008520096787727 ], [ -74.833574174985017, 45.012923994237575 ] ] ], [ [ [ -79.050677351209444, 43.251228055607839 ], [ -79.05386930436579, 43.257609904296352 ], [ -79.05943508260988, 43.261121170691546 ], [ -79.064100322239526, 43.26123113816751 ], [ -79.064553473791321, 43.26294724759839 ], [ -79.021490112058004, 43.27353469452855 ], [ -78.983110550046419, 43.278575428888935 ], [ -78.962913156185024, 43.283373147761203 ], [ -78.925609456981888, 43.294846243797529 ], [ -78.852955455042363, 43.311585647753496 ], [ -78.836363541201948, 43.318223688739963 ], [ -78.829280044013984, 43.317951897017061 ], [ -78.807410320368547, 43.32329914938105 ], [ -78.775595453315532, 43.327106221546728 ], [ -78.729689822921543, 43.338535788509674 ], [ -78.697444521811917, 43.340893605761948 ], [ -78.636475944327088, 43.357549024016961 ], [ -78.596634237646683, 43.361569873840871 ], [ -78.532827985485596, 43.371176978276942 ], [ -78.508989115211477, 43.371906593687982 ], [ -78.486624007517776, 43.375089892213019 ], [ -78.471684150282101, 43.370652859693706 ], [ -78.45396746934918, 43.372624492248598 ], [ -78.438803786080669, 43.372098138570529 ], [ -78.413686331984579, 43.375018354371115 ], [ -78.370785367688327, 43.37632328525882 ], [ -78.361326109543171, 43.373755270100936 ], [ -78.326844717536744, 43.372451510267048 ], [ -78.31039629069835, 43.373655902776299 ], [ -78.300812192779844, 43.371260372649516 ], [ -78.260031488811038, 43.372652048334338 ], [ -78.252847665975509, 43.371859519863321 ], [ -78.24797883666146, 43.369294217064841 ], [ -78.235427528799349, 43.368821338472394 ], [ -78.208678134072684, 43.371805494851877 ], [ -78.195608313238679, 43.37088594238697 ], [ -78.191574022416845, 43.372460814065342 ], [ -78.182629993002877, 43.370207663820686 ], [ -78.159312577683238, 43.374884533541241 ], [ -78.102451339324219, 43.375525363676651 ], [ -78.064683873177543, 43.369985510015837 ], [ -78.039174129288469, 43.371080540024501 ], [ -78.033690212719591, 43.367623403882376 ], [ -78.025795824290938, 43.366550041159449 ], [ -78.007143517446892, 43.368298926809253 ], [ -77.995081420410415, 43.364853562433694 ], [ -77.976653245026384, 43.368790849197971 ], [ -77.970853993741628, 43.366651671850683 ], [ -77.961966910330176, 43.367702694207559 ], [ -77.928934766778355, 43.357631920484778 ], [ -77.905344202526877, 43.356710144684811 ], [ -77.901611687249996, 43.35464597600258 ], [ -77.879142032725213, 43.349814154340002 ], [ -77.850148215227492, 43.347205952461223 ], [ -77.844109128134932, 43.347880748325643 ], [ -77.82800479737287, 43.34287701119878 ], [ -77.815906983320687, 43.343555050480226 ], [ -77.799463849355945, 43.339928039786884 ], [ -77.781792357275094, 43.338970003344961 ], [ -77.767165808155994, 43.341741200806119 ], [ -77.760400261577999, 43.341325577857752 ], [ -77.752336565871133, 43.335559241092952 ], [ -77.732295468089404, 43.330793851776235 ], [ -77.724073871013474, 43.325977815566084 ], [ -77.713844546464045, 43.323357632097689 ], [ -77.713993788972104, 43.31773845233819 ], [ -77.714691639810667, 43.319012817949194 ], [ -77.717723242790498, 43.316957513017599 ], [ -77.722278604986158, 43.31817452366063 ], [ -77.727735798471954, 43.315424411194627 ], [ -77.719247457452184, 43.312558262128725 ], [ -77.720980690317575, 43.311335386906556 ], [ -77.716351320417232, 43.305715036497155 ], [ -77.712376399252506, 43.307609712091555 ], [ -77.70913006119055, 43.305934432905225 ], [ -77.7035855730187, 43.307966513325951 ], [ -77.706976776996626, 43.310366127797003 ], [ -77.709453671186822, 43.309887373779446 ], [ -77.707711656391211, 43.311118125203464 ], [ -77.693373903059566, 43.30461542181687 ], [ -77.659285009255257, 43.282280435063385 ], [ -77.628668252246115, 43.271330441318447 ], [ -77.577024105663767, 43.242948608931314 ], [ -77.558092008643001, 43.236930424205092 ], [ -77.541256093506803, 43.234964572624122 ], [ -77.520269308682771, 43.238857301490675 ], [ -77.509914317909946, 43.246472854193883 ], [ -77.50050438805367, 43.250421737463313 ], [ -77.484756366862541, 43.251387017989018 ], [ -77.470607164519109, 43.25678181465728 ], [ -77.442920465828379, 43.262461178145905 ], [ -77.426680033114252, 43.269978141168288 ], [ -77.409720873612656, 43.269856321622477 ], [ -77.39071617834388, 43.276327234554671 ], [ -77.384412021767176, 43.275072452604071 ], [ -77.360772111260516, 43.278545675818535 ], [ -77.351434702397142, 43.27810522612787 ], [ -77.341325636213114, 43.280533055296054 ], [ -77.333392859179128, 43.277814248245654 ], [ -77.312574380910092, 43.281434150797907 ], [ -77.310669302127508, 43.279220494166076 ], [ -77.303483624270896, 43.277912015153774 ], [ -77.287318681481665, 43.278807525097733 ], [ -77.282249765912795, 43.277228908361536 ], [ -77.275209391451739, 43.278143480816915 ], [ -77.266631108410792, 43.27694543833119 ], [ -77.253966249005174, 43.277680068567328 ], [ -77.244320207756274, 43.28096313958163 ], [ -77.24039525268428, 43.279927074330168 ], [ -77.237464036437473, 43.281790394130027 ], [ -77.228990186141544, 43.281280193223658 ], [ -77.216867573197646, 43.284029793169879 ], [ -77.197165052243136, 43.282556019677521 ], [ -77.189417029018685, 43.285247434984385 ], [ -77.183612045584113, 43.282228290241086 ], [ -77.172886071260194, 43.281529474551043 ], [ -77.14645003226083, 43.289971437320702 ], [ -77.143570266123618, 43.289883144870153 ], [ -77.142954416199103, 43.287191312146447 ], [ -77.13625125582098, 43.28549820146872 ], [ -77.120732139737271, 43.28747248174205 ], [ -77.114634830136183, 43.286454975596961 ], [ -77.105511785350757, 43.289201270359428 ], [ -77.095898804799234, 43.284972195413033 ], [ -77.08411162907062, 43.283434219294016 ], [ -77.079994052743842, 43.281481409194562 ], [ -77.069583277490196, 43.282883222877821 ], [ -77.066881118166094, 43.280020452225692 ], [ -77.060105077468961, 43.279355741685279 ], [ -77.055500447171525, 43.276757330910975 ], [ -77.047760306663704, 43.276892400126293 ], [ -77.044651209617598, 43.272305230843344 ], [ -77.041462098730818, 43.270627395426715 ], [ -77.002188134496464, 43.271039462436555 ], [ -76.98828546759627, 43.274495975452204 ], [ -76.982723317647611, 43.273287630401093 ], [ -76.974196428122383, 43.274285055848466 ], [ -76.965049807052296, 43.272140777874327 ], [ -76.964176469424658, 43.270463818979046 ], [ -76.954083653764116, 43.270049176184706 ], [ -76.942869437896761, 43.273729701692623 ], [ -76.924894403284767, 43.285138588571606 ], [ -76.918160411827756, 43.285468825175194 ], [ -76.896212034390985, 43.295971169046318 ], [ -76.878534742786641, 43.292412006636496 ], [ -76.854444150196883, 43.298168028333968 ], [ -76.840380810624964, 43.305111293689727 ], [ -76.830165047043067, 43.305916824689213 ], [ -76.826030092807102, 43.30433431186372 ], [ -76.786523402930442, 43.311484831456546 ], [ -76.760711337320686, 43.32097549528865 ], [ -76.762740132084218, 43.321172947543651 ], [ -76.729681187295881, 43.343355420351628 ], [ -76.718713864401195, 43.343544632943647 ], [ -76.709025130718416, 43.347248528116538 ], [ -76.708345463577814, 43.345508576802281 ], [ -76.701107195649556, 43.34407355879442 ], [ -76.695085070546199, 43.345656980897346 ], [ -76.682202262784656, 43.353937380319735 ], [ -76.67034855513117, 43.365109780177356 ], [ -76.656193474212529, 43.383396210233379 ], [ -76.650049484556035, 43.38910699166496 ], [ -76.64152796875284, 43.401698264254989 ], [ -76.630909136492861, 43.412919116386838 ], [ -76.623820659044952, 43.412593204620848 ], [ -76.609997362791674, 43.422069896911495 ], [ -76.600251671428296, 43.423919084330031 ], [ -76.594833487283694, 43.430335734169638 ], [ -76.587630837556446, 43.432589992031069 ], [ -76.574440239130809, 43.441631880962895 ], [ -76.569463448489273, 43.442646539186264 ], [ -76.564863244191258, 43.448925429968455 ], [ -76.562773101680349, 43.448224367841732 ], [ -76.550356641722175, 43.451610763647167 ], [ -76.546634015099926, 43.455000082977278 ], [ -76.538640010692816, 43.458469723922036 ], [ -76.527104383006687, 43.460575985459144 ], [ -76.522132519624506, 43.463426561113828 ], [ -76.518476846237022, 43.462895406440381 ], [ -76.519510894265636, 43.465052853623988 ], [ -76.516698379603838, 43.462648280439957 ], [ -76.515212325375401, 43.462902911134819 ], [ -76.516175372360578, 43.465659911783078 ], [ -76.514727576481789, 43.463140459334774 ], [ -76.511569202350771, 43.463951717901892 ], [ -76.512259444458891, 43.46585045681779 ], [ -76.507116128621561, 43.468939996437896 ], [ -76.497609425954693, 43.471005606694426 ], [ -76.491595970492128, 43.474921122676456 ], [ -76.486938275812548, 43.47504459683158 ], [ -76.479125413987532, 43.482449444053479 ], [ -76.470265195592958, 43.495342099180213 ], [ -76.447718492566267, 43.50349801810723 ], [ -76.432732137633153, 43.513007382595717 ], [ -76.424531412912856, 43.514111000252342 ], [ -76.417043351351865, 43.521361614068141 ], [ -76.400052282793041, 43.524751580646836 ], [ -76.388076218309635, 43.525426046762391 ], [ -76.382842996383729, 43.523546624229674 ], [ -76.369918946069205, 43.525664895423894 ], [ -76.364109727976398, 43.524204227899041 ], [ -76.346960299009396, 43.51368963278923 ], [ -76.334090288647417, 43.5142726917434 ], [ -76.331238146603496, 43.511803801448323 ], [ -76.31632385452248, 43.51531138106774 ], [ -76.295513834790171, 43.512948005227358 ], [ -76.287530055007608, 43.515259833140647 ], [ -76.27788584722019, 43.520679407621699 ], [ -76.269076363876238, 43.520469519092508 ], [ -76.260007131769584, 43.524618439169096 ], [ -76.244026339122001, 43.526819505739276 ], [ -76.231209392243855, 43.53108629801828 ], [ -76.222319620174758, 43.539160031642744 ], [ -76.214279246529301, 43.550873950133699 ], [ -76.202315138622339, 43.579354855990815 ], [ -76.196389437783253, 43.632495138128668 ], [ -76.196745441926964, 43.66140599733702 ], [ -76.194762647194196, 43.664506357048651 ], [ -76.197149600261511, 43.666876849187695 ], [ -76.201042722633076, 43.685347003497007 ], [ -76.202121754697856, 43.693742532033127 ], [ -76.200491671783283, 43.694915299460803 ], [ -76.204472174180864, 43.716167356692274 ], [ -76.203622535907058, 43.720984238909544 ], [ -76.205727115242894, 43.723223291957694 ], [ -76.215094652702589, 43.762329048749635 ], [ -76.228091072194715, 43.802021688980865 ], [ -76.231446030947566, 43.806656686024532 ], [ -76.234313621319444, 43.806862320624646 ], [ -76.237578612898275, 43.810860080974464 ], [ -76.236240078209178, 43.811236138263922 ], [ -76.237195622465094, 43.815117347967316 ], [ -76.233820297108124, 43.819748852912959 ], [ -76.2342628377598, 43.82208901724443 ], [ -76.238516813381011, 43.821619080111006 ], [ -76.243098962440129, 43.816439219992169 ], [ -76.24542440247005, 43.816649740007954 ], [ -76.249022050080043, 43.817872710876259 ], [ -76.245959396832447, 43.821041486585123 ], [ -76.250709717699266, 43.826261502557408 ], [ -76.270421999747654, 43.82517380231387 ], [ -76.270336953544771, 43.829108492637616 ], [ -76.265248728688874, 43.835604157526419 ], [ -76.267205280937262, 43.838171958049301 ], [ -76.274426757556228, 43.838022646613439 ], [ -76.278577448479325, 43.841362689146855 ], [ -76.291983552741627, 43.83760146693276 ], [ -76.298535632658641, 43.838487232776778 ], [ -76.294482854508246, 43.849686787608981 ], [ -76.297123572660169, 43.852908572222667 ], [ -76.296984142449972, 43.856347697218716 ], [ -76.287803512959869, 43.866053140678666 ], [ -76.275416655185239, 43.875542187034299 ], [ -76.26078053990669, 43.881736381563272 ], [ -76.249023508045752, 43.881150843852183 ], [ -76.237145404844085, 43.885620933247523 ], [ -76.220118872594483, 43.889905899884518 ], [ -76.217193503481852, 43.891566217256077 ], [ -76.218655017533365, 43.894311759944891 ], [ -76.216428378709978, 43.896133909376047 ], [ -76.214971671543566, 43.899181954993587 ], [ -76.213653766664962, 43.900093140166987 ], [ -76.215383724272812, 43.897412359465569 ], [ -76.21116279048438, 43.897454797754996 ], [ -76.211068738670775, 43.895594154496827 ], [ -76.216709513664668, 43.891458813321186 ], [ -76.21999607020021, 43.889799102799664 ], [ -76.221040214394293, 43.889492257812648 ], [ -76.221939919372147, 43.8859257574628 ], [ -76.230823422098879, 43.88683981610891 ], [ -76.228794350654255, 43.884270525932308 ], [ -76.223763939573388, 43.882511586909587 ], [ -76.222923951002372, 43.880090724091552 ], [ -76.227439341761155, 43.875277859333096 ], [ -76.231979626633091, 43.873277962958745 ], [ -76.23156817487677, 43.87045162850994 ], [ -76.237423967922112, 43.863807018727556 ], [ -76.235517645871155, 43.861862294924471 ], [ -76.224872098612934, 43.865188138180002 ], [ -76.217651118762319, 43.863757396406839 ], [ -76.215040901109248, 43.861688828582416 ], [ -76.215174291945772, 43.859340923460451 ], [ -76.20795797974138, 43.855973706082615 ], [ -76.20787142616544, 43.853572358963298 ], [ -76.211217417036806, 43.849282311729233 ], [ -76.203752760182212, 43.850480838403392 ], [ -76.202977556312845, 43.853147540938643 ], [ -76.19934066040976, 43.854416190269689 ], [ -76.202564056397676, 43.863963365426095 ], [ -76.201239600105694, 43.86520914309888 ], [ -76.154211109742562, 43.890131898755726 ], [ -76.146831349072215, 43.888623362772066 ], [ -76.14263372387046, 43.889422015272544 ], [ -76.134285228082561, 43.892414732411744 ], [ -76.128478873818864, 43.896421451344096 ], [ -76.12634149968693, 43.903507020753061 ], [ -76.12675577305157, 43.907021825089494 ], [ -76.128384076403563, 43.907946682664317 ], [ -76.12414873992617, 43.910770142750522 ], [ -76.126405748094371, 43.915826768918883 ], [ -76.125973325167735, 43.922513803155589 ], [ -76.13012719073707, 43.929922410252189 ], [ -76.128886281359769, 43.932033234602223 ], [ -76.129691708148556, 43.934255163310382 ], [ -76.136668675923616, 43.934652387092065 ], [ -76.135820939383251, 43.936738579120032 ], [ -76.139267316089317, 43.940390342732407 ], [ -76.134928393978214, 43.945273308644289 ], [ -76.125086561319861, 43.950511407441155 ], [ -76.120775748392305, 43.950448959546698 ], [ -76.123795278913008, 43.94973362674628 ], [ -76.120907029984565, 43.94798965135756 ], [ -76.115344496455279, 43.950650067414507 ], [ -76.10755076066097, 43.956306592863122 ], [ -76.10260910941841, 43.962810108274724 ], [ -76.099862797898098, 43.964174983872745 ], [ -76.099066067699567, 43.967023998027621 ], [ -76.083558982752464, 43.976894982661705 ], [ -76.084703105844397, 43.97541432274113 ], [ -76.073638955341892, 43.975604587735106 ], [ -76.074801991563845, 43.968058859125954 ], [ -76.071682868420837, 43.97010746880698 ], [ -76.066186244283955, 43.969749897237264 ], [ -76.063180807431735, 43.972962664602839 ], [ -76.053928107004694, 43.976395567130368 ], [ -76.05810385283938, 43.975623260070556 ], [ -76.061026934841308, 43.977044302340389 ], [ -76.058618995332338, 43.985449657873865 ], [ -76.060992764724517, 43.988174359756847 ], [ -76.059688190844739, 43.989872831489471 ], [ -76.062396526086417, 43.990081763181003 ], [ -76.061531965897416, 43.998164728992215 ], [ -76.067585965921992, 43.995321179360104 ], [ -76.068183592622631, 43.997364259049952 ], [ -76.066192650170223, 43.996751582538749 ], [ -76.065114725728222, 43.997369089564032 ], [ -76.068434892730096, 43.997576304999377 ], [ -76.068831887000243, 43.997054578011792 ], [ -76.073473571904827, 43.999020311352922 ], [ -76.077605128712364, 43.998008094284543 ], [ -76.078529091796156, 44.004021795277353 ], [ -76.08575129155895, 44.000644557356864 ], [ -76.084861075485435, 43.995174519070318 ], [ -76.097246070154156, 43.988222402197735 ], [ -76.118633178404792, 43.972769080466669 ], [ -76.136026259222916, 43.965410900147781 ], [ -76.145250292612602, 43.965775716108261 ], [ -76.158443676713929, 43.959477606661174 ], [ -76.160681100710619, 43.960450664266538 ], [ -76.168366461952417, 43.95918124140956 ], [ -76.169474759332516, 43.96237393437022 ], [ -76.17468513260917, 43.964948054058134 ], [ -76.170581328354004, 43.970314169109372 ], [ -76.175214651739921, 43.974444941065286 ], [ -76.187654984426771, 43.970326153596851 ], [ -76.200432943523282, 43.968300983332526 ], [ -76.199528549339632, 43.972651132047247 ], [ -76.207957995012748, 43.976415815263977 ], [ -76.206078465215128, 43.98509010452517 ], [ -76.203949316057958, 43.988135534492073 ], [ -76.188103595893139, 43.999453536325397 ], [ -76.178132856788153, 44.000807429191937 ], [ -76.16541062378198, 44.00547254677047 ], [ -76.157784414805008, 44.004974610950249 ], [ -76.141511641842328, 44.011153324261208 ], [ -76.123303049748031, 44.024338375368458 ], [ -76.124291444495569, 44.026117261148208 ], [ -76.118623000492619, 44.034417933598945 ], [ -76.121090606102769, 44.035848553879141 ], [ -76.120653439173111, 44.038646587870602 ], [ -76.112290671850289, 44.045112324032566 ], [ -76.110452327113521, 44.045105524140133 ], [ -76.107458487511622, 44.046778557614935 ], [ -76.103802700936413, 44.047279607761418 ], [ -76.102950449463435, 44.048036746525632 ], [ -76.111202005354087, 44.045740511014358 ], [ -76.109961691559832, 44.047625103659776 ], [ -76.107908697979184, 44.048958566396813 ], [ -76.107991493902304, 44.049264077944272 ], [ -76.119741279053841, 44.041548914583117 ], [ -76.121006207585197, 44.039047619867475 ], [ -76.130084638440351, 44.037367893399043 ], [ -76.133639546904107, 44.039476105097549 ], [ -76.139594389989313, 44.03900236568451 ], [ -76.151206010656892, 44.031310160913314 ], [ -76.161572549272691, 44.031099688726343 ], [ -76.167162713183487, 44.033023553359357 ], [ -76.164164669466061, 44.037037813401305 ], [ -76.149455957736137, 44.046119602830323 ], [ -76.150224428732471, 44.049137194556316 ], [ -76.145329563546525, 44.055232608960601 ], [ -76.131304409560698, 44.063285486243267 ], [ -76.128312262384796, 44.063601145388859 ], [ -76.13452740939158, 44.064254022643496 ], [ -76.145138442478256, 44.05878269024219 ], [ -76.147293367894207, 44.059838675108772 ], [ -76.149589393488441, 44.058572325325009 ], [ -76.139504148829147, 44.0679444502004 ], [ -76.138627265551065, 44.069596869379424 ], [ -76.141902172733992, 44.070755460523685 ], [ -76.147823540100163, 44.070100583789845 ], [ -76.14845865619256, 44.067997708479709 ], [ -76.154655617704719, 44.066754557652999 ], [ -76.15180329060783, 44.066541774734198 ], [ -76.156062595035323, 44.064336896233861 ], [ -76.164431503241431, 44.062765131978296 ], [ -76.170983172628368, 44.065922888288107 ], [ -76.184848765158478, 44.058788338188435 ], [ -76.187464924268852, 44.059940334309225 ], [ -76.196368719937851, 44.058386918217316 ], [ -76.20403060101475, 44.055002657006085 ], [ -76.205555280105457, 44.055260523064632 ], [ -76.205144601798594, 44.05719412538793 ], [ -76.209738946386011, 44.057007402160934 ], [ -76.213191230413358, 44.059129011188098 ], [ -76.204163048620259, 44.072128840473482 ], [ -76.197712532229261, 44.077890483122516 ], [ -76.200083928272463, 44.077832246514276 ], [ -76.197846062304649, 44.078448885268507 ], [ -76.195404563533302, 44.08060646822193 ], [ -76.195672105181103, 44.081256372755391 ], [ -76.201168338550843, 44.079148109735122 ], [ -76.20586148434478, 44.080251559823992 ], [ -76.202801253853494, 44.078841863102362 ], [ -76.205055658703998, 44.076233032565952 ], [ -76.212566530286708, 44.071397985144273 ], [ -76.217118263288612, 44.072371733411728 ], [ -76.218795801504683, 44.068647748273996 ], [ -76.221990096568973, 44.066668105103354 ], [ -76.224447182008831, 44.067632288063599 ], [ -76.228302290372525, 44.065212933243885 ], [ -76.230189887041377, 44.06662547712984 ], [ -76.242129423330383, 44.062090568291254 ], [ -76.246687643965288, 44.064915626131075 ], [ -76.264326385267537, 44.052528910237875 ], [ -76.27442678001411, 44.05188891245681 ], [ -76.271663768812672, 44.049987697650167 ], [ -76.267188050351791, 44.050920898184543 ], [ -76.264625597020682, 44.048871222028097 ], [ -76.278140855573142, 44.035235651661942 ], [ -76.277019954829626, 44.032693095888909 ], [ -76.281877084485416, 44.025084617385794 ], [ -76.280465559882828, 44.022394321285361 ], [ -76.286228879454541, 44.017588418163491 ], [ -76.281362551948547, 44.017919354552298 ], [ -76.281684853099435, 44.015054849424175 ], [ -76.28532016527268, 44.011836448909833 ], [ -76.281109839689464, 44.01134513575505 ], [ -76.276130731394488, 44.015291560139246 ], [ -76.266692141687386, 44.018895742602979 ], [ -76.254383309781716, 44.02039614403774 ], [ -76.230131845992574, 44.029003584387752 ], [ -76.221291186616668, 44.029366190150455 ], [ -76.218870745253895, 44.027843879772405 ], [ -76.215002310382957, 44.030805606260415 ], [ -76.212417851920648, 44.030685369922018 ], [ -76.218095276381518, 44.026413329785385 ], [ -76.209503936327906, 44.029360574275579 ], [ -76.20290480894451, 44.027941404652537 ], [ -76.200884724245967, 44.025187447221761 ], [ -76.203703403147244, 44.019705267404824 ], [ -76.221870758976735, 44.002551429474124 ], [ -76.220278668510488, 43.997882753522148 ], [ -76.221039310689122, 43.994529847858459 ], [ -76.231330394414314, 43.985593419397865 ], [ -76.238033869202795, 43.977147642772543 ], [ -76.251635200732537, 43.968068647766707 ], [ -76.263134640685749, 43.966879663951325 ], [ -76.271537787280593, 43.961684065759158 ], [ -76.281315234987588, 43.961079096566259 ], [ -76.284104445554277, 43.966648516370348 ], [ -76.27927172222644, 43.972296077729617 ], [ -76.276128451470299, 43.973693833883608 ], [ -76.273089505661346, 43.979728190137635 ], [ -76.267631421945097, 43.983683728371439 ], [ -76.268900456675624, 43.985137373835443 ], [ -76.272691540312394, 43.982832143819621 ], [ -76.267862486602482, 43.987564098061831 ], [ -76.265760241988062, 43.995725205121893 ], [ -76.269389582161295, 44.00127349162679 ], [ -76.274325298234771, 44.00202339565589 ], [ -76.276377820199897, 44.006169264159396 ], [ -76.286000667846494, 44.011250959295737 ], [ -76.295574445020691, 44.008963069782631 ], [ -76.301224883192106, 44.010260152091185 ], [ -76.302110441500886, 44.013769843817911 ], [ -76.300206782056421, 44.019098966236292 ], [ -76.308183876576635, 44.026373512238749 ], [ -76.299554629414658, 44.032160575718585 ], [ -76.300013899391885, 44.040178420772058 ], [ -76.294789447718102, 44.045021101708997 ], [ -76.295583618616391, 44.048728240131027 ], [ -76.299626482959297, 44.05024976739756 ], [ -76.295831093697359, 44.05401855156115 ], [ -76.294929771751995, 44.058735878565834 ], [ -76.298663947115514, 44.060008429137028 ], [ -76.308136072728786, 44.058413900586146 ], [ -76.310530500677586, 44.05973951075736 ], [ -76.315445900452588, 44.059139887406829 ], [ -76.321965352660172, 44.062443002912445 ], [ -76.33458097450675, 44.065071590958276 ], [ -76.333634207689457, 44.069694458495697 ], [ -76.310358530792854, 44.078858699880747 ], [ -76.312443274428915, 44.082279325995543 ], [ -76.31333975086163, 44.080677760687664 ], [ -76.331341611862968, 44.073246755700794 ], [ -76.334677021478612, 44.076704762065241 ], [ -76.347370595532269, 44.07127299572025 ], [ -76.359873083551946, 44.07080617524619 ], [ -76.361133120756577, 44.073020842908541 ], [ -76.359648644868102, 44.076587894724398 ], [ -76.344274434226264, 44.087570417565075 ], [ -76.349645322969437, 44.092671531512522 ], [ -76.361029872889389, 44.087984371409938 ], [ -76.357850798879284, 44.092898256401881 ], [ -76.361187416728995, 44.094875113091781 ], [ -76.357746174793078, 44.100169733675791 ], [ -76.360178516138447, 44.101584361522981 ], [ -76.366476706105033, 44.09982629006214 ], [ -76.370708125029452, 44.100619988627592 ], [ -76.369915519894704, 44.104374187906885 ], [ -76.365561882480932, 44.109810694555385 ], [ -76.337687240961387, 44.130099054887864 ], [ -76.333803309253497, 44.129597406587948 ], [ -76.329800535823395, 44.131186863386652 ], [ -76.330086973533199, 44.130207856756272 ], [ -76.313901076641656, 44.13541380841589 ], [ -76.30650771188462, 44.141525340008762 ], [ -76.305075596997426, 44.144900058963785 ], [ -76.298752493154751, 44.149872586773121 ], [ -76.299813481658731, 44.150174549846803 ], [ -76.294302199711353, 44.154099194474327 ], [ -76.291067764326911, 44.154180018316595 ], [ -76.290705383941301, 44.156680554810514 ], [ -76.287343186563888, 44.158486014752462 ], [ -76.280959038604394, 44.160415823750235 ], [ -76.279704519750553, 44.15901968314575 ], [ -76.272500769587069, 44.158857188251964 ], [ -76.253467616588424, 44.168292467282029 ], [ -76.249980251552586, 44.168330683512394 ], [ -76.250868935100229, 44.170362734637187 ], [ -76.248079260104532, 44.172526953847317 ], [ -76.243825420128928, 44.169627032146451 ], [ -76.245778512965146, 44.174679609198932 ], [ -76.236178287592367, 44.180615272094222 ], [ -76.229626906564633, 44.182019956585336 ], [ -76.229644364423848, 44.183496665050953 ], [ -76.231433813859709, 44.18358696332384 ], [ -76.22594954065967, 44.187105515318322 ], [ -76.226903644916192, 44.185422279741843 ], [ -76.225297036776638, 44.184572445124218 ], [ -76.215981884572727, 44.191455688244247 ], [ -76.203943808486954, 44.195890510558577 ], [ -76.204244803395937, 44.199288955352451 ], [ -76.207257136614587, 44.199895556155589 ], [ -76.204488789420367, 44.202487904133861 ], [ -76.201300072894, 44.202983609164562 ], [ -76.201521076420192, 44.20478769039709 ], [ -76.198369572604449, 44.206744732997841 ], [ -76.19633202106354, 44.204245848856331 ], [ -76.19168890334609, 44.206881402246381 ], [ -76.187912534113678, 44.206796794720461 ], [ -76.188102153198784, 44.205027317513931 ], [ -76.186090393187996, 44.204119212291147 ], [ -76.159937128568714, 44.219147925802737 ], [ -76.147190397606437, 44.219976227804452 ], [ -76.136441269206074, 44.223909295988868 ], [ -76.134671641995283, 44.222492878810748 ], [ -76.126521549917655, 44.223812229298538 ], [ -76.114639307279148, 44.229602904357542 ], [ -76.111893443119854, 44.235437163046818 ], [ -76.107744834491584, 44.239298314805978 ], [ -76.104997595909893, 44.237486710273409 ], [ -76.105759188506099, 44.236597229035041 ], [ -76.100092846560912, 44.236208877021063 ], [ -76.1036434745523, 44.234242835910209 ], [ -76.100884104222715, 44.234664192879109 ], [ -76.103083456719347, 44.232943093765044 ], [ -76.099299362873793, 44.235196989649154 ], [ -76.095270143041731, 44.233749282423588 ], [ -76.095595556855088, 44.232717105979823 ], [ -76.089060316756388, 44.23213268387984 ], [ -76.091584920471306, 44.227600693934178 ], [ -76.098008372419429, 44.22560978885631 ], [ -76.096047424714371, 44.224575600876634 ], [ -76.096272829985466, 44.222798789108886 ], [ -76.097915989675613, 44.222806827770654 ], [ -76.099886941019676, 44.222036637611922 ], [ -76.096152446754232, 44.222380698642404 ], [ -76.092683267213005, 44.224218793610149 ], [ -76.088535116725524, 44.230761274696818 ], [ -76.087809177364633, 44.229085017029597 ], [ -76.084987331003688, 44.229845535004067 ], [ -76.08755366865006, 44.229601978090365 ], [ -76.086287771734845, 44.233201904846162 ], [ -76.088724416908718, 44.233645581831105 ], [ -76.090225842209975, 44.237980937152074 ], [ -76.088330854202951, 44.238900959469056 ], [ -76.090827733213274, 44.241505420037917 ], [ -76.088446482651378, 44.24282874620696 ], [ -76.084166261850839, 44.24393727601128 ], [ -76.079957012449313, 44.241746877965511 ], [ -76.078950335189091, 44.244501727484703 ], [ -76.080981823101837, 44.246139248994218 ], [ -76.077315750816638, 44.246085749066602 ], [ -76.079643267751479, 44.239348030211374 ], [ -76.072462633036906, 44.244059607968211 ], [ -76.070280132036686, 44.243351165368786 ], [ -76.072096598304725, 44.24233366101106 ], [ -76.071971692056039, 44.239766364428036 ], [ -76.071997693791928, 44.240833288821889 ], [ -76.071442580760433, 44.242379697903608 ], [ -76.070214644852484, 44.240447438647045 ], [ -76.068208799349506, 44.243129370962549 ], [ -76.063869358910495, 44.244313263768582 ], [ -76.063239541081643, 44.248716428657353 ], [ -76.055745372773316, 44.251053670494677 ], [ -76.057022033302289, 44.248257392737486 ], [ -76.048889942564642, 44.253932431391043 ], [ -76.037340326312915, 44.257379348989602 ], [ -76.036469592002959, 44.254011796149413 ], [ -76.035540992713976, 44.257969754012507 ], [ -76.040756565439494, 44.260142434751295 ], [ -76.037087301440096, 44.262554246773924 ], [ -76.037453956908152, 44.263737066044584 ], [ -76.026705344140765, 44.266645867479212 ], [ -76.021336667049795, 44.267780276180716 ], [ -76.017515145796253, 44.266680464507019 ], [ -76.020091031635786, 44.261003104875535 ], [ -76.017874032633713, 44.262985069479562 ], [ -76.01535255954758, 44.260929160731386 ], [ -76.012154333455598, 44.259867299260812 ], [ -76.016951512244276, 44.264157928076244 ], [ -76.011844313172958, 44.26740110241888 ], [ -76.014795404645412, 44.270128777440057 ], [ -76.013054275588701, 44.272148487442522 ], [ -76.013934673076164, 44.273894215955998 ], [ -76.016372018935954, 44.274464305693435 ], [ -76.013077139509306, 44.274443743959274 ], [ -76.005801396562319, 44.278172602401796 ], [ -76.004508128878697, 44.276698962095338 ], [ -76.006005810900177, 44.275578884609764 ], [ -76.001759066717, 44.275797245537973 ], [ -76.002632401649706, 44.276851981070742 ], [ -76.001017900912075, 44.280522444140111 ], [ -76.002305022322517, 44.283695178849747 ], [ -76.000231195912107, 44.282670959422454 ], [ -75.993264230877742, 44.284818436652444 ], [ -75.994990112829143, 44.285303647911554 ], [ -75.989086890533414, 44.28957618152247 ], [ -75.988119680755204, 44.293245109579125 ], [ -75.986101768183019, 44.294365245707183 ], [ -75.987682077244344, 44.297601296392692 ], [ -75.98347879355461, 44.29615116525877 ], [ -75.981481263756223, 44.298289986306195 ], [ -75.983170441443434, 44.29949972113198 ], [ -75.981680245981565, 44.301376974143423 ], [ -75.973900977554891, 44.303520715726158 ], [ -75.973677165895111, 44.305633117591832 ], [ -75.968743625541251, 44.303228693566638 ], [ -75.970724196045381, 44.302040631076125 ], [ -75.964486139303915, 44.301837887883245 ], [ -75.961865472447457, 44.30629059556226 ], [ -75.95644355041297, 44.309110586732444 ], [ -75.958496717368476, 44.310053963348366 ], [ -75.964228633634463, 44.307180612383583 ], [ -75.965105837611091, 44.30848332998081 ], [ -75.96251044126187, 44.311249346435552 ], [ -75.957488726771317, 44.313349639327811 ], [ -75.95712934047053, 44.31246653081562 ], [ -75.955786664547986, 44.311870258237967 ], [ -75.949323875373565, 44.31226716931797 ], [ -75.952750129817261, 44.312834152942415 ], [ -75.951398897441607, 44.317034239048816 ], [ -75.948506869300743, 44.317408809364693 ], [ -75.946650530410523, 44.318951139941163 ], [ -75.947302487219545, 44.31678994542245 ], [ -75.941974901764624, 44.32114371692424 ], [ -75.938191317263843, 44.320958529188353 ], [ -75.938185364128458, 44.322232498139421 ], [ -75.934490539465955, 44.321321915528046 ], [ -75.93571435749665, 44.32341043747202 ], [ -75.933693022343235, 44.325849549965383 ], [ -75.93018785898667, 44.328410923738055 ], [ -75.926776024299926, 44.328114551568461 ], [ -75.929092845892995, 44.329150455099658 ], [ -75.922908496727416, 44.333772716127761 ], [ -75.916916604424941, 44.331239282438979 ], [ -75.916503859094618, 44.3324383778466 ], [ -75.920539716578318, 44.334326092382959 ], [ -75.919555912221867, 44.336131521394577 ], [ -75.922928565989181, 44.336398241929004 ], [ -75.918120397211311, 44.339435974561333 ], [ -75.915577694240042, 44.338130624966446 ], [ -75.916481493738985, 44.339482484728066 ], [ -75.914121382332368, 44.340535200176191 ], [ -75.916398444490966, 44.341144628923423 ], [ -75.912160368151973, 44.343777777392795 ], [ -75.913494746336255, 44.34050612566444 ], [ -75.910960410273532, 44.340816579207534 ], [ -75.911660618291435, 44.34408666791353 ], [ -75.906358261122932, 44.346108738896035 ], [ -75.905804305121507, 44.34768725263686 ], [ -75.903777305191909, 44.347984389267786 ], [ -75.908580769492644, 44.342615292003529 ], [ -75.903151492052601, 44.344845057903072 ], [ -75.904683477141532, 44.345453462159476 ], [ -75.898820949426479, 44.351226855085649 ], [ -75.89748988333065, 44.34927929217644 ], [ -75.898402970511285, 44.348204965087213 ], [ -75.895294662186004, 44.349653825541601 ], [ -75.897928718431785, 44.350843219243835 ], [ -75.892727382206886, 44.355325770501658 ], [ -75.89413091898993, 44.357033551308199 ], [ -75.89006081593098, 44.358361575695668 ], [ -75.887045242489094, 44.361401561332102 ], [ -75.887044422327236, 44.359893516633612 ], [ -75.886338566601154, 44.359763221534912 ], [ -75.885054398851366, 44.363932617308521 ], [ -75.885284423259648, 44.361648597137858 ], [ -75.879417199152314, 44.362092472864781 ], [ -75.879502911905149, 44.361054944535702 ], [ -75.878339128284878, 44.360053920588278 ], [ -75.878839222200199, 44.361520734907906 ], [ -75.877629069341609, 44.36186495467819 ], [ -75.879820561579507, 44.364087198154387 ], [ -75.878769721343289, 44.365314885004956 ], [ -75.876623197870188, 44.363473390999708 ], [ -75.874520448402592, 44.36493779042668 ], [ -75.874677683221719, 44.363452294636083 ], [ -75.867665842847344, 44.369816048479713 ], [ -75.866828680376187, 44.3688342265853 ], [ -75.864704927398904, 44.369900434995891 ], [ -75.863833210332047, 44.367910240400455 ], [ -75.861583415635579, 44.368821591374633 ], [ -75.863480447309854, 44.366812214000689 ], [ -75.8637725057784, 44.364137166356599 ], [ -75.862362908062124, 44.363794087672844 ], [ -75.865951897709422, 44.362637853207488 ], [ -75.867619863477842, 44.354458192521406 ], [ -75.869215425034341, 44.354545284775448 ], [ -75.871843767096578, 44.351401547535886 ], [ -75.871261273415229, 44.349414217068599 ], [ -75.872774621156935, 44.347278416056639 ], [ -75.870750175137687, 44.349291434401628 ], [ -75.870216220126068, 44.352046846356956 ], [ -75.864905257097163, 44.350622028975792 ], [ -75.868744292803797, 44.354059878215118 ], [ -75.86199440026796, 44.354414636711006 ], [ -75.858851409786183, 44.35831263149813 ], [ -75.855671360205648, 44.359589615673968 ], [ -75.857043946433933, 44.360664527256567 ], [ -75.855914402100723, 44.361871563968805 ], [ -75.852478810567973, 44.362091299496996 ], [ -75.843494788157571, 44.370581077297373 ], [ -75.842000996739614, 44.370311760691145 ], [ -75.843016736204405, 44.370869450776951 ], [ -75.846024452082489, 44.370734608033509 ], [ -75.838502419830689, 44.378821650431675 ], [ -75.836084395834348, 44.379116575269819 ], [ -75.838787382506823, 44.38075661898776 ], [ -75.836071158260324, 44.381606246910749 ], [ -75.836154600072121, 44.382801408909316 ], [ -75.844129223326973, 44.379471168563946 ], [ -75.847341861091053, 44.376096732945449 ], [ -75.850508510502479, 44.375592868291157 ], [ -75.849671414506659, 44.379723574626659 ], [ -75.853213412383141, 44.37904058979592 ], [ -75.862350823924928, 44.37325543961834 ], [ -75.863022091817612, 44.374188885084273 ], [ -75.860088732190533, 44.376761626937416 ], [ -75.856505422590772, 44.377110579116518 ], [ -75.855306302840503, 44.379454790587751 ], [ -75.856304195475545, 44.380478780566321 ], [ -75.852215219710772, 44.382914225429651 ], [ -75.855835071877991, 44.383782796984526 ], [ -75.851958635712819, 44.384002339250308 ], [ -75.851441101006259, 44.385421116593896 ], [ -75.853532498463636, 44.385334046486143 ], [ -75.849943031810909, 44.385651420632129 ], [ -75.848248810083376, 44.389550571074444 ], [ -75.842183087942644, 44.393379883042023 ], [ -75.843049786122009, 44.391560181210579 ], [ -75.839343039917381, 44.393987360352291 ], [ -75.836466427765131, 44.393303573950689 ], [ -75.839619889009867, 44.394907164049833 ], [ -75.83680335887874, 44.395228512765485 ], [ -75.83507492122034, 44.397642448644014 ], [ -75.833421400361701, 44.397324636947076 ], [ -75.834114427247215, 44.39599957752376 ], [ -75.830843351378959, 44.397325593305148 ], [ -75.83157170451301, 44.396121983735043 ], [ -75.830361093513602, 44.395366622720061 ], [ -75.829864579384719, 44.397192089415078 ], [ -75.831540442242797, 44.398978577143062 ], [ -75.829428389822112, 44.399206581429894 ], [ -75.830718417282498, 44.400050586852942 ], [ -75.822820450864086, 44.403487609643705 ], [ -75.822387155673312, 44.405644403245411 ], [ -75.818125575813212, 44.406475362060995 ], [ -75.819385533966113, 44.407066406327566 ], [ -75.81560328166691, 44.409114610691709 ], [ -75.814523458186358, 44.407450146926976 ], [ -75.809889801525472, 44.410231934460832 ], [ -75.811297374439107, 44.407725601620726 ], [ -75.808666765029088, 44.409257308254816 ], [ -75.809314764759293, 44.407571021097446 ], [ -75.80400817203423, 44.40877375342329 ], [ -75.806506549434445, 44.404382771362393 ], [ -75.802606980752373, 44.404967630883675 ], [ -75.803829345308941, 44.402510328912598 ], [ -75.802786392280922, 44.402050790273691 ], [ -75.798157752710921, 44.408561760953603 ], [ -75.794942251117703, 44.409208804457357 ], [ -75.795228863999, 44.40600001410909 ], [ -75.78905984997364, 44.414483657705368 ], [ -75.791671230944999, 44.414427474323013 ], [ -75.789237011222397, 44.416783450116583 ], [ -75.787576196941956, 44.416356625458505 ], [ -75.78723429994146, 44.417626208712058 ], [ -75.788737155360636, 44.417673008423044 ], [ -75.786975566275004, 44.41843265169976 ], [ -75.787361026176896, 44.420341216544301 ], [ -75.780329798362047, 44.428959911086096 ], [ -75.772603625758563, 44.432933205394427 ], [ -75.769638287005691, 44.437948512236567 ], [ -75.765639249668851, 44.438994884423415 ], [ -75.766533514449364, 44.437716900322563 ], [ -75.762390360391493, 44.440799540562935 ], [ -75.763352714775607, 44.441679214948351 ], [ -75.762312366861892, 44.442472221309359 ], [ -75.758527031544631, 44.44286425055536 ], [ -75.753860015047366, 44.44864528056543 ], [ -75.756968690783609, 44.454933682800878 ], [ -75.765089884058554, 44.450249115665883 ], [ -75.764093968615427, 44.45139913919521 ], [ -75.766271660035628, 44.451617983984974 ], [ -75.76538164069315, 44.452855441497796 ], [ -75.768733352934561, 44.45485285775306 ], [ -75.766621365192577, 44.456615432574168 ], [ -75.767433093663087, 44.458974738059496 ], [ -75.769509670714896, 44.461293288484256 ], [ -75.77336127475067, 44.461805602108292 ], [ -75.772180473445673, 44.463566732895792 ], [ -75.774580064012397, 44.464431818212816 ], [ -75.773272277757158, 44.466607008743544 ], [ -75.777365783725912, 44.470218751632089 ], [ -75.783712853722065, 44.466356091099563 ], [ -75.781663925916376, 44.470348043776255 ], [ -75.783266934506571, 44.470818222236652 ], [ -75.790331232001989, 44.462837550420538 ], [ -75.79253425321825, 44.462431638702668 ], [ -75.787500101552553, 44.469469494145457 ], [ -75.781850854547216, 44.473386172870022 ], [ -75.780935407492308, 44.476084074517523 ], [ -75.778208981977443, 44.476702942460186 ], [ -75.777889948897567, 44.472722444920976 ], [ -75.775727028475586, 44.47468561613983 ], [ -75.774796969424273, 44.476302147987433 ], [ -75.77630292492951, 44.475967973150667 ], [ -75.775778292633916, 44.477048192358332 ], [ -75.776849002705873, 44.477746037933152 ], [ -75.778014134697372, 44.477061567601979 ], [ -75.776665450842202, 44.47956803875455 ], [ -75.771997830677066, 44.48271913160869 ], [ -75.765326818307997, 44.494473784101729 ], [ -75.755113508025147, 44.505555999210515 ], [ -75.757235863223826, 44.505460959381082 ], [ -75.756921415145143, 44.507911707514097 ], [ -75.753867556404174, 44.508570272689241 ], [ -75.752249395930065, 44.512393040989799 ], [ -75.750840265337729, 44.512573815804195 ], [ -75.754264456351208, 44.512905212206945 ], [ -75.753415115419742, 44.515023514141596 ], [ -75.748312401636625, 44.516119417713625 ], [ -75.748418793607328, 44.51792901322785 ], [ -75.729287531104902, 44.531541821397454 ], [ -75.723643581464785, 44.532438025402037 ], [ -75.718636682888203, 44.540079571490736 ], [ -75.706020695427327, 44.551639267309348 ], [ -75.700815844094706, 44.551105972631902 ], [ -75.695822844252191, 44.559081129108037 ], [ -75.691172675658066, 44.562515548669445 ], [ -75.688885506554215, 44.562919819856354 ], [ -75.690238122335387, 44.561811380841128 ], [ -75.688515653982066, 44.561531180999843 ], [ -75.680335075778643, 44.564567164533621 ], [ -75.669317839791844, 44.5738933095692 ], [ -75.663311740633134, 44.576515083820972 ], [ -75.654053396091186, 44.586563727307272 ], [ -75.651308573977616, 44.586415059510259 ], [ -75.647561011919734, 44.582634997251787 ], [ -75.651020294721476, 44.587388730832927 ], [ -75.65175954980981, 44.589136754400066 ], [ -75.651691710836189, 44.590262755955322 ], [ -75.64403650514015, 44.597790213549544 ], [ -75.626740887937103, 44.601849313819663 ], [ -75.611045770329667, 44.613016495599084 ], [ -75.596868224342401, 44.626882052196784 ], [ -75.576378692960745, 44.642050535743557 ], [ -75.567871611287501, 44.647661847403128 ], [ -75.563613866335373, 44.647549767870899 ], [ -75.555419005817242, 44.65313023863488 ], [ -75.550742948674952, 44.659017140144748 ], [ -75.543758814140574, 44.663028389029314 ], [ -75.538929844872285, 44.669240025259356 ], [ -75.537313918508303, 44.669151801659353 ], [ -75.525272260839472, 44.678906917843378 ], [ -75.526051898793099, 44.679576549172452 ], [ -75.515342540606994, 44.684958848283102 ], [ -75.511940732915434, 44.68793621398035 ], [ -75.512518624527601, 44.689608071923111 ], [ -75.504637043379972, 44.694024504321078 ], [ -75.504100376354515, 44.69913841247282 ], [ -75.498600302686938, 44.695661178217783 ], [ -75.496870364842025, 44.699607490523064 ], [ -75.488069288830815, 44.704572062751744 ], [ -75.485747573216074, 44.709704922158963 ], [ -75.485090716995487, 44.70704476578311 ], [ -75.479284996942383, 44.706954946810576 ], [ -75.468098000926446, 44.708873510894314 ], [ -75.463314418139603, 44.711322540364115 ], [ -75.45846574522389, 44.714886351678395 ], [ -75.456316776536596, 44.719430063117343 ], [ -75.456214150303595, 44.725075529415356 ], [ -75.453806015860209, 44.726457086423792 ], [ -75.452738276516868, 44.730369099041738 ], [ -75.449663986493064, 44.733485716913506 ], [ -75.434703452734496, 44.731250634100959 ], [ -75.436098120450765, 44.727374026383167 ], [ -75.433199489692569, 44.725789199566513 ], [ -75.434515040086808, 44.727461043795152 ], [ -75.433051241619538, 44.729205375631643 ], [ -75.4335295873218, 44.731513981192307 ], [ -75.414135525377986, 44.744576696821852 ], [ -75.408484352384676, 44.750233274604057 ], [ -75.395519594913054, 44.757333282299662 ], [ -75.393492521321591, 44.755177550263589 ], [ -75.393683157299606, 44.756953599058498 ], [ -75.388502442800402, 44.75778134047561 ], [ -75.386466139917701, 44.760222516193664 ], [ -75.38345625460822, 44.76005640382072 ], [ -75.382310175883887, 44.764709644799495 ], [ -75.379080438688376, 44.764701356484011 ], [ -75.371407484977283, 44.769404544875243 ], [ -75.370597900785356, 44.774566283189635 ], [ -75.358930279142953, 44.780396227404182 ], [ -75.35737448330913, 44.787327540864105 ], [ -75.347406494845544, 44.798329106106266 ], [ -75.340094357553127, 44.801861959604487 ], [ -75.336268243213553, 44.800906259935736 ], [ -75.328163584329729, 44.802916296222406 ], [ -75.331091540590378, 44.801264371338135 ], [ -75.327046804158414, 44.803029064996181 ], [ -75.32589168389076, 44.804652022662864 ], [ -75.321957405204444, 44.804691763746511 ], [ -75.320091132743812, 44.806011789277065 ], [ -75.319325976530862, 44.811654140000755 ], [ -75.312983134006458, 44.815606503195824 ], [ -75.307921604385868, 44.815243931499992 ], [ -75.310606746923526, 44.813016782628608 ], [ -75.310588607242991, 44.812130785947204 ], [ -75.294955526390765, 44.825234246315119 ], [ -75.289477598889889, 44.826077142443495 ], [ -75.293376531564718, 44.826695997585766 ], [ -75.292566328433566, 44.82929427923473 ], [ -75.298871665396561, 44.828534818698898 ], [ -75.298578760715017, 44.837094872426498 ], [ -75.283325494751423, 44.841881433566869 ], [ -75.279494460339023, 44.845801838856879 ], [ -75.266341166252204, 44.850594879521466 ], [ -75.266719419868878, 44.847490141165636 ], [ -75.270821205609607, 44.843983962603801 ], [ -75.27548365507198, 44.835998437588103 ], [ -75.284203083207004, 44.833169612122305 ], [ -75.280194909105404, 44.832823900973516 ], [ -75.282568036202179, 44.83211779388057 ], [ -75.281922955996635, 44.831623966405381 ], [ -75.272963271642254, 44.833927530461629 ], [ -75.272440939033771, 44.832475859298988 ], [ -75.272585181518949, 44.83467156612182 ], [ -75.268898593509277, 44.8380339271121 ], [ -75.268169342958274, 44.841606214045818 ], [ -75.26554629646462, 44.841633950393472 ], [ -75.260725367118155, 44.851478446510932 ], [ -75.254431680406086, 44.851122090033876 ], [ -75.243499041464531, 44.853442004644059 ], [ -75.24503266418219, 44.85502501964168 ], [ -75.249158218447022, 44.853496489036345 ], [ -75.250930713978505, 44.854531084725885 ], [ -75.25036210465818, 44.856035706007489 ], [ -75.24545840723637, 44.857501204816408 ], [ -75.242590246434304, 44.857107186553698 ], [ -75.241559883294997, 44.854151142782754 ], [ -75.231528543840952, 44.856034508188785 ], [ -75.197229873654877, 44.868841234313187 ], [ -75.192387558116437, 44.867339828609111 ], [ -75.190925696416912, 44.868505803463549 ], [ -75.194240721462123, 44.870466818858297 ], [ -75.191145434216878, 44.873705402708644 ], [ -75.185191761636474, 44.872436753933066 ], [ -75.167325373766516, 44.880155368908177 ], [ -75.163357680446552, 44.879713332595337 ], [ -75.16120329491811, 44.877196431986128 ], [ -75.165474537057392, 44.876085160500239 ], [ -75.163228780288122, 44.875683117361163 ], [ -75.162315145135167, 44.872974779125961 ], [ -75.164582729169197, 44.868314010941518 ], [ -75.164097450269551, 44.865364197657165 ], [ -75.162173880565149, 44.864957271898291 ], [ -75.162992581758886, 44.870238983677631 ], [ -75.157251136164376, 44.878194094829517 ], [ -75.159592090997563, 44.87843723940103 ], [ -75.157330270554382, 44.882299017543865 ], [ -75.159808508624238, 44.88077121486107 ], [ -75.161645284004194, 44.88247172110065 ], [ -75.147847490921833, 44.887036253084588 ], [ -75.150327016277487, 44.887113997400078 ], [ -75.147946337942429, 44.891613965596243 ], [ -75.143073563227645, 44.889917656336735 ], [ -75.141725925011471, 44.892363074037846 ], [ -75.136912687938775, 44.89452686527823 ], [ -75.134576915486463, 44.893476088554479 ], [ -75.136907232470051, 44.890579419010869 ], [ -75.131044836807348, 44.89480805494145 ], [ -75.121169207731384, 44.895335812581862 ], [ -75.117299262792443, 44.890569563460183 ], [ -75.120774364926334, 44.890719840377251 ], [ -75.122268552501353, 44.889125738226284 ], [ -75.121322553743639, 44.888761385000933 ], [ -75.113202357598666, 44.890146162673915 ], [ -75.112754061440953, 44.898399107039161 ], [ -75.109627101395432, 44.898886127309723 ], [ -75.101936946743265, 44.895865398726976 ], [ -75.109320748934095, 44.899915361419716 ], [ -75.110265456812741, 44.906816290166702 ], [ -75.107229352375029, 44.907047834818023 ], [ -75.104188517409057, 44.912095308107503 ], [ -75.099642380911348, 44.912696720880945 ], [ -75.095960682431794, 44.915953414313144 ], [ -75.090939074840719, 44.915511530338897 ], [ -75.090593434560446, 44.917405932176862 ], [ -75.088222557743464, 44.916836156174355 ], [ -75.084198134914999, 44.920178476307179 ], [ -75.081771601177962, 44.925310632222846 ], [ -75.071693140595684, 44.919624906882952 ], [ -75.064680833995666, 44.920305524796412 ], [ -75.063495737845287, 44.921797195428397 ], [ -75.064537483537563, 44.924016446416296 ], [ -75.062605149869242, 44.922869496556508 ], [ -75.060347395201063, 44.924628477778207 ], [ -75.05842236393768, 44.924010211886632 ], [ -75.057533601338292, 44.927040307542342 ], [ -75.051456474186708, 44.932392718322191 ], [ -75.045150372757419, 44.929422905948748 ], [ -75.035403068019775, 44.934909169055999 ], [ -75.03231352909404, 44.938701896864004 ], [ -75.028047427114814, 44.937616927908081 ], [ -75.023661556351996, 44.938456311563087 ], [ -75.022662846250057, 44.940006583194545 ], [ -75.018677915158108, 44.937058647881599 ], [ -75.016083079357657, 44.939393197853597 ], [ -75.010911309383701, 44.935670593235223 ], [ -75.015612069297987, 44.933774140503644 ], [ -75.011520294382791, 44.929125365116384 ], [ -75.005465070852793, 44.929959444161632 ], [ -75.002018364465016, 44.932984434772905 ], [ -74.999429713565291, 44.938419700371128 ], [ -74.997672496580137, 44.939034180287933 ], [ -74.994084522029112, 44.936828511856326 ], [ -74.989510059853885, 44.939691096265257 ], [ -74.984664730467657, 44.950513394033571 ], [ -74.977741337317838, 44.951746019194836 ], [ -74.970406007321429, 44.957689287695594 ], [ -74.968374105285349, 44.956595145469343 ], [ -74.967248092229525, 44.958235938436779 ], [ -74.964620790416362, 44.957640958672918 ], [ -74.967985291972482, 44.951792289573383 ], [ -74.965429514920586, 44.951586710902738 ], [ -74.96449128569175, 44.955494931170868 ], [ -74.963427491749144, 44.950914424492922 ], [ -74.962240700477835, 44.95058446674944 ], [ -74.961806570752145, 44.952221493840817 ], [ -74.961126756287854, 44.950353850269515 ], [ -74.956810213007103, 44.949455516990525 ], [ -74.955201040177428, 44.953550809675328 ], [ -74.953717409603627, 44.950689396321224 ], [ -74.954482523595715, 44.948333316055049 ], [ -74.946689732829086, 44.946075192601114 ], [ -74.945010945056467, 44.94801793591737 ], [ -74.941733934917451, 44.948401552092164 ], [ -74.940129596820611, 44.950969330274198 ], [ -74.931417490853448, 44.952445261070906 ], [ -74.932361268077472, 44.955274637221002 ], [ -74.928709380190611, 44.957130206748104 ], [ -74.92933090656939, 44.953629370575221 ], [ -74.926621132226629, 44.954850704169267 ], [ -74.925884022315202, 44.959013033727679 ], [ -74.923580572145127, 44.955600802131755 ], [ -74.921970318642153, 44.958172039179615 ], [ -74.924378756716081, 44.960836491307354 ], [ -74.914031968460137, 44.968117419279132 ], [ -74.908058192481988, 44.969122639817535 ], [ -74.901943003711821, 44.96635468997404 ], [ -74.898238055934385, 44.970700576586893 ], [ -74.891733429522247, 44.9717902128275 ], [ -74.880798437892949, 44.966667303746654 ], [ -74.872781144662099, 44.96776928740843 ], [ -74.86484860119009, 44.973914688135444 ], [ -74.855320288650731, 44.976075194068422 ], [ -74.852602615421674, 44.978548764938026 ], [ -74.857796620495549, 44.978836399852064 ], [ -74.853848073867567, 44.979684090098395 ], [ -74.857954646730434, 44.982790339281259 ], [ -74.85787119234223, 44.98125161035086 ], [ -74.85960509624914, 44.980329627446586 ], [ -74.859334001764353, 44.983458121547073 ], [ -74.862426376671479, 44.984958461844329 ], [ -74.87200005413267, 44.978033870475826 ], [ -74.873525151838294, 44.983413613857671 ], [ -74.87128441126157, 44.988922527414957 ], [ -74.868512431280337, 44.988757409974234 ], [ -74.862608137294487, 44.993166259103127 ], [ -74.855092095907324, 44.992066120447184 ], [ -74.837820023547849, 44.996568257187562 ], [ -74.834072640254718, 44.994689378066873 ], [ -74.82883665511099, 44.987728313777204 ], [ -74.824515728051651, 44.987078678510407 ], [ -74.8136766279857, 44.99673182183021 ], [ -74.800382022616461, 44.997385447485705 ], [ -74.798687481987017, 45.000069105212489 ], [ -74.79181192232943, 44.99832285308733 ], [ -74.785613841516422, 45.001145306739069 ], [ -74.78335590898179, 44.999840267410171 ], [ -74.779180595236753, 45.000876847237237 ], [ -74.775028075343727, 44.999853463190597 ], [ -74.767567298312855, 45.00354931115502 ], [ -74.764312152269525, 45.003218720543124 ], [ -74.762834205336532, 44.99728781704713 ], [ -74.766885542589222, 44.994501976874112 ], [ -74.766583343039429, 44.990060552446387 ], [ -74.774733024586993, 44.988267925292817 ], [ -74.774589814266065, 44.986683830565894 ], [ -74.762807986208344, 44.986788321168405 ], [ -74.759524813626484, 44.985366682173066 ], [ -74.756438099003987, 44.986727278490704 ], [ -74.744244807511834, 44.98599085572998 ], [ -74.739181531566317, 44.987941983594091 ], [ -74.725773496824488, 44.988558417454328 ], [ -74.728079617685893, 44.989202246238555 ], [ -74.715901921845386, 44.99662773431173 ], [ -74.699166028726196, 44.992912250491756 ], [ -74.694366220568682, 44.993839543936545 ], [ -74.690158715695432, 44.988971658549914 ], [ -74.686032498473935, 44.989684735065907 ], [ -74.67993147433917, 44.995735418506904 ], [ -74.669558270223945, 44.993942112502054 ], [ -74.66122473767372, 44.99940986758736 ], [ -74.456437043824721, 44.997001228836297 ], [ -74.336531057865926, 44.991985922936244 ], [ -74.150156509687918, 44.991341658474695 ], [ -73.841414557536666, 45.002105777156736 ], [ -73.650245975571792, 45.002979174892069 ], [ -73.352368374230821, 45.010547041055652 ], [ -73.351260766756866, 45.009830814304948 ], [ -73.35219210950072, 45.006390706810777 ], [ -73.350576802075949, 45.0058523399534 ], [ -73.349417751678942, 45.007865802988228 ], [ -73.348023359745454, 45.005884600607516 ], [ -73.353475287307063, 45.004651240888968 ], [ -73.354457043504681, 45.000963007577681 ], [ -73.352214006834089, 44.999345531437875 ], [ -73.357968119572433, 44.999101334430129 ], [ -73.359846956768962, 44.996579851639304 ], [ -73.357824674791246, 44.994516755695336 ], [ -73.360642994366401, 44.995163120838193 ], [ -73.362941881993137, 44.993701080274739 ], [ -73.36371215411161, 44.990894733411189 ], [ -73.36110230925938, 44.990526708493775 ], [ -73.363763776697738, 44.990380531771031 ], [ -73.36348777381825, 44.984342599868441 ], [ -73.361623533346787, 44.982726271036938 ], [ -73.363277014679554, 44.975333148390078 ], [ -73.355876354704122, 44.971153787457517 ], [ -73.360139467988404, 44.958727439662574 ], [ -73.35743497124794, 44.955582026821723 ], [ -73.355074600228207, 44.956594341962415 ], [ -73.356521154635274, 44.953395006038896 ], [ -73.35088709095487, 44.945049822401288 ], [ -73.353749133331533, 44.938066110407988 ], [ -73.35646722158225, 44.935416230714772 ], [ -73.361097096335769, 44.934027636521783 ], [ -73.364235279034162, 44.938876608918079 ], [ -73.36306686100535, 44.946738780796444 ], [ -73.366013319865914, 44.94998686715828 ], [ -73.368150416418416, 44.948902757403424 ], [ -73.369952894120829, 44.951105453968118 ], [ -73.375500920756593, 44.950238198055764 ], [ -73.380092109562412, 44.947900971192965 ], [ -73.384886150535806, 44.941280835185353 ], [ -73.386466025710831, 44.936706158557485 ], [ -73.385290415769859, 44.926995653675938 ], [ -73.379503772340115, 44.921369021851106 ], [ -73.374474740173255, 44.910670985115779 ], [ -73.376951755636, 44.906919164517674 ], [ -73.376120907422973, 44.905076149737944 ], [ -73.377706785140717, 44.905768551510526 ], [ -73.380066092555154, 44.903984736459172 ], [ -73.378414037747064, 44.901117414299016 ], [ -73.381148657693927, 44.899565176705678 ], [ -73.378646712185414, 44.896581932389374 ], [ -73.378452306876483, 44.889236328508375 ], [ -73.376682915922586, 44.887579647703348 ], [ -73.378027128862598, 44.885753781308487 ], [ -73.376614504722127, 44.884795200272983 ], [ -73.379617103796377, 44.880831649721358 ], [ -73.378239911905652, 44.876789218756507 ], [ -73.382057646760273, 44.876588528468517 ], [ -73.384096102006353, 44.873231905308366 ], [ -73.393599672247831, 44.870604116954688 ], [ -73.395474864080924, 44.866526704407498 ], [ -73.391687821964638, 44.857521601598272 ], [ -73.386977794131553, 44.857326826077362 ], [ -73.387221557373792, 44.854850032253445 ], [ -73.385671836846228, 44.85403546181891 ], [ -73.387213211126479, 44.851406755070904 ], [ -73.394487399089698, 44.847109573195027 ], [ -73.394973393048303, 44.845041838561841 ], [ -73.393273729326793, 44.844215892692176 ], [ -73.397747444544578, 44.842436976360972 ], [ -73.402927802412663, 44.842876355643114 ], [ -73.408810020300407, 44.83995738345692 ], [ -73.409787275040102, 44.837898810141574 ], [ -73.409388914432427, 44.834823958726666 ], [ -73.405935454510356, 44.833241026846004 ], [ -73.40597530557298, 44.830754635554356 ], [ -73.401976025691027, 44.827533598310922 ], [ -73.39888256382244, 44.816926832699608 ], [ -73.391231314306921, 44.814644150775607 ], [ -73.390021162346642, 44.810190011305117 ], [ -73.388737187734634, 44.810338626967898 ], [ -73.389087032130462, 44.814297410860618 ], [ -73.381350781327825, 44.814663103416045 ], [ -73.375733162206998, 44.821059602437565 ], [ -73.371760997073551, 44.821050662723778 ], [ -73.371021545254195, 44.816054937693387 ], [ -73.369430624394425, 44.81483115592183 ], [ -73.369704700387615, 44.811248652950994 ], [ -73.364173632147782, 44.809121162071705 ], [ -73.365515760996345, 44.805252906683982 ], [ -73.360310019433285, 44.800749465585461 ], [ -73.365230805506755, 44.79156336243598 ], [ -73.364164356144173, 44.789837290988345 ], [ -73.367974330453052, 44.786809973878761 ], [ -73.365204912467007, 44.785453226333843 ], [ -73.368464968701659, 44.783584853307218 ], [ -73.369869397511806, 44.784662452817173 ], [ -73.374982234409856, 44.779330923706503 ], [ -73.375941597404051, 44.77684125052901 ], [ -73.37449512474366, 44.77595367350748 ], [ -73.380411709479247, 44.766705657852825 ], [ -73.383447274029479, 44.764678845043314 ], [ -73.383017229841698, 44.771463419102638 ], [ -73.377278508837449, 44.77738113791559 ], [ -73.378532785146149, 44.779007451724304 ], [ -73.387111967400713, 44.770430446896334 ], [ -73.385225423557358, 44.773867360045564 ], [ -73.389655976522391, 44.771394821904231 ], [ -73.389241994211901, 44.774404830291161 ], [ -73.391550549507755, 44.775192930171769 ], [ -73.405674507395034, 44.77182301098761 ], [ -73.407696905255435, 44.768904075044176 ], [ -73.411233800701112, 44.750145014243039 ], [ -73.412464676794968, 44.74816137131932 ], [ -73.413650162814179, 44.749527741067034 ], [ -73.41724807363056, 44.748496307157737 ], [ -73.417007382626593, 44.747273457569911 ], [ -73.413283549566941, 44.747779124324325 ], [ -73.413520074184618, 44.7456862016152 ], [ -73.410792864440523, 44.743533352290441 ], [ -73.407297773893234, 44.743931251622712 ], [ -73.404450297698901, 44.736934853291515 ], [ -73.399637188186958, 44.734134710672372 ], [ -73.398729897834841, 44.73177585035576 ], [ -73.391492506662303, 44.732372009231696 ], [ -73.389621485707053, 44.731040372806348 ], [ -73.386438216564571, 44.723311521710826 ], [ -73.378502373580531, 44.719642963242784 ], [ -73.378439261541914, 44.715564300968815 ], [ -73.382570348530578, 44.705826416659377 ], [ -73.380298176800395, 44.69874367412617 ], [ -73.385455262912686, 44.690904104673955 ], [ -73.392999130514085, 44.694011701270313 ], [ -73.407546423970629, 44.709550054604058 ], [ -73.408030322159661, 44.712367414701717 ], [ -73.410606002285007, 44.713699037324581 ], [ -73.409841235042606, 44.715765383536656 ], [ -73.411477793912056, 44.718217674272552 ], [ -73.41795945489396, 44.723214322821555 ], [ -73.437452401587635, 44.718430797164096 ], [ -73.446249237550688, 44.713532233311774 ], [ -73.447543682925641, 44.709345829848019 ], [ -73.445689640129288, 44.7075729260266 ], [ -73.4435741040419, 44.708728046404062 ], [ -73.444166449546998, 44.707314138228746 ], [ -73.441251585333305, 44.707152906660525 ], [ -73.444669015625976, 44.705260661139071 ], [ -73.444967093705216, 44.7013632032331 ], [ -73.446834274362629, 44.699978544664233 ], [ -73.444613667726358, 44.698062026031458 ], [ -73.440521316991081, 44.698277581919612 ], [ -73.44221563663497, 44.696116525282548 ], [ -73.440907710242556, 44.695310891566955 ], [ -73.442958641291312, 44.694933336804262 ], [ -73.444458774815189, 44.692035976983298 ], [ -73.444332489652538, 44.685167109977357 ], [ -73.441530534686905, 44.681446676969458 ], [ -73.442292271911867, 44.666703881324047 ], [ -73.438466532169741, 44.657781449342345 ], [ -73.439593678001131, 44.654328816195189 ], [ -73.436679575558813, 44.653493401278126 ], [ -73.436170244267444, 44.64719106730297 ], [ -73.433453431624443, 44.644867201003393 ], [ -73.437862006407727, 44.637308249573522 ], [ -73.445628666979374, 44.633478975759566 ], [ -73.444061803002924, 44.62944888661707 ], [ -73.44731025480074, 44.625210434442259 ], [ -73.443934895307791, 44.61921923773783 ], [ -73.438251819545471, 44.616492962179038 ], [ -73.436421208404994, 44.610148693372501 ], [ -73.439934532955917, 44.606457141211827 ], [ -73.437925861353079, 44.60576512498146 ], [ -73.438061957915238, 44.596706169234658 ], [ -73.439984487370538, 44.591013458239715 ], [ -73.439453405171207, 44.58240590015658 ], [ -73.436283627825972, 44.579368452761052 ], [ -73.437591788678688, 44.577623734718593 ], [ -73.432798128590974, 44.572862308755397 ], [ -73.422365339222964, 44.571480037841702 ], [ -73.420756898520239, 44.567256077606793 ], [ -73.423382976827966, 44.567010406335882 ], [ -73.422488946507741, 44.565429259332902 ], [ -73.425514510113899, 44.561717092021254 ], [ -73.425336639196061, 44.559655263215703 ], [ -73.422358057479272, 44.557452737120101 ], [ -73.426878598279572, 44.549796558570939 ], [ -73.418270430085741, 44.539887470853415 ], [ -73.408163218922795, 44.532896548930538 ], [ -73.407039113888644, 44.529179329646723 ], [ -73.403487252510359, 44.527038018196386 ], [ -73.404239198997018, 44.526205319997516 ], [ -73.401884876334094, 44.522866251110216 ], [ -73.387882432656966, 44.520133001575886 ], [ -73.385308514127885, 44.517374064638403 ], [ -73.385919107111349, 44.508040682940567 ], [ -73.398360224027442, 44.500917555609632 ], [ -73.400505013752039, 44.497458052000873 ], [ -73.413110397499295, 44.489894940183945 ], [ -73.416911968967, 44.485536313636509 ], [ -73.416987478654832, 44.482621837630234 ], [ -73.409925899461498, 44.472871999350318 ], [ -73.403612876512938, 44.46844635277774 ], [ -73.39853830604936, 44.468027529062709 ], [ -73.396380223055189, 44.462535384752805 ], [ -73.397497533232539, 44.458654164059169 ], [ -73.396340854387873, 44.458385436775927 ], [ -73.397801389275713, 44.45678619680433 ], [ -73.396941557818366, 44.452962970569203 ], [ -73.400509425378388, 44.445181063883169 ], [ -73.399705972188286, 44.442945039603742 ], [ -73.402113443674978, 44.436595045423495 ], [ -73.409511339534305, 44.429337997545232 ], [ -73.417444429182012, 44.407595849961361 ], [ -73.414579120530945, 44.404534218195501 ], [ -73.411943961154023, 44.396705232618324 ], [ -73.405237859691624, 44.394331808464393 ], [ -73.404555411366928, 44.391755196376856 ], [ -73.39889791782727, 44.396082709331068 ], [ -73.394104343079505, 44.393758456338489 ], [ -73.388940533975614, 44.397192022020519 ], [ -73.388212043399321, 44.399470184445356 ], [ -73.390936126107917, 44.399778421951389 ], [ -73.393363640805262, 44.403342716577676 ], [ -73.39879518918633, 44.406425082797966 ], [ -73.397358883658327, 44.410835439216875 ], [ -73.389997625587867, 44.413399720014176 ], [ -73.392813075944048, 44.429401747837517 ], [ -73.388981819647753, 44.430783423733558 ], [ -73.389000106651991, 44.433262678388964 ], [ -73.383086034504245, 44.440856861412513 ], [ -73.382957540384339, 44.444549966923638 ], [ -73.378559279158821, 44.445845326239429 ], [ -73.376595959003097, 44.448780610105771 ], [ -73.375112738061063, 44.442070921139347 ], [ -73.376921677345337, 44.439662264989046 ], [ -73.372357732645455, 44.431846336295102 ], [ -73.371848629526156, 44.418814385821378 ], [ -73.370020827417548, 44.416177651263325 ], [ -73.364276385941565, 44.414566273019219 ], [ -73.372328337972718, 44.409431422720729 ], [ -73.375409852248026, 44.402791433450687 ], [ -73.380682938711303, 44.401946880318654 ], [ -73.381650967753046, 44.398892593931052 ], [ -73.377397675749762, 44.396750373181206 ], [ -73.375877375047764, 44.39374969389479 ], [ -73.376811584315675, 44.384669172800677 ], [ -73.372729516595456, 44.382977925540438 ], [ -73.372705653748241, 44.378084953674168 ], [ -73.364233179671345, 44.377487504153144 ], [ -73.360792834254099, 44.371044871289122 ], [ -73.361482119656444, 44.365857225375734 ], [ -73.358094230461916, 44.363988711105165 ], [ -73.355216071410723, 44.359812124700504 ], [ -73.358694747941144, 44.357942275639594 ], [ -73.358413262643481, 44.355026002912865 ], [ -73.355147587446723, 44.354903242921623 ], [ -73.359424749483736, 44.350343666024123 ], [ -73.357657194686297, 44.342114212210078 ], [ -73.354203269436908, 44.33645284060033 ], [ -73.347911311981761, 44.331625167065219 ], [ -73.346499148677012, 44.318419216454984 ], [ -73.347915972441456, 44.314469247939073 ], [ -73.351758659799728, 44.310929931323955 ], [ -73.348505595152901, 44.30863429783863 ], [ -73.349641145622087, 44.306230572093042 ], [ -73.347309667116861, 44.305148761499808 ], [ -73.350616804055562, 44.297688409451844 ], [ -73.348464361583055, 44.291888014297761 ], [ -73.345264216689642, 44.289402484858464 ], [ -73.349932737865018, 44.27284816155084 ], [ -73.339022862232753, 44.26775917690685 ], [ -73.324143337648195, 44.268985314547592 ], [ -73.322249086259717, 44.270779765159325 ], [ -73.32133418088894, 44.269146530672906 ], [ -73.323972267875376, 44.261223945359603 ], [ -73.327309620546984, 44.259505934161098 ], [ -73.328282578644689, 44.255998779456469 ], [ -73.330730218299323, 44.255758999470871 ], [ -73.332134326410909, 44.252049223551239 ], [ -73.341277304812508, 44.247713656499272 ], [ -73.343925281351915, 44.243743408667477 ], [ -73.353437105314228, 44.240429026764822 ], [ -73.35330738499394, 44.237239964384635 ], [ -73.357917132993549, 44.235419749145557 ], [ -73.358525904193598, 44.229254204610129 ], [ -73.363758424535263, 44.227688777212322 ], [ -73.359911355195038, 44.22350475607989 ], [ -73.359825949666032, 44.220854676011498 ], [ -73.372163192589213, 44.210329680615025 ], [ -73.373895317831838, 44.211770573366998 ], [ -73.375656806306154, 44.20672659776838 ], [ -73.378850809417969, 44.205218871168753 ], [ -73.384100271985901, 44.205434996783417 ], [ -73.385273146556827, 44.204322483902367 ], [ -73.38412135724225, 44.202847175585397 ], [ -73.388157668375172, 44.2007042272975 ], [ -73.392231165269294, 44.201256064706868 ], [ -73.391337270594676, 44.199790413228044 ], [ -73.394223152462359, 44.198382724032392 ], [ -73.393944492366288, 44.200108190798353 ], [ -73.398192796923098, 44.200963464120903 ], [ -73.400723440909985, 44.200198553140694 ], [ -73.402166400259304, 44.197041063421494 ], [ -73.407726884731417, 44.198347870437161 ], [ -73.424384245331836, 44.195277326771702 ], [ -73.423523686239108, 44.193498411048296 ], [ -73.425908017124115, 44.191892731930587 ], [ -73.429627991021306, 44.192815017825808 ], [ -73.43435320217931, 44.189163849310852 ], [ -73.432310533834539, 44.187666087169838 ], [ -73.433807242082253, 44.187027976676347 ], [ -73.433167540988634, 44.184308395645658 ], [ -73.42730837117611, 44.177829597593515 ], [ -73.421663237556459, 44.174540678537717 ], [ -73.421302381611895, 44.171939219841825 ], [ -73.412883978030251, 44.166953567166232 ], [ -73.408347594541596, 44.167448968609747 ], [ -73.403566054523694, 44.163921531269722 ], [ -73.403757150439148, 44.160026313253333 ], [ -73.405998746212006, 44.160219601096486 ], [ -73.406854985306552, 44.158240915689909 ], [ -73.403505051729383, 44.156695804614444 ], [ -73.403780111377813, 44.152773113501816 ], [ -73.408588838009464, 44.152220175063931 ], [ -73.4127348999139, 44.143625510424236 ], [ -73.414631416853524, 44.144947710080757 ], [ -73.418404351826609, 44.142408297768668 ], [ -73.420728488401039, 44.144123925393032 ], [ -73.424576727347784, 44.141197783115039 ], [ -73.426936602497463, 44.141372281712343 ], [ -73.425073746329858, 44.13760501618772 ], [ -73.426922781018519, 44.135602651616232 ], [ -73.425381268397686, 44.119556136696268 ], [ -73.429276837780108, 44.113741140673071 ], [ -73.428921209132184, 44.111052616994783 ], [ -73.433638793593417, 44.112333662983829 ], [ -73.433764377171826, 44.108447322700584 ], [ -73.436125900730076, 44.104794367572048 ], [ -73.446404210411913, 44.098968089366792 ], [ -73.443489894170554, 44.093883094245861 ], [ -73.444866029642512, 44.089804598848545 ], [ -73.444145501732905, 44.084511249280524 ], [ -73.44950640121013, 44.06980898297396 ], [ -73.450701923207703, 44.056404297938393 ], [ -73.453357547105128, 44.052857561044462 ], [ -73.450408942169346, 44.050350305433668 ], [ -73.452408173376867, 44.051072991835348 ], [ -73.455510486345958, 44.04894247524409 ], [ -73.45571718869283, 44.04251350661216 ], [ -73.458777122740088, 44.039639098895343 ], [ -73.455318512776472, 44.034980563245099 ], [ -73.460584236647691, 44.032340772903993 ], [ -73.456794003715473, 44.024695364932938 ], [ -73.455848446928897, 44.015082544721615 ], [ -73.451542308834078, 44.011598727520926 ], [ -73.45201112071625, 44.007700993144262 ], [ -73.45061476237062, 44.007417392148021 ], [ -73.452490605482296, 44.005341762576322 ], [ -73.453104996542777, 44.000351041732252 ], [ -73.448159573274324, 43.999808826299677 ], [ -73.443691493188297, 44.001820514133051 ], [ -73.449208195570094, 44.003639273811437 ], [ -73.448436630775944, 44.004372027000194 ], [ -73.440304328035893, 44.004132646752211 ], [ -73.434917283092304, 44.007620041959875 ], [ -73.433903954705727, 44.013266136717718 ], [ -73.436744032375373, 44.018328643730314 ], [ -73.434152109811393, 44.023150672217945 ], [ -73.436925988831121, 44.02789577383048 ], [ -73.443263334564321, 44.030107183215939 ], [ -73.436556117394375, 44.029029374935298 ], [ -73.434339398666665, 44.031962395705406 ], [ -73.4264185189203, 44.031165204880104 ], [ -73.424184128534321, 44.029264756194983 ], [ -73.421273172890437, 44.030190259602293 ], [ -73.42120298572064, 44.027859557473015 ], [ -73.416872278702826, 44.026171495553804 ], [ -73.418065677083035, 44.015054300944755 ], [ -73.41677404073998, 44.008231568597473 ], [ -73.414547628292041, 44.00702509420794 ], [ -73.417285183933274, 44.001794939202455 ], [ -73.412707281210487, 43.999000880623434 ], [ -73.419923921299983, 43.993300388226032 ], [ -73.420254109659069, 43.989592367108642 ], [ -73.418758265590682, 43.987493241577674 ], [ -73.420729799043045, 43.984843566267806 ], [ -73.417320700624643, 43.983267040861712 ], [ -73.41963128521472, 43.981419507476907 ], [ -73.420667009499653, 43.976978003663326 ], [ -73.419100456340274, 43.972115784058325 ], [ -73.415722684870772, 43.970959492531364 ], [ -73.413184592951893, 43.967841157786765 ], [ -73.415083824600288, 43.967615014338541 ], [ -73.409970634664347, 43.957958429905936 ], [ -73.414054925714893, 43.953850874362544 ], [ -73.409586717169788, 43.950590035209203 ], [ -73.41359566382252, 43.948803826883037 ], [ -73.412379570404951, 43.947171822076683 ], [ -73.414722354208052, 43.947599796009051 ], [ -73.413244096457987, 43.944916006719701 ], [ -73.416465637424835, 43.943288421554762 ], [ -73.415281695609622, 43.936764381965105 ], [ -73.413486834722477, 43.934838494967437 ], [ -73.416601977430446, 43.931236983243423 ], [ -73.417393098548345, 43.927507925364644 ], [ -73.41304586791918, 43.923159697483641 ], [ -73.41088284329264, 43.915520943304379 ], [ -73.410976754969084, 43.913478335834043 ], [ -73.413797049041236, 43.911759476337487 ], [ -73.414476293973649, 43.907229908488397 ], [ -73.412421589102365, 43.904498526148352 ], [ -73.401436279240755, 43.903039905551672 ], [ -73.397789456953802, 43.899953913083749 ], [ -73.397065847822745, 43.894507606403053 ], [ -73.389725532176541, 43.890869211747422 ], [ -73.390124014056795, 43.888549807722924 ], [ -73.388282621336245, 43.886965892308368 ], [ -73.391375086074873, 43.883188437524289 ], [ -73.390731276087166, 43.877986183472565 ], [ -73.384780506861773, 43.876391896583655 ], [ -73.388063652494168, 43.865321518512111 ], [ -73.385895666472308, 43.861226873372942 ], [ -73.38849839397254, 43.85725198363771 ], [ -73.385074221823686, 43.854092474276413 ], [ -73.384257570585419, 43.849743129901775 ], [ -73.377028596627085, 43.848053525332226 ], [ -73.378936384728576, 43.847648834303605 ], [ -73.384211540011947, 43.839347906916835 ], [ -73.393438562994888, 43.839701869608007 ], [ -73.392992291639843, 43.835307957205664 ], [ -73.396311982534627, 43.840624054077239 ], [ -73.39592685231446, 43.842910334913334 ], [ -73.399370014848429, 43.83994274368272 ], [ -73.400212946300329, 43.83795825600216 ], [ -73.395030137828172, 43.835403304229345 ], [ -73.3998798698576, 43.833673946136877 ], [ -73.400149476732253, 43.825554365725573 ], [ -73.398589726514544, 43.823588625796688 ], [ -73.400810416694128, 43.817807113660422 ], [ -73.395783781232424, 43.81426804083906 ], [ -73.393735754436975, 43.810732732051292 ], [ -73.385347584554538, 43.808445488786298 ], [ -73.384679765294223, 43.80414566419141 ], [ -73.380108383442092, 43.802385993010525 ], [ -73.377998272280749, 43.796525559521776 ], [ -73.373699220995192, 43.795898988601955 ], [ -73.373635453186452, 43.792894965979841 ], [ -73.366783512932628, 43.787765964092273 ], [ -73.361712854632117, 43.768311507440572 ], [ -73.363200073975477, 43.768213722456508 ], [ -73.367429785202546, 43.753299003802368 ], [ -73.374248034141615, 43.741656970425218 ], [ -73.372994125243864, 43.736878754963449 ], [ -73.374106420126978, 43.734182950060713 ], [ -73.371495517059344, 43.728218418542035 ], [ -73.380522437617785, 43.717469325952628 ], [ -73.391312109681877, 43.712802892395182 ], [ -73.39655349998867, 43.697799241564205 ], [ -73.40573783772426, 43.690365943167727 ], [ -73.406251453979536, 43.681920013927353 ], [ -73.405141091372585, 43.680713386715439 ], [ -73.412492454500196, 43.669395360281719 ], [ -73.408930609245829, 43.671172041229013 ], [ -73.412570337537005, 43.661585145527042 ], [ -73.418210738831746, 43.658977408747916 ], [ -73.420238691873863, 43.6554701508596 ], [ -73.41770503942908, 43.654744237128185 ], [ -73.415670340937496, 43.659251916007847 ], [ -73.417283531931474, 43.653631880875807 ], [ -73.424531295950587, 43.651044516222285 ], [ -73.427705219020879, 43.648215664719594 ], [ -73.432752844517509, 43.63925016321781 ], [ -73.426490792876479, 43.631430846423022 ], [ -73.430219666383195, 43.631214238214504 ], [ -73.427462337025915, 43.627175058857226 ], [ -73.423610086203141, 43.625625877359361 ], [ -73.425779995518013, 43.631118044083408 ], [ -73.418327714753104, 43.621630941560568 ], [ -73.42471368629262, 43.612162657731623 ], [ -73.422526085556541, 43.602735642043797 ], [ -73.432236014090137, 43.588579193356694 ], [ -73.427936579223967, 43.58256845707286 ], [ -73.432337849805691, 43.58534474348648 ], [ -73.432151613775943, 43.582040304465892 ], [ -73.436116645387699, 43.582937963192087 ], [ -73.436894289979705, 43.579608596345992 ], [ -73.43456013000332, 43.580951247253296 ], [ -73.432412489026021, 43.579063845496783 ], [ -73.437961865829649, 43.57706117012988 ], [ -73.43206327614584, 43.576395389798222 ], [ -73.435880088430679, 43.572257983530903 ], [ -73.440586617325721, 43.573821205950836 ], [ -73.441343436274494, 43.572632338483231 ], [ -73.438238476868577, 43.57090654236044 ], [ -73.442718525209131, 43.570562971791034 ], [ -73.437159377430149, 43.569624979447177 ], [ -73.436604067667602, 43.568302063127817 ], [ -73.439855505465431, 43.565968934672775 ], [ -73.44345925802611, 43.566737527795269 ], [ -73.44024579560859, 43.565064215077207 ], [ -73.442651734569438, 43.56337852204814 ], [ -73.447125200953906, 43.563814254636711 ], [ -73.44499295350731, 43.561374357087196 ], [ -73.449245642741033, 43.55778241462027 ], [ -73.452508311276546, 43.560599655925422 ], [ -73.453398978304335, 43.559334785379377 ], [ -73.451430768618522, 43.557392749712449 ], [ -73.453641486600119, 43.556769921855363 ], [ -73.451771153754407, 43.555197879586217 ], [ -73.4552298167186, 43.551273336523508 ], [ -73.473072795390564, 43.544638870704283 ], [ -73.478649456724327, 43.537107396223583 ], [ -73.48421871773678, 43.535252484785993 ], [ -73.487756066831636, 43.532208018475835 ], [ -73.483202660268361, 43.531632152912643 ], [ -73.483258714243775, 43.533314825167679 ], [ -73.474966397297095, 43.534431496116369 ], [ -73.475712065458254, 43.535612023008525 ], [ -73.47141569205057, 43.534577894751557 ], [ -73.473412125005993, 43.536176913908719 ], [ -73.470859166867442, 43.536385789188522 ], [ -73.472310931503159, 43.538806591535675 ], [ -73.468750583740388, 43.538961452238127 ], [ -73.450191212104059, 43.548940691886891 ], [ -73.446592709297875, 43.548515437172838 ], [ -73.44317507149438, 43.553420189719731 ], [ -73.435705756875052, 43.556357283551733 ], [ -73.426500659971566, 43.565931748602125 ], [ -73.428177943066089, 43.571415575824766 ], [ -73.423176227768678, 43.577885266140342 ], [ -73.423278214401208, 43.579941418909307 ], [ -73.426946940309762, 43.582517221066688 ], [ -73.421308689581807, 43.581176294398048 ], [ -73.417802400636205, 43.577560862379933 ], [ -73.40307811032261, 43.569455740515096 ], [ -73.404422749064082, 43.568190688159476 ], [ -73.40049792245118, 43.560876313504274 ], [ -73.40150784262957, 43.55836399214796 ], [ -73.400459468268821, 43.557563159821257 ], [ -73.397339126111959, 43.562055626068101 ], [ -73.400932046786963, 43.568714497262384 ], [ -73.396243874964753, 43.567907518905379 ], [ -73.395594555609406, 43.569508394153544 ], [ -73.391591681567959, 43.570361865085282 ], [ -73.390595252288534, 43.574471199396896 ], [ -73.383906446988618, 43.576021193603019 ], [ -73.383004197083565, 43.579582091736178 ], [ -73.385663184273398, 43.583200210227432 ], [ -73.382510460545532, 43.586245087763068 ], [ -73.386181655922798, 43.587984533790149 ], [ -73.387411604056979, 43.590527601814181 ], [ -73.382163506928293, 43.591862843246503 ], [ -73.384154332599721, 43.597081456237511 ], [ -73.377336702599862, 43.598679928870943 ], [ -73.378060213814521, 43.600337498842492 ], [ -73.372974333561501, 43.604526822076771 ], [ -73.373496063400438, 43.607212806874479 ], [ -73.3768854294253, 43.609114509142529 ], [ -73.37480253721705, 43.610181741723025 ], [ -73.376377994477508, 43.612786818410413 ], [ -73.369794937056213, 43.619608709002932 ], [ -73.372371948484812, 43.621964559864338 ], [ -73.371227364557129, 43.624990527543581 ], [ -73.365964545837556, 43.623407511533124 ], [ -73.354193412223296, 43.626021047305116 ], [ -73.349177159489642, 43.621495195682819 ], [ -73.34403269919865, 43.626330653533046 ], [ -73.341442857132847, 43.624589453536622 ], [ -73.334317034921952, 43.62671882220247 ], [ -73.333767102474695, 43.628151831528946 ], [ -73.328459023936162, 43.625646262928981 ], [ -73.318237822851856, 43.628396220048494 ], [ -73.310883862694766, 43.624059396353871 ], [ -73.306952908673324, 43.62802122940257 ], [ -73.302947686435772, 43.626083190674493 ], [ -73.301993832809188, 43.623497092296311 ], [ -73.303276839037323, 43.620568436379685 ], [ -73.300489057690257, 43.617752223928072 ], [ -73.302274931831263, 43.609730449457537 ], [ -73.298428735653502, 43.61017095182914 ], [ -73.292265513965106, 43.603197184680738 ], [ -73.290993089891018, 43.599083115624644 ], [ -73.297169710850198, 43.58748568087551 ], [ -73.292343847956175, 43.584999588205555 ], [ -73.297472617374112, 43.579600134576978 ], [ -73.29574048943654, 43.577119715156655 ], [ -73.294222556693612, 43.578609751886923 ], [ -73.290215855829089, 43.577646954938224 ], [ -73.285004515965198, 43.579421098546085 ], [ -73.281216055409047, 43.577695970086779 ], [ -73.280688314044255, 43.573490216764185 ], [ -73.276531104945448, 43.574624032963506 ], [ -73.271818000382524, 43.571965171063034 ], [ -73.267992337895535, 43.572212958781357 ], [ -73.267369546688826, 43.570782906281423 ], [ -73.269086115805678, 43.569988272494818 ], [ -73.264921144364521, 43.569439366706781 ], [ -73.262001838880053, 43.565530916712177 ], [ -73.260504606914537, 43.566527875715664 ], [ -73.252436659481447, 43.556678713167905 ], [ -73.254441232071656, 43.555722220267313 ], [ -73.249170072494664, 43.554017831890775 ], [ -73.248840344971313, 43.551462707159573 ], [ -73.250709448023414, 43.55037478650739 ], [ -73.249209028835281, 43.545520477402611 ], [ -73.250947731542411, 43.543887604480709 ], [ -73.24758632647908, 43.542811452776292 ], [ -73.243800746820071, 43.5358668528404 ], [ -73.24171020006726, 43.534883186266043 ], [ -73.242821973927533, 43.53418137328547 ], [ -73.241324061039023, 43.532513470475848 ], [ -73.243276275322899, 43.53047054156557 ], [ -73.24209433046255, 43.529277440351187 ], [ -73.246860529950325, 43.526103089175386 ], [ -73.247969962800951, 43.523538771424505 ], [ -73.246981374915606, 43.518642343185228 ], [ -73.248350045387554, 43.516483500825707 ], [ -73.246818430404545, 43.515610570287464 ], [ -73.256541005420715, 43.258296242006843 ], [ -73.270132174309637, 43.030657304037319 ], [ -73.278348530614196, 42.83758486593382 ], [ -73.278724357881302, 42.833502060798565 ], [ -73.285348930943442, 42.834105833274215 ], [ -73.287009198149875, 42.820214034350883 ], [ -73.283599066668899, 42.814039116501419 ], [ -73.290966587793505, 42.801966199843569 ], [ -73.27609714859463, 42.745974208627963 ], [ -73.264865294306674, 42.74582596157078 ], [ -73.508279180831892, 42.086168749429383 ], [ -73.496893815241663, 42.049681329057293 ], [ -73.487337987305168, 42.049601036034908 ], [ -73.489417686900893, 42.008792844991468 ], [ -73.509848065119414, 41.772621567608162 ], [ -73.521307228208556, 41.620881120233207 ], [ -73.531696953240157, 41.51706693991386 ], [ -73.536813095040145, 41.437903103965311 ], [ -73.551407775526215, 41.29511899242511 ], [ -73.481948725319469, 41.212705748696145 ], [ -73.727812594305576, 41.100698547583022 ], [ -73.655299458982398, 41.012238918689 ], [ -73.660130146727809, 41.000468327552376 ], [ -73.657717271874674, 40.989976948299187 ], [ -73.6625950744601, 40.987673212563067 ], [ -73.662856822872627, 40.984992597850386 ], [ -73.664789498799081, 40.984194174803555 ], [ -73.663691671283615, 40.979939090329047 ], [ -73.665297508668672, 40.978602519652554 ], [ -73.659948881974827, 40.975915440443451 ], [ -73.661349545945612, 40.978186367075878 ], [ -73.659708710197094, 40.979080123120426 ], [ -73.660515602138133, 40.982099674884658 ], [ -73.662631252311542, 40.981368718736718 ], [ -73.661039925413277, 40.982765954435948 ], [ -73.657849983584853, 40.982652587584454 ], [ -73.656312792758868, 40.979672173601493 ], [ -73.659716582133925, 40.974924244409344 ], [ -73.659475767162462, 40.969638743145445 ], [ -73.661872324118477, 40.965911369376329 ], [ -73.664903182394923, 40.967255591375555 ], [ -73.668314916470351, 40.965442571517229 ], [ -73.672064347024033, 40.966622687435766 ], [ -73.670471067188345, 40.965639061577981 ], [ -73.673362733308153, 40.963448798308278 ], [ -73.677362753401894, 40.963422699056949 ], [ -73.677516869270363, 40.95975822779635 ], [ -73.679392578533054, 40.960016604264098 ], [ -73.681061895367662, 40.956233656543048 ], [ -73.684491700851666, 40.95550182899634 ], [ -73.683179252340111, 40.954011064888668 ], [ -73.684520053478664, 40.951524316402029 ], [ -73.681746725126189, 40.953771133476216 ], [ -73.682400082408734, 40.949054773056588 ], [ -73.684315669683528, 40.949310220997127 ], [ -73.68396567526905, 40.95078867926604 ], [ -73.687476359671365, 40.948361918252871 ], [ -73.685356581739228, 40.947625138561811 ], [ -73.686072980991781, 40.9456865205483 ], [ -73.683133865858679, 40.944161285456055 ], [ -73.683999237226402, 40.943320304972467 ], [ -73.692086572099939, 40.94491886556321 ], [ -73.694321939852955, 40.943936039252861 ], [ -73.693132883928811, 40.941915849993642 ], [ -73.695258575470461, 40.941383328258553 ], [ -73.694445469882623, 40.94032312104499 ], [ -73.698340855110402, 40.93919660856772 ], [ -73.693609412339256, 40.948544113719954 ], [ -73.692401188163601, 40.954695589637666 ], [ -73.691007521170562, 40.955223179727135 ], [ -73.692967648713761, 40.955621992140713 ], [ -73.68988386529405, 40.956721468547357 ], [ -73.689535797765856, 40.958066826808661 ], [ -73.6912789318623, 40.958353235093746 ], [ -73.701563105746331, 40.946137986136364 ], [ -73.702311668279322, 40.949325829618232 ], [ -73.707935892712442, 40.944334702714251 ], [ -73.716232797355246, 40.945272573902251 ], [ -73.71809420094705, 40.94199231396292 ], [ -73.719352095669734, 40.943553580492321 ], [ -73.722251106415285, 40.941514824762912 ], [ -73.726378388140418, 40.942029297019069 ], [ -73.728170864898772, 40.944949113218442 ], [ -73.727701209498562, 40.947964618466337 ], [ -73.725580851254747, 40.949523757876911 ], [ -73.732559957918497, 40.948838017924224 ], [ -73.729320878244053, 40.945463255420343 ], [ -73.729951706677582, 40.943107953140348 ], [ -73.735663011099362, 40.944900794180548 ], [ -73.737396581731304, 40.943134574087537 ], [ -73.729209586861799, 40.940150662268813 ], [ -73.728914617851743, 40.941415009314568 ], [ -73.72605299768324, 40.941111003414228 ], [ -73.721052782572372, 40.938643666938113 ], [ -73.723695516543785, 40.936017276721117 ], [ -73.722474545274238, 40.934139952456924 ], [ -73.724621957181128, 40.931642113392762 ], [ -73.721323868972277, 40.93220619417712 ], [ -73.722997952267789, 40.930461048392978 ], [ -73.725024693482567, 40.931121025270819 ], [ -73.725070971991059, 40.928229313118862 ], [ -73.731818706773595, 40.928022492421668 ], [ -73.734393910791837, 40.921520319847012 ], [ -73.736242465780123, 40.922789489700726 ], [ -73.734265118431239, 40.928818731043954 ], [ -73.730655896028793, 40.928902986695682 ], [ -73.731674181319121, 40.931526379051419 ], [ -73.738253967076133, 40.927279885756803 ], [ -73.733769746959396, 40.932668870386813 ], [ -73.736031248500638, 40.931455058157248 ], [ -73.737469348862575, 40.93248620424523 ], [ -73.736693482036515, 40.930718602933929 ], [ -73.741619306760398, 40.92753295758817 ], [ -73.743875770549536, 40.928684903042473 ], [ -73.742336706736197, 40.930631061391999 ], [ -73.743205117104509, 40.932635811528897 ], [ -73.744249337655376, 40.928705654975822 ], [ -73.745850873906846, 40.929430951855956 ], [ -73.744564924797857, 40.928137080458001 ], [ -73.74610158112624, 40.926475900653493 ], [ -73.743385093673353, 40.927547448766688 ], [ -73.74575505959865, 40.926100334396921 ], [ -73.743354041608939, 40.925869209217858 ], [ -73.745002159101148, 40.923200551348842 ], [ -73.743020410905672, 40.921986317433522 ], [ -73.744769782005122, 40.920203535862235 ], [ -73.742750160837289, 40.918837302138598 ], [ -73.743876747018248, 40.917584003098249 ], [ -73.748060880422756, 40.917594950333708 ], [ -73.748075990085837, 40.915545401026137 ], [ -73.75607104552185, 40.913297400308409 ], [ -73.760274046242259, 40.909040144138658 ], [ -73.760344069918645, 40.907044528691074 ], [ -73.761087111405914, 40.908957120492495 ], [ -73.759118566648482, 40.911953828517987 ], [ -73.756842321058471, 40.913424887719387 ], [ -73.754253720464405, 40.914008146770058 ], [ -73.754481161317912, 40.917290147178399 ], [ -73.758603690955184, 40.916319972476352 ], [ -73.76045390153854, 40.91179951869605 ], [ -73.764289635936521, 40.915358633534815 ], [ -73.763879155259005, 40.916913309558737 ], [ -73.767135885930486, 40.913625133907132 ], [ -73.762985676504371, 40.913113540812603 ], [ -73.763816487886473, 40.911015531826095 ], [ -73.767134741476823, 40.913113914864518 ], [ -73.76946004047123, 40.911772589812138 ], [ -73.770664691148696, 40.914700062612482 ], [ -73.770732309136775, 40.91291562293015 ], [ -73.773418046359154, 40.912295464537515 ], [ -73.769787234745479, 40.910714086648731 ], [ -73.772273639399572, 40.906905109791687 ], [ -73.767575160307786, 40.908631308141651 ], [ -73.769388002771962, 40.904797194887088 ], [ -73.764498455612511, 40.902919231514865 ], [ -73.763880590766831, 40.900758417361189 ], [ -73.766460190241759, 40.898354975851433 ], [ -73.765574065994372, 40.897866431304713 ], [ -73.769744541413274, 40.897375490277518 ], [ -73.769575754259606, 40.894449259102018 ], [ -73.773383811563662, 40.89385504884703 ], [ -73.77252190409969, 40.891547087375919 ], [ -73.779225974471217, 40.889468066428023 ], [ -73.780210385190486, 40.890760753874751 ], [ -73.776678357715355, 40.894562861637873 ], [ -73.774177311420445, 40.900932713757634 ], [ -73.776210863661717, 40.901009925866745 ], [ -73.777833170759166, 40.895647217006854 ], [ -73.780533815523697, 40.892745416994302 ], [ -73.782785645802591, 40.89292412874974 ], [ -73.781113617852469, 40.891957874716816 ], [ -73.781837194644154, 40.890180351138902 ], [ -73.785863860565868, 40.889236603332094 ], [ -73.783695204400829, 40.890696227432457 ], [ -73.783168938968018, 40.892335223299696 ], [ -73.78880540743846, 40.888495408822649 ], [ -73.785739787953787, 40.888086592514362 ], [ -73.789721255141984, 40.883312363578369 ], [ -73.792228930105367, 40.884405656279405 ], [ -73.795662818432334, 40.880950471411133 ], [ -73.795851425116126, 40.877652403102026 ], [ -73.803061160754353, 40.868929060937177 ], [ -73.809017579484575, 40.8711834652904 ], [ -73.802224251608095, 40.865527987444977 ], [ -73.797591990030853, 40.872390088113114 ], [ -73.794991210976463, 40.872443978616992 ], [ -73.792836855990743, 40.87959948983162 ], [ -73.789360030888133, 40.881241752370514 ], [ -73.789570820569537, 40.878979727452105 ], [ -73.784217343871489, 40.878093988975792 ], [ -73.788349577110452, 40.870870937960639 ], [ -73.785840028261376, 40.87280847589237 ], [ -73.785134458199579, 40.871556906200603 ], [ -73.783499363584042, 40.873745754313639 ], [ -73.78341315136791, 40.870565376024032 ], [ -73.791523068091095, 40.867981218105754 ], [ -73.793176303285478, 40.864139688969473 ], [ -73.791973976549642, 40.861190355556985 ], [ -73.794857001774702, 40.85865055456545 ], [ -73.794583920216553, 40.85651720904999 ], [ -73.798778210871944, 40.854582808499956 ], [ -73.797978536894249, 40.8515711220643 ], [ -73.800194252203781, 40.848125214929411 ], [ -73.804422932164911, 40.854174060646862 ], [ -73.804587533169354, 40.861430892161096 ], [ -73.805845916575549, 40.861982579405144 ], [ -73.805841039621882, 40.860156831816887 ], [ -73.808185971296822, 40.859637667624142 ], [ -73.813730220516803, 40.86384197117939 ], [ -73.815182139662753, 40.863141870188358 ], [ -73.815108105906916, 40.865534060140668 ], [ -73.816966622313402, 40.864480601132165 ], [ -73.814312832775798, 40.868087583066519 ], [ -73.815725037403027, 40.870590377537752 ], [ -73.817218610530389, 40.869042335700364 ], [ -73.821984756119249, 40.870292206444972 ], [ -73.821120883141447, 40.872971871601933 ], [ -73.81907525754275, 40.873589697943132 ], [ -73.820675184013226, 40.877562535582364 ], [ -73.819194761323317, 40.881212121461793 ], [ -73.81992541863606, 40.886433309050958 ], [ -73.826885456761275, 40.889597984104093 ], [ -73.821759514341551, 40.886785739254314 ], [ -73.82047304061642, 40.884119854426572 ], [ -73.823764974467267, 40.87165962784357 ], [ -73.820310558737717, 40.867448601359065 ], [ -73.820202259643708, 40.863290813028165 ], [ -73.818862446651949, 40.86236663454067 ], [ -73.822656177623855, 40.859520493266189 ], [ -73.818787706820302, 40.859395135870848 ], [ -73.816599116140779, 40.861188866327595 ], [ -73.812797110786775, 40.858918913662173 ], [ -73.812354352742815, 40.854180884512772 ], [ -73.816564636105227, 40.85413120610049 ], [ -73.817412656513227, 40.851808917884874 ], [ -73.815174579441319, 40.849168951286998 ], [ -73.816228507187162, 40.846386399503118 ], [ -73.812726089082119, 40.844963248902253 ], [ -73.814466695319325, 40.84345099387992 ], [ -73.815643067929997, 40.844364013446182 ], [ -73.818285657272625, 40.844367281476714 ], [ -73.815632879238024, 40.842411009159456 ], [ -73.814804923600221, 40.839453371887608 ], [ -73.816550593640713, 40.837645590065208 ], [ -73.815627166851129, 40.831871789242904 ], [ -73.813135271694023, 40.828197145517628 ], [ -73.809960448511831, 40.828163483856912 ], [ -73.814025019745273, 40.826865855341268 ], [ -73.814077528070271, 40.824270837548006 ], [ -73.807397466073027, 40.825329333284294 ], [ -73.8046954504794, 40.818892317508542 ], [ -73.798107296915504, 40.816793181523096 ], [ -73.802802417206422, 40.812504149391444 ], [ -73.806971175046527, 40.816551507299906 ], [ -73.805023163979868, 40.812169659306846 ], [ -73.802569602630868, 40.810163729098058 ], [ -73.790862946494443, 40.807216115179557 ], [ -73.791243163828327, 40.804240802715398 ], [ -73.801504840304389, 40.808953657114643 ], [ -73.803808643512369, 40.808529481008868 ], [ -73.809947950251285, 40.813109786361139 ], [ -73.816286321860545, 40.814023896861407 ], [ -73.830297109090026, 40.81078232203545 ], [ -73.832242727044772, 40.808245826020851 ], [ -73.832258791616994, 40.804905560326652 ], [ -73.837331417227986, 40.806128254064163 ], [ -73.840325532612667, 40.811797614665679 ], [ -73.838886840260969, 40.822088933571358 ], [ -73.842311218124024, 40.829165926120304 ], [ -73.838843214477521, 40.833882622089469 ], [ -73.839704133794669, 40.839578687500413 ], [ -73.839624870047246, 40.834046423757968 ], [ -73.843153456974846, 40.829813135953145 ], [ -73.840015590483446, 40.819970926453664 ], [ -73.84200533817652, 40.818851633270469 ], [ -73.846181179232644, 40.810882731032066 ], [ -73.850868960287698, 40.814087997630025 ], [ -73.852961737557337, 40.813887164030511 ], [ -73.849158077506601, 40.81215799297825 ], [ -73.850115415698156, 40.809071288719188 ], [ -73.848181841456423, 40.804938334191135 ], [ -73.857355596139641, 40.80518209741755 ], [ -73.859366558446467, 40.80681082243283 ], [ -73.858933351290588, 40.810272543460364 ], [ -73.867591499051898, 40.810629567214903 ], [ -73.87066922602996, 40.814492313825134 ], [ -73.878887434660626, 40.817165658405763 ], [ -73.883911916860612, 40.822615259178278 ], [ -73.8837354994169, 40.828177695004321 ], [ -73.885081265544045, 40.823608544405147 ], [ -73.88295587493802, 40.81953488110306 ], [ -73.879435361169882, 40.816298641133223 ], [ -73.871651964984494, 40.81314813395479 ], [ -73.868136823141739, 40.806813659186041 ], [ -73.871739035091707, 40.801557688619638 ], [ -73.878135205204643, 40.801324512705762 ], [ -73.878538609852669, 40.803073119995808 ], [ -73.885041421667935, 40.802144631030259 ], [ -73.889198816718007, 40.805819494870619 ], [ -73.89563424231055, 40.806834656731638 ], [ -73.902240103465317, 40.804943270770465 ], [ -73.911011417392828, 40.79694958649425 ], [ -73.913867823739409, 40.796804901984366 ], [ -73.922902219179377, 40.802312196669249 ], [ -73.927606681949257, 40.80257053093208 ], [ -73.932414858811967, 40.808656309440053 ], [ -73.933049762901945, 40.835571980123255 ], [ -73.928601751179357, 40.844693484343914 ], [ -73.910514804449264, 40.866483901288447 ], [ -73.908718372408714, 40.8714911797532 ], [ -73.911279258179619, 40.874344508700993 ], [ -73.925347555553614, 40.879007678994249 ], [ -73.920295869671889, 40.887900634397376 ], [ -73.912672731136567, 40.908015079843601 ], [ -73.910184438223752, 40.915869651935168 ], [ -73.911224666661496, 40.91614165316421 ], [ -73.91057663099869, 40.919251837334976 ], [ -73.905719584886228, 40.927393222175915 ], [ -73.904803675198934, 40.935294651982304 ], [ -73.902920137118542, 40.935875574269716 ], [ -73.904099801156391, 40.936047672321493 ], [ -73.901959829096668, 40.940487245743476 ], [ -73.901453685926242, 40.947890613521189 ], [ -73.899732821964008, 40.948732225154259 ], [ -73.898123760525408, 40.956742929432934 ], [ -73.896886261152957, 40.956577366870974 ], [ -73.891518752770168, 40.964431579728064 ], [ -73.885418544305665, 40.985544517947254 ], [ -73.886798528160298, 40.987413908256556 ], [ -73.886518966155677, 40.995742509831132 ], [ -73.885156948606721, 40.997038020068381 ], [ -73.902716165650133, 40.99733529830123 ], [ -74.151642345625731, 41.108075826099792 ], [ -74.330739969572164, 41.185497576865437 ], [ -74.457864068857504, 41.248435784482844 ], [ -74.695523324316468, 41.357644644219924 ], [ -74.689756441128054, 41.361719468560104 ], [ -74.691380560127442, 41.367431484315887 ], [ -74.707997632185695, 41.378687450895328 ], [ -74.712522740020901, 41.38876774930371 ], [ -74.716359535329218, 41.393028579158823 ], [ -74.734572565999343, 41.39741002898959 ], [ -74.741385162738652, 41.40569713588966 ], [ -74.741071899537829, 41.411250427334359 ], [ -74.738183780865086, 41.414240304449585 ], [ -74.734666256690218, 41.422965521333431 ], [ -74.735132514662027, 41.426808830186921 ], [ -74.738734069943519, 41.430789086888936 ], [ -74.744777318930787, 41.430384481795862 ], [ -74.758252279957929, 41.423372010898738 ], [ -74.772708646839718, 41.426350014864887 ], [ -74.789098431656342, 41.421416992520342 ], [ -74.795092984768701, 41.423721464386375 ], [ -74.799258009210476, 41.430814227249698 ], [ -74.801134089477387, 41.438311569488242 ], [ -74.80824366924962, 41.442928122946682 ], [ -74.817506364332502, 41.440767162604544 ], [ -74.822585797376732, 41.437022806179115 ], [ -74.826342427029076, 41.43165460489989 ], [ -74.832033838258923, 41.430399336302131 ], [ -74.837478308905361, 41.431905711742445 ], [ -74.847870580660782, 41.439627793062044 ], [ -74.857654740579576, 41.444164605101498 ], [ -74.863143835936071, 41.444395064314023 ], [ -74.878690935439195, 41.439891680251009 ], [ -74.891924124789071, 41.438513117303494 ], [ -74.895661315797, 41.439696345017502 ], [ -74.8964401003511, 41.441881277088896 ], [ -74.894509187817562, 41.446607516355051 ], [ -74.88929219395726, 41.450768733324061 ], [ -74.890309836053831, 41.455817193916161 ], [ -74.906554294118763, 41.460884115366881 ], [ -74.909133298010644, 41.472327450213221 ], [ -74.913036547988753, 41.476025025623954 ], [ -74.924262600956595, 41.477191874682362 ], [ -74.933126373984749, 41.48258574926794 ], [ -74.94287082387639, 41.483655815808632 ], [ -74.958231343295012, 41.476589734823939 ], [ -74.982822483449297, 41.480516683913713 ], [ -74.985647073265142, 41.485873141275057 ], [ -74.982272263541134, 41.498657180861905 ], [ -74.98424215936474, 41.5065170854283 ], [ -74.988006155202442, 41.508887493957005 ], [ -75.000256587631497, 41.507383397959764 ], [ -75.003579939161071, 41.508285793960049 ], [ -75.003670518986112, 41.511780468875926 ], [ -75.000751649184565, 41.518569438137071 ], [ -75.003213705002878, 41.523489203724523 ], [ -75.010671078317159, 41.529096992752848 ], [ -75.024544549970642, 41.534601272146155 ], [ -75.024702954396275, 41.540103209253708 ], [ -75.015978907124037, 41.544176988463349 ], [ -75.018805844237733, 41.552444665676703 ], [ -75.028056991477641, 41.564347335985772 ], [ -75.033594058666921, 41.565246780745042 ], [ -75.040459360462265, 41.569625131836446 ], [ -75.047247351447638, 41.583690308740252 ], [ -75.060227631807379, 41.591036649587153 ], [ -75.074679867337153, 41.606535782254745 ], [ -75.074477051102207, 41.608097470438999 ], [ -75.069723241178821, 41.610086246143254 ], [ -75.063700109962326, 41.609242883003652 ], [ -75.059730437653812, 41.610387297309252 ], [ -75.061567143863513, 41.615808275578061 ], [ -75.059733333822294, 41.617528585339585 ], [ -75.053022430864715, 41.618486708258075 ], [ -75.046747043733305, 41.615593518304308 ], [ -75.044183993920839, 41.618035475451101 ], [ -75.043612059037343, 41.623330240340692 ], [ -75.048618506659651, 41.633020917705949 ], [ -75.049497156923891, 41.641552502612953 ], [ -75.04770469184362, 41.645913989219871 ], [ -75.049466084198201, 41.660285165241952 ], [ -75.054003737006369, 41.66807629875138 ], [ -75.057534473602416, 41.668852582073228 ], [ -75.059517817205844, 41.672263393740387 ], [ -75.058420396627199, 41.674872503584581 ], [ -75.051254534707468, 41.679990457007413 ], [ -75.052628753174602, 41.688118767338111 ], [ -75.058724854541609, 41.698477094304174 ], [ -75.067069602558178, 41.705153504837412 ], [ -75.068957795708357, 41.709321520538403 ], [ -75.066224352554499, 41.712731838168374 ], [ -75.052361557378177, 41.711456430338053 ], [ -75.049689792551732, 41.713343879664414 ], [ -75.054832205582201, 41.73490466686291 ], [ -75.052655501410513, 41.743893981781575 ], [ -75.052971155926627, 41.751801668213609 ], [ -75.061238381130764, 41.764798270349431 ], [ -75.072466160660611, 41.768556442703826 ], [ -75.074612297858124, 41.77127794703447 ], [ -75.094459343368797, 41.768349246577024 ], [ -75.101896891763076, 41.76961743474758 ], [ -75.104711583941111, 41.774377912177385 ], [ -75.101694154579846, 41.787552551592448 ], [ -75.092885850723874, 41.796429297645254 ], [ -75.088499321495974, 41.797679119314225 ], [ -75.080624651986142, 41.796670416158797 ], [ -75.075654791847029, 41.799527682006548 ], [ -75.072345512426381, 41.806616148865665 ], [ -75.072249641524309, 41.814139737784188 ], [ -75.078770746632017, 41.815218300187865 ], [ -75.085156518745535, 41.811845790596053 ], [ -75.089880082393321, 41.811708215603119 ], [ -75.100566581150389, 41.818935293369158 ], [ -75.113021290475061, 41.822627268221723 ], [ -75.11506958047687, 41.82754876831325 ], [ -75.113407101618222, 41.842148610473572 ], [ -75.1165970874641, 41.845457088024311 ], [ -75.130992779436625, 41.845269236723539 ], [ -75.140563234640908, 41.852228163853397 ], [ -75.15468170112689, 41.848463547237216 ], [ -75.162881172697368, 41.850563533009101 ], [ -75.168327532500854, 41.858708696157073 ], [ -75.168426262740454, 41.869343308607824 ], [ -75.172461412351723, 41.872291052076754 ], [ -75.175828633108196, 41.872582787297922 ], [ -75.178034275608454, 41.870918158479043 ], [ -75.181705853668035, 41.863086134597317 ], [ -75.185359667542855, 41.860071605542288 ], [ -75.18913869668684, 41.861676931890713 ], [ -75.194905842183317, 41.867588859762968 ], [ -75.204638458567743, 41.8699362955631 ], [ -75.215026119270831, 41.867357987911696 ], [ -75.219577766034462, 41.861196513440511 ], [ -75.224482042869624, 41.857598179017479 ], [ -75.231528612112911, 41.859405424575279 ], [ -75.241148939086827, 41.867259969959719 ], [ -75.250003372330951, 41.862225619775195 ], [ -75.258317516542391, 41.862282915446777 ], [ -75.26429736872511, 41.869531775546143 ], [ -75.257461000766753, 41.876065056461286 ], [ -75.259584700743417, 41.882332281756177 ], [ -75.263116498249843, 41.885057366582188 ], [ -75.270756842217807, 41.886851849016153 ], [ -75.271687098000186, 41.888454980147323 ], [ -75.272975850751166, 41.896538647886558 ], [ -75.267718082360147, 41.902046181535233 ], [ -75.26727754495154, 41.906098608322004 ], [ -75.276634714954525, 41.922244784548553 ], [ -75.276950300300385, 41.932894508983921 ], [ -75.278765193618341, 41.938721485880919 ], [ -75.289512295419428, 41.943212281684403 ], [ -75.291624619131326, 41.94665496753872 ], [ -75.291486151915109, 41.952509767135751 ], [ -75.293271235538697, 41.954339054174042 ], [ -75.300837693074541, 41.953637353788345 ], [ -75.300877503712982, 41.948605627872247 ], [ -75.302264925618175, 41.948022378875343 ], [ -75.310943343863855, 41.9491118369343 ], [ -75.317801000996141, 41.953747695906578 ], [ -75.319640383287052, 41.960320117178149 ], [ -75.327970709750034, 41.967951601242014 ], [ -75.342069586674597, 41.972751210100135 ], [ -75.337488763528839, 41.984575901901707 ], [ -75.340641739683335, 41.992426087508534 ], [ -75.35964663347977, 41.999562733007608 ], [ -75.764707853026096, 41.997864660398854 ], [ -76.344781890733614, 41.998391523394012 ], [ -76.830489590388908, 42.002008242607282 ], [ -77.161421078104866, 41.999613653543754 ], [ -77.50399043885426, 42.000109048498523 ], [ -77.865291115073575, 41.998242788343902 ], [ -78.121433728526156, 42.000371248254027 ], [ -78.279312392673461, 41.999108124089524 ], [ -78.623761652428058, 41.999984431738554 ], [ -78.85736237423059, 41.997713467340709 ], [ -79.158439530271863, 41.999678445721386 ], [ -79.761956648624135, 41.998893765987432 ], [ -79.761868645167326, 42.269400821235834 ], [ -79.720684067629918, 42.282595715720646 ], [ -79.712516435048045, 42.28696771539272 ], [ -79.680320914079871, 42.298769673980665 ], [ -79.669731415407199, 42.305435260958212 ], [ -79.644688238510369, 42.315556892319961 ], [ -79.621419245977791, 42.328467859281311 ], [ -79.614799292052837, 42.330296171670227 ], [ -79.605532302124587, 42.339453207275859 ], [ -79.600810562955147, 42.340747391717031 ], [ -79.596603883633648, 42.344262932081307 ], [ -79.595748539261137, 42.341541128466602 ], [ -79.594066796929539, 42.342881707959776 ], [ -79.590771758501091, 42.34207442439714 ], [ -79.569614565962596, 42.351108879339378 ], [ -79.552163650708167, 42.362531425637421 ], [ -79.545353404859938, 42.363588195068829 ], [ -79.538268495520356, 42.369267062963544 ], [ -79.531703283132188, 42.37087241693655 ], [ -79.508169479830258, 42.383683359043097 ], [ -79.477249852229804, 42.403067262348003 ], [ -79.461905701912301, 42.407236815628423 ], [ -79.451553519273062, 42.411937204956679 ], [ -79.441592441548948, 42.420214225328195 ], [ -79.427792556290285, 42.428726285952564 ], [ -79.424209378742873, 42.434118823587504 ], [ -79.417328394159298, 42.454003417422044 ], [ -79.412045510669543, 42.451403206721643 ], [ -79.407358987255876, 42.452205838604343 ], [ -79.391667479977556, 42.463253334467865 ], [ -79.38165628524375, 42.466816226628183 ], [ -79.368487088281455, 42.477354161649608 ], [ -79.361614085229178, 42.480789524272041 ], [ -79.354653425469806, 42.493975255970597 ], [ -79.350738182982653, 42.491965937539199 ], [ -79.345077266861779, 42.492989203844182 ], [ -79.342729541426294, 42.491026274258758 ], [ -79.346008491926327, 42.488140247636679 ], [ -79.343865367678276, 42.486763654758327 ], [ -79.336293549895117, 42.487919690144544 ], [ -79.336579484548366, 42.490146288809953 ], [ -79.335686484595797, 42.488519241692877 ], [ -79.330875884078438, 42.48928405247738 ], [ -79.332523146374513, 42.490491336873241 ], [ -79.324287014557285, 42.493958558912311 ], [ -79.317709949797248, 42.502437475758512 ], [ -79.298667595355155, 42.506423878406011 ], [ -79.294089187779207, 42.510070814088742 ], [ -79.278908746439072, 42.511528616294406 ], [ -79.271687916607092, 42.519181310816158 ], [ -79.253498051691523, 42.527167813391486 ], [ -79.248894770663668, 42.532212978621175 ], [ -79.244818792622738, 42.533142298755067 ], [ -79.240492079514652, 42.531096211159166 ], [ -79.230999740909169, 42.538262474033772 ], [ -79.228168976074059, 42.535348847534706 ], [ -79.224919515468173, 42.535521320545833 ], [ -79.217845912324762, 42.539347161256273 ], [ -79.205032267653593, 42.541947671833725 ], [ -79.198183635894964, 42.545408106116852 ], [ -79.190308955605346, 42.545165041325028 ], [ -79.179520524114665, 42.551872283721636 ], [ -79.174382526303816, 42.548806309757765 ], [ -79.168096623493696, 42.549918583361993 ], [ -79.162071542933063, 42.553448227411963 ], [ -79.153520521066014, 42.552217234600946 ], [ -79.149026631483565, 42.553727891136134 ], [ -79.139506583444827, 42.563822877363577 ], [ -79.136281730389513, 42.570771956620369 ], [ -79.138334495798105, 42.571868201116182 ], [ -79.135272138096212, 42.574457366578685 ], [ -79.129714198551298, 42.590824114141213 ], [ -79.12593045774365, 42.590636678208632 ], [ -79.122760344428499, 42.593211851882103 ], [ -79.119443988978347, 42.602712638568207 ], [ -79.114836788600897, 42.603907691559044 ], [ -79.110844226320651, 42.613687379414607 ], [ -79.097721374342157, 42.622055050801137 ], [ -79.093474699329263, 42.629622778331147 ], [ -79.089445985248688, 42.62925778372842 ], [ -79.084692285818079, 42.631645533619448 ], [ -79.078877601476762, 42.639989271229254 ], [ -79.072391810041196, 42.639738354354357 ], [ -79.064135756285893, 42.644719251865098 ], [ -79.061781075195171, 42.669049562574045 ], [ -79.053151222568701, 42.676523934074602 ], [ -79.051827494810425, 42.683072000544726 ], [ -79.047145400989422, 42.69210690807796 ], [ -79.04231573822176, 42.691811278563272 ], [ -79.033133704664863, 42.695951377264763 ], [ -79.027309853914375, 42.695687323773036 ], [ -79.018698061018384, 42.701009688090942 ], [ -79.014080633321427, 42.700590309644404 ], [ -79.007597956344924, 42.703805306094303 ], [ -78.990363212578785, 42.704920180549742 ], [ -78.973373555273284, 42.713952101296414 ], [ -78.966743681252652, 42.720750161834616 ], [ -78.960750224983272, 42.722218122954843 ], [ -78.947510549797045, 42.73032060333837 ], [ -78.917114526819503, 42.737114246505186 ], [ -78.905401377660198, 42.746947770410479 ], [ -78.901624711983729, 42.747520392692252 ], [ -78.880841306638331, 42.761646952936054 ], [ -78.877400977390764, 42.766144655250621 ], [ -78.874279477305535, 42.765966968974467 ], [ -78.866548314560646, 42.77082404889142 ], [ -78.858795978524526, 42.780419662779025 ], [ -78.855035499591168, 42.782676830204608 ], [ -78.853930942795927, 42.786501875224133 ], [ -78.854836165226246, 42.796019496519442 ], [ -78.856931013112614, 42.800522806500702 ], [ -78.859309295640799, 42.800680310441528 ], [ -78.861854536352752, 42.804515496596586 ], [ -78.876054617477223, 42.833388869271857 ], [ -78.874568037734349, 42.835909657076868 ], [ -78.867260523172419, 42.833740117138717 ], [ -78.863816166777426, 42.830363617419053 ], [ -78.862152866858608, 42.831007401236505 ], [ -78.857249243996975, 42.821033444307432 ], [ -78.861540629958185, 42.831602800564433 ], [ -78.859975564408927, 42.831732683645768 ], [ -78.860425271819949, 42.833027743147419 ], [ -78.855964836397007, 42.833125500408734 ], [ -78.846503182444977, 42.835743940748614 ], [ -78.860500238027043, 42.83389677299224 ], [ -78.861086478581456, 42.837457240074656 ], [ -78.857919963917325, 42.839038739235455 ], [ -78.862934807194293, 42.839166466561998 ], [ -78.859435167578411, 42.841151480099143 ], [ -78.861093604018293, 42.844473360322368 ], [ -78.863969705927474, 42.843757829965305 ], [ -78.868302673106555, 42.850016461524405 ], [ -78.866842644868541, 42.850787375098122 ], [ -78.867803364318817, 42.849892500048853 ], [ -78.865522139367201, 42.846543973482305 ], [ -78.862304142254132, 42.847286127772662 ], [ -78.86553344107179, 42.852842270877183 ], [ -78.871876538717743, 42.851721395737748 ], [ -78.872462885273364, 42.852606659606401 ], [ -78.869147515275088, 42.853601415146748 ], [ -78.87296707281142, 42.853295796071599 ], [ -78.875318104945464, 42.856639323940634 ], [ -78.876147027170504, 42.85901739006362 ], [ -78.873798749271131, 42.860513550705363 ], [ -78.876837495654073, 42.860011197509131 ], [ -78.88285091069244, 42.86755632088299 ], [ -78.878870802655271, 42.86891856771836 ], [ -78.883727944887482, 42.868544022575591 ], [ -78.880206537295635, 42.87032333173854 ], [ -78.884614815634876, 42.869876533799626 ], [ -78.883749003194382, 42.871565398913042 ], [ -78.885531277786058, 42.87108412294549 ], [ -78.890380463639787, 42.876038641623502 ], [ -78.888019957872771, 42.876885079169412 ], [ -78.890462697217529, 42.87750276660914 ], [ -78.887909058155998, 42.878830377711445 ], [ -78.89055894720866, 42.884805409939702 ], [ -78.887342114312204, 42.880117012127933 ], [ -78.885708873819411, 42.879485809517362 ], [ -78.884338954689227, 42.88103906434656 ], [ -78.885236898070815, 42.882764243780144 ], [ -78.888480315709799, 42.883175215534145 ], [ -78.889491868127052, 42.886535494918263 ], [ -78.901866228539447, 42.896528924232491 ], [ -78.901752852167434, 42.915614484390581 ], [ -78.899090849333177, 42.928428812860616 ], [ -78.908783497873969, 42.938418155597269 ], [ -78.910826066505749, 42.954378116256265 ], [ -78.936219077916931, 42.973188498312737 ], [ -78.933049978799744, 42.974237149760903 ], [ -78.93632333638881, 42.974457479891967 ], [ -78.941433887972764, 42.981315428951405 ], [ -78.940662465112425, 42.987480219483373 ], [ -78.936958694127995, 42.994613927367048 ], [ -78.933911662583213, 42.996108928241128 ], [ -78.93508661675402, 42.996771226447301 ], [ -78.918612674168287, 43.006517269268748 ], [ -78.892179315741743, 43.016469378814946 ], [ -78.881613740103376, 43.024110012478751 ], [ -78.881202485078092, 43.030251025573797 ], [ -78.887515676011603, 43.034936631808527 ], [ -78.8904363693932, 43.045560588327184 ], [ -78.899382168488245, 43.054065168898241 ], [ -78.907068345400319, 43.058669448711008 ], [ -78.916152395217594, 43.060292028875629 ], [ -78.928372467285001, 43.067143798436838 ], [ -78.93914966983462, 43.068073719581875 ], [ -78.951358723166734, 43.073102915902702 ], [ -78.953248432673149, 43.075593828140441 ], [ -78.956247531911018, 43.077144841115178 ], [ -78.959509782729938, 43.077164046280345 ], [ -78.965884187561855, 43.074388072060344 ], [ -78.979171508492456, 43.072886263862522 ], [ -79.001585135991292, 43.073747155888519 ], [ -79.021280311421719, 43.078117763576209 ], [ -79.045613317984163, 43.078006536812637 ], [ -79.061258644670332, 43.081217956618318 ], [ -79.070158860552922, 43.086008924033599 ], [ -79.063393575384666, 43.093024617797958 ], [ -79.056740640712391, 43.105595884729304 ], [ -79.058597653339078, 43.112604462234387 ], [ -79.067496721174749, 43.121007108847003 ], [ -79.054465709357643, 43.128202325559457 ], [ -79.049768146547464, 43.133450096232785 ], [ -79.042617988975508, 43.137707806290166 ], [ -79.04104981166212, 43.141527697271862 ], [ -79.041577044580478, 43.149433825194237 ], [ -79.049665968573763, 43.171751558655707 ], [ -79.04538788306867, 43.198677263297682 ], [ -79.046393138295784, 43.202722262805118 ], [ -79.052678573083639, 43.211843351651837 ], [ -79.048879996599084, 43.219910591989347 ], [ -79.052256882329715, 43.235534356583514 ], [ -79.050677351209444, 43.251228055607839 ] ] ] ] } }
]
}
