{
"type": "FeatureCollection",
"name": "ny-state",
"crs": { "type": "name", "properties": { "name": "urn:ogc:def:crs:OGC:1.3:CRS84" } },
"features": [
{ "type": "Feature", "properties": { "NAME": "New York", "ABBREV": "NY", "GNIS_ID": "1779796", "FIPS_CODE": "36", "POP1990": 17990455, "POP2000": 18976457, "POP2010": 19378102, "POP2020": 20201249, "CALC_SQ_MI": 54561.375310399999, "DATEMOD": "2019-10-04", "Shape_Leng": 2377647.8173099998, "Shape_Area": 141313313318.0 }, "geometry": { "type": "MultiPolygon", "coordinates": [ [ [ [ -74.044132364335681, 40.688537510077964 ], [ -74.04434932198464, 40.688508367357088 ], [ -74.04444468929735, 40.688525973912064 ], [ -74.04471720810109, 40.688576284435854 ], [ -74.044792120151698, 40.6885901144191 ], [ -74.0450741971366, 40.688735178402595 ], [ -74.045370271328039, 40.688878396285645 ], [ -74.046234738696398, 40.689312187632638 ], [ -74.046248244905641, 40.689318965533879 ], [ -74.046250919795241, 40.689322019906129 ], [ -74.046484944878884, 40.689589256286077 ], [ -74.046910732937647, 40.690082322297336 ], [ -74.046921670520291, 40.690095543437899 ], [ -74.047161929601543, 40.690385962909701 ], [ -74.047182702010176, 40.690411071785057 ], [ -74.047160712132268, 40.690422160864898 ], [ -74.047150326922804, 40.690427398290119 ], [ -74.047041009154711, 40.690482528125855 ], [ -74.047031761857767, 40.69055068873736 ], [ -74.047030782053426, 40.69055790639468 ], [ -74.047030551894125, 40.690559607107751 ], [ -74.047026575578457, 40.690588913278567 ], [ -74.047029564508279, 40.690594104346587 ], [ -74.047048256967884, 40.690626562354026 ], [ -74.047146371576829, 40.690714602766946 ], [ -74.047155515934705, 40.690729594574698 ], [ -74.047189761911653, 40.690785740053116 ], [ -74.047195936418476, 40.690794616675646 ], [ -74.047207203442895, 40.690843212516583 ], [ -74.047207094673126, 40.690859322481323 ], [ -74.047206863881854, 40.690893303469679 ], [ -74.047205877214722, 40.690895520434211 ], [ -74.047192134915392, 40.690926389162534 ], [ -74.047187388685259, 40.690937050325857 ], [ -74.047148659506647, 40.690984918213353 ], [ -74.047099084267543, 40.691018108140753 ], [ -74.047041345064784, 40.691040838409855 ], [ -74.046964501237653, 40.691050974651787 ], [ -74.046536392658851, 40.691075501176044 ], [ -74.046487201545702, 40.691078316335854 ], [ -74.046308888124301, 40.691090142686377 ], [ -74.046176570885919, 40.69109222591846 ], [ -74.046164189124767, 40.691098444903083 ], [ -74.046143455504165, 40.691123409200024 ], [ -74.046135218680675, 40.691125457246251 ], [ -74.046113248343218, 40.691125272106007 ], [ -74.045982467287814, 40.691108681408132 ], [ -74.045970161825252, 40.6911034097174 ], [ -74.045426738927503, 40.690895070619391 ], [ -74.045033729799457, 40.690731026906093 ], [ -74.044570175594714, 40.690559193003068 ], [ -74.043873211914217, 40.690178955026354 ], [ -74.043456949612164, 40.689632471340353 ], [ -74.043454928291652, 40.689629818694762 ], [ -74.043458169062518, 40.689596273441722 ], [ -74.043499103720123, 40.689172497996687 ], [ -74.04361850146195, 40.688760477375482 ], [ -74.043941664568635, 40.688569258914782 ], [ -74.043957792098396, 40.688566573704634 ], [ -74.044132364335681, 40.688537510077964 ] ] ], [ [ [ -74.040375592732204, 40.700112195723008 ], [ -74.040328784170953, 40.700100686479828 ], [ -74.040282724401919, 40.700111311964932 ], [ -74.040249096355822, 40.70011701043488 ], [ -74.040187124715786, 40.700114018738233 ], [ -74.040153389020276, 40.700102561365782 ], [ -74.040119635149892, 40.70009401988942 ], [ -74.040081999901346, 40.700092497093905 ], [ -74.040048313131535, 40.70007400624737 ], [ -74.040022027901472, 40.70006103430272 ], [ -74.039993760439344, 40.700041192187278 ], [ -74.039965740919556, 40.700018262205504 ], [ -74.039933895531419, 40.69999411577782 ], [ -74.039900171444629, 40.699981115268997 ], [ -74.039858800465268, 40.699965508043228 ], [ -74.039825057025027, 40.699955423408554 ], [ -74.039782701653408, 40.699951823528039 ], [ -74.039745292560056, 40.699950301603288 ], [ -74.039738206524021, 40.699945235724215 ], [ -74.039713438221497, 40.699927527938428 ], [ -74.03968906513424, 40.699898951055445 ], [ -74.039664669101526, 40.699873291835168 ], [ -74.039621505955608, 40.699856134563746 ], [ -74.039585909772669, 40.699853247565137 ], [ -74.039546528994862, 40.699843139369399 ], [ -74.039510874311091, 40.699816062190003 ], [ -74.039477070159705, 40.6997817854758 ], [ -74.039428282272709, 40.699763234556436 ], [ -74.039381483194958, 40.699750352110449 ], [ -74.039329796050396, 40.699726812429006 ], [ -74.039286644617377, 40.699708111070024 ], [ -74.039254781478888, 40.699686710103272 ], [ -74.039209736011685, 40.699681039987986 ], [ -74.039162877683736, 40.699676735771561 ], [ -74.039121439899787, 40.699670909174003 ], [ -74.039074572522154, 40.699667976843628 ], [ -74.039023890834116, 40.699662284061354 ], [ -74.038990078054908, 40.699662149414017 ], [ -74.038935802710242, 40.699654897930479 ], [ -74.038892726482956, 40.699625046307652 ], [ -74.038879584041425, 40.69960217506398 ], [ -74.03883815771772, 40.699562207079715 ], [ -74.038814924937782, 40.699531575655065 ], [ -74.038801703660511, 40.699487431032352 ], [ -74.038796177004897, 40.699439027290957 ], [ -74.038783101890644, 40.699406207589384 ], [ -74.038771891201861, 40.699397584074511 ], [ -74.03875879667865, 40.699367680265624 ], [ -74.038747517507971, 40.69933623850325 ], [ -74.038723182644532, 40.69930199988012 ], [ -74.038696965181529, 40.699279248550894 ], [ -74.038664166900759, 40.699262818641159 ], [ -74.038632098741815, 40.699238499737483 ], [ -74.03859848248527, 40.699210058245846 ], [ -74.038560956255452, 40.699192923201089 ], [ -74.038532920900636, 40.699172223247864 ], [ -74.038510101909196, 40.699146912935241 ], [ -74.03849594118104, 40.699119554130093 ], [ -74.038493640197188, 40.699115107277954 ], [ -74.038494660056045, 40.699105918976507 ], [ -74.038497163588858, 40.699083356374977 ], [ -74.038498207884189, 40.699073950270844 ], [ -74.038495882464176, 40.699069721221342 ], [ -74.038466816995452, 40.699016865774524 ], [ -74.038459950023309, 40.698985385062542 ], [ -74.038458950592315, 40.698980805815552 ], [ -74.038461172446745, 40.698949187307171 ], [ -74.038462951076482, 40.698923862061072 ], [ -74.038464580667736, 40.698901739903413 ], [ -74.038466929732138, 40.698869835082348 ], [ -74.03846580308624, 40.698865542147416 ], [ -74.03845506933034, 40.698824666672664 ], [ -74.038435460114357, 40.698791647465441 ], [ -74.038411588188296, 40.698755695607041 ], [ -74.038395996195916, 40.698728526656588 ], [ -74.03838009532187, 40.698713536449837 ], [ -74.038375940488351, 40.698704006860353 ], [ -74.038372728715544, 40.698696638162637 ], [ -74.038368333290165, 40.698686554346459 ], [ -74.038372291002858, 40.698668555864437 ], [ -74.038377162949118, 40.69866780910457 ], [ -74.038391922340253, 40.698665545696592 ], [ -74.03841964995523, 40.6986654856928 ], [ -74.038452905356337, 40.698680887104011 ], [ -74.038476956932385, 40.698690763491605 ], [ -74.038504831867655, 40.698702025699944 ], [ -74.038526856116462, 40.698711721236151 ], [ -74.038545271586798, 40.698719678696271 ], [ -74.038569333444514, 40.698730076743473 ], [ -74.038606025020243, 40.698717652389199 ], [ -74.038606388983908, 40.698717529301121 ], [ -74.038613135877924, 40.698709533676862 ], [ -74.038622981072635, 40.698697865858357 ], [ -74.038607983200919, 40.698682221977819 ], [ -74.038607247356907, 40.698681454629678 ], [ -74.038602838146033, 40.698676855093744 ], [ -74.038614358210495, 40.698673335917185 ], [ -74.038621134710837, 40.698671266342615 ], [ -74.038634238144454, 40.698667029759712 ], [ -74.038652751693746, 40.698662813907177 ], [ -74.038670690744155, 40.698661015658139 ], [ -74.038675741513771, 40.698660509100584 ], [ -74.03868072352391, 40.698660010077916 ], [ -74.038712323711422, 40.698653960058195 ], [ -74.038743998786913, 40.698637101331599 ], [ -74.038779622591207, 40.698636043087141 ], [ -74.038827269522841, 40.698624052208011 ], [ -74.038878755453069, 40.698610875320561 ], [ -74.038925218876372, 40.69860694347755 ], [ -74.038959564693982, 40.698595071521524 ], [ -74.039006461004831, 40.69859371428096 ], [ -74.039060992429782, 40.698596677104092 ], [ -74.039115348078312, 40.69859243342475 ], [ -74.039167850878343, 40.698595387419061 ], [ -74.039205436264439, 40.698603944848095 ], [ -74.039244815078689, 40.698614053143707 ], [ -74.039285041681765, 40.698631885178997 ], [ -74.039317051676392, 40.69866478043059 ], [ -74.039341488602403, 40.698684093566499 ], [ -74.039364762626249, 40.698708720153803 ], [ -74.039376328658363, 40.698731412470664 ], [ -74.039411452595218, 40.698737386425819 ], [ -74.039438490258917, 40.698739380684344 ], [ -74.039468834807835, 40.698751854136333 ], [ -74.039487594161798, 40.698777492625481 ], [ -74.039508312254341, 40.698780319822028 ], [ -74.039538244409911, 40.698787472996543 ], [ -74.039585337256582, 40.698790406112302 ], [ -74.039631006902752, 40.698789910437419 ], [ -74.039631551468091, 40.698789904157657 ], [ -74.039647104814748, 40.698789965987167 ], [ -74.039669521626436, 40.698775473094514 ], [ -74.039875022802207, 40.698629419351512 ], [ -74.039930934374027, 40.698589682050525 ], [ -74.040078175768059, 40.698714652960938 ], [ -74.040215077461795, 40.698818427151224 ], [ -74.040234030866898, 40.698832793872128 ], [ -74.040238740764394, 40.698836244557192 ], [ -74.040214950570075, 40.698853820568125 ], [ -74.040213855991283, 40.698854624936708 ], [ -74.04015015396395, 40.698901429640721 ], [ -74.040145446715556, 40.698897464587674 ], [ -74.040096278168207, 40.698934155527184 ], [ -74.040091292941213, 40.698930507962878 ], [ -74.04005949452015, 40.698907244792238 ], [ -74.040043745980597, 40.698902721277257 ], [ -74.040028224881468, 40.698897855526077 ], [ -74.039986150260859, 40.69888653595374 ], [ -74.039951243388572, 40.69888159275137 ], [ -74.039909753176801, 40.698883486302115 ], [ -74.039868208826277, 40.698893271751118 ], [ -74.03982435433376, 40.698911111404669 ], [ -74.03981278462139, 40.698922375813531 ], [ -74.039798028979604, 40.698936741478576 ], [ -74.039797818205258, 40.698941280919726 ], [ -74.03979617554694, 40.698976707670134 ], [ -74.039796596505411, 40.698977478697465 ], [ -74.039814875836413, 40.699010923525982 ], [ -74.039861772983002, 40.699042335333608 ], [ -74.03989924022882, 40.699068047377544 ], [ -74.039947951566063, 40.699097922071083 ], [ -74.039980011087096, 40.699123613437337 ], [ -74.040069845144529, 40.699172180417271 ], [ -74.04015804287701, 40.69919655035325 ], [ -74.040186317803432, 40.699215191656883 ], [ -74.040189943093722, 40.699245058013283 ], [ -74.040189943806794, 40.69927782740627 ], [ -74.040210652483367, 40.699314967845716 ], [ -74.040242535122033, 40.699333452654983 ], [ -74.040257207859682, 40.699340531022997 ], [ -74.040278035585501, 40.699350578419889 ], [ -74.040315581625407, 40.699364968176567 ], [ -74.04035112990573, 40.699374888402652 ], [ -74.040401947600159, 40.699393448599494 ], [ -74.04041464912153, 40.699403941005095 ], [ -74.0404261551232, 40.699413446047217 ], [ -74.040438383219211, 40.699438370665533 ], [ -74.040455318807943, 40.699466918001193 ], [ -74.040466637451416, 40.69949269717192 ], [ -74.04046639415175, 40.699528210332019 ], [ -74.040470245645693, 40.699558077657834 ], [ -74.040484197831617, 40.699594505164931 ], [ -74.040512375209616, 40.699627386242838 ], [ -74.040531105624765, 40.699657313275424 ], [ -74.040553491407337, 40.699680048557383 ], [ -74.040577856940814, 40.699709997194226 ], [ -74.040600427731064, 40.699738567020034 ], [ -74.040611738613634, 40.699765719009264 ], [ -74.040617346317433, 40.699802627568928 ], [ -74.0406153662191, 40.699828354754054 ], [ -74.040623711870424, 40.699860469213391 ], [ -74.04064429395082, 40.699883197594623 ], [ -74.04066306311185, 40.69990746307348 ], [ -74.040674372850773, 40.699934615947306 ], [ -74.040674413708572, 40.699961550853899 ], [ -74.040683733403569, 40.699983033442848 ], [ -74.040687380663627, 40.700009983905957 ], [ -74.040691162821446, 40.700049972616455 ], [ -74.040702287611239, 40.700071290934943 ], [ -74.04071925422204, 40.70009554953225 ], [ -74.040724821145446, 40.700105522278825 ], [ -74.040739747699689, 40.700131144025065 ], [ -74.040741747274893, 40.700140771828472 ], [ -74.040747167066741, 40.700166858688043 ], [ -74.040740526051323, 40.700176969614269 ], [ -74.04073030917273, 40.70019252620181 ], [ -74.040696566447508, 40.700215210309267 ], [ -74.040686289844515, 40.700214880777068 ], [ -74.040647659687281, 40.700213643575459 ], [ -74.040612130279371, 40.700200806639614 ], [ -74.040568937080835, 40.700187939328295 ], [ -74.040527762373202, 40.700176451766595 ], [ -74.040495849659266, 40.70016225664326 ], [ -74.040460096609479, 40.70014941870263 ], [ -74.040415169193395, 40.700126421254424 ], [ -74.040375592732204, 40.700112195723008 ] ] ], [ [ [ -73.353911406592587, 44.982937474575124 ], [ -73.35363486185004, 44.982139812563872 ], [ -73.353591847320118, 44.982015740490084 ], [ -73.35354920088605, 44.981892728734017 ], [ -73.353169556267204, 44.981076943968418 ], [ -73.352556159395562, 44.979748507972921 ], [ -73.352010538900117, 44.978832020942356 ], [ -73.350707374817262, 44.976766032504095 ], [ -73.350013069126277, 44.975804557170221 ], [ -73.34968973475948, 44.975409690641847 ], [ -73.348945985698847, 44.974501376052778 ], [ -73.347490303637912, 44.972916117939619 ], [ -73.346206377767885, 44.971748697409915 ], [ -73.344721665888358, 44.970503913295381 ], [ -73.33981025259645, 44.966820402488786 ], [ -73.33919680963416, 44.966300563247209 ], [ -73.338678328744166, 44.965680472020622 ], [ -73.338482983423248, 44.965204350768914 ], [ -73.338461995017752, 44.965153194993952 ], [ -73.338266058515899, 44.964675622611395 ], [ -73.337961373553242, 44.96314550796469 ], [ -73.337969215148718, 44.962637577631824 ], [ -73.337986142305496, 44.961541032221852 ], [ -73.338000067645083, 44.961394053499269 ], [ -73.338007177304291, 44.961319007583278 ], [ -73.338103610565284, 44.960301153284632 ], [ -73.338161101795009, 44.959694301569556 ], [ -73.338393697195983, 44.95742241886586 ], [ -73.338640262709589, 44.955263790484267 ], [ -73.338917863489826, 44.952806398806572 ], [ -73.339325402303118, 44.949198342266804 ], [ -73.339345472209786, 44.948955906180267 ], [ -73.339543150112945, 44.94656788584178 ], [ -73.339560050243009, 44.94552729339896 ], [ -73.339595973633536, 44.943314367528501 ], [ -73.339546839569934, 44.93995024239485 ], [ -73.339258049776589, 44.932833370955315 ], [ -73.338541848938888, 44.924262133132522 ], [ -73.338510487925092, 44.921814204886381 ], [ -73.338550097125307, 44.920576963547106 ], [ -73.338647295048219, 44.919429152600735 ], [ -73.338674449601953, 44.919300892391604 ], [ -73.338837516824256, 44.918530647025115 ], [ -73.338901354450712, 44.918229102764101 ], [ -73.339333523691565, 44.916940116424222 ], [ -73.339407230025373, 44.91684047181591 ], [ -73.339726591806141, 44.916295172515774 ], [ -73.340016537561155, 44.915800089193048 ], [ -73.340473572193375, 44.915330452991626 ], [ -73.340508187226334, 44.915300037696511 ], [ -73.341272787817857, 44.914628192982775 ], [ -73.341585273369617, 44.91435361043748 ], [ -73.342142756548739, 44.914020759606672 ], [ -73.342723663732698, 44.913673914785079 ], [ -73.342744191266476, 44.91366165759284 ], [ -73.343084786945582, 44.913458292620753 ], [ -73.343326595522626, 44.913313910501699 ], [ -73.343480844967317, 44.913242771978275 ], [ -73.345062088677423, 44.912513492603061 ], [ -73.347058815806761, 44.911705784961917 ], [ -73.347262158544268, 44.911607089202306 ], [ -73.347303675422467, 44.91158693864999 ], [ -73.347313047427292, 44.911582389644593 ], [ -73.347880626921665, 44.911306902609176 ], [ -73.347907691761307, 44.911293765957126 ], [ -73.348608390262015, 44.910953658272156 ], [ -73.34867108040325, 44.910923229752271 ], [ -73.348704989138199, 44.910901526520632 ], [ -73.351756468362879, 44.908948277876007 ], [ -73.352883698784964, 44.908084215408131 ], [ -73.354088729200072, 44.907023328732961 ], [ -73.355047744523944, 44.906057436817612 ], [ -73.35573274885742, 44.905121285598362 ], [ -73.357306522780974, 44.902830266350371 ], [ -73.359949569502163, 44.898183839487892 ], [ -73.360536462552474, 44.897059214634673 ], [ -73.361094775309539, 44.89558582217937 ], [ -73.361913068267071, 44.892858413788197 ], [ -73.364775585652254, 44.88258071702549 ], [ -73.36566581016524, 44.878664562837727 ], [ -73.366496646310864, 44.875057004069191 ], [ -73.366948428207593, 44.873394034611785 ], [ -73.367408970814907, 44.871711329533383 ], [ -73.367456816649408, 44.871536508564574 ], [ -73.368027097882759, 44.869452688891457 ], [ -73.368592359710021, 44.867862371767039 ], [ -73.368716554863894, 44.867591663085612 ], [ -73.369023833775032, 44.866921876450576 ], [ -73.369157160874707, 44.86663125178454 ], [ -73.369175357453145, 44.866591588213943 ], [ -73.369379480149689, 44.866146639342375 ], [ -73.369599935096204, 44.86574450781081 ], [ -73.369969303249775, 44.865070729485019 ], [ -73.370172150141485, 44.864700702607898 ], [ -73.370959995339263, 44.863564357827762 ], [ -73.371192850497067, 44.86330456056298 ], [ -73.371779455250078, 44.862650068880903 ], [ -73.371889734453305, 44.862527026016089 ], [ -73.372099063124168, 44.862394493753634 ], [ -73.372360255421938, 44.86222912434846 ], [ -73.372734500035264, 44.861992173899068 ], [ -73.373647573809421, 44.8615446764816 ], [ -73.374578374562162, 44.861130343056132 ], [ -73.375002524213329, 44.860977610076866 ], [ -73.375436511091905, 44.860821331818585 ], [ -73.375962473595067, 44.860499436509258 ], [ -73.37647344203684, 44.85988629403073 ], [ -73.377067436943989, 44.858657470338734 ], [ -73.377328216919153, 44.858284183950573 ], [ -73.37795096174051, 44.857809926322368 ], [ -73.379412017115769, 44.857309170382379 ], [ -73.379789670111251, 44.856897215657135 ], [ -73.379881784659432, 44.856430765764834 ], [ -73.379869660858773, 44.856142750587487 ], [ -73.379633253354868, 44.854468022922312 ], [ -73.379459084843319, 44.853467285409486 ], [ -73.379309978668033, 44.852652034864349 ], [ -73.379366267821865, 44.852130609999875 ], [ -73.379545848805904, 44.851496230624264 ], [ -73.379994850638994, 44.850887629268648 ], [ -73.381104633733557, 44.849979084567572 ], [ -73.381278240570481, 44.849794720080403 ], [ -73.381301763411827, 44.84976974045275 ], [ -73.381449866386234, 44.849612458047297 ], [ -73.381574057745269, 44.849306709870412 ], [ -73.381514851771669, 44.849056646329402 ], [ -73.381416739269184, 44.848859719981036 ], [ -73.380519765333887, 44.847747289965582 ], [ -73.3803201487206, 44.847291111339516 ], [ -73.380352688695538, 44.84685263737407 ], [ -73.381320446677776, 44.84509154873156 ], [ -73.381324561282938, 44.844663270468004 ], [ -73.381054155103499, 44.844465806678315 ], [ -73.380860810056006, 44.844324614650844 ], [ -73.38078007671696, 44.844265657935139 ], [ -73.380724469000754, 44.844243895196698 ], [ -73.379993941365612, 44.84395799181658 ], [ -73.379596624336628, 44.843742209337407 ], [ -73.379435340476192, 44.843493574628113 ], [ -73.379399820160799, 44.843125908769643 ], [ -73.379471586123017, 44.842484435783845 ], [ -73.379570007547471, 44.842099385603113 ], [ -73.379886914530857, 44.840859535074536 ], [ -73.379984305900777, 44.839850533180133 ], [ -73.379801329193384, 44.839014449724203 ], [ -73.379799222873686, 44.839004824436273 ], [ -73.379662443565849, 44.838379821623811 ], [ -73.379537490540073, 44.838192754165384 ], [ -73.379306957865154, 44.837847617008499 ], [ -73.37880343057266, 44.837394423225916 ], [ -73.37878009574284, 44.837373421132469 ], [ -73.378769918441563, 44.837369223849215 ], [ -73.37811425763212, 44.837098828645615 ], [ -73.37777333257749, 44.836958228176009 ], [ -73.375941766182478, 44.836520341490449 ], [ -73.375432042148844, 44.836266017547196 ], [ -73.374977601976653, 44.83590891010985 ], [ -73.374933824779049, 44.835874508227924 ], [ -73.374564551093115, 44.835495877212566 ], [ -73.373867940833904, 44.834602183306771 ], [ -73.373635275698888, 44.834303685746328 ], [ -73.373625930873189, 44.83429169588544 ], [ -73.373558641669931, 44.834198614628953 ], [ -73.373558610004665, 44.834198570967501 ], [ -73.373509673667769, 44.834130876155186 ], [ -73.372839217120315, 44.833203405839591 ], [ -73.372493082794136, 44.832602671329909 ], [ -73.372038006801375, 44.831812843897893 ], [ -73.371861175088299, 44.831554633879229 ], [ -73.37153775160165, 44.83108236152529 ], [ -73.371460382913313, 44.83096938536675 ], [ -73.371448636770708, 44.830956988380407 ], [ -73.370698245502666, 44.830165001562918 ], [ -73.370029886857495, 44.829459572725426 ], [ -73.369854332814114, 44.829317506637885 ], [ -73.368115469196681, 44.82791028698734 ], [ -73.368086514287938, 44.827886853683118 ], [ -73.36806291827078, 44.827867756795385 ], [ -73.367132111584169, 44.82719706959729 ], [ -73.366747963108907, 44.826973387616121 ], [ -73.366633410590794, 44.826906685702959 ], [ -73.366616899665303, 44.826897071035916 ], [ -73.365945055741548, 44.826505860970876 ], [ -73.365907750764364, 44.826484138646222 ], [ -73.365860871850003, 44.826464990737207 ], [ -73.363278831016402, 44.825410293896987 ], [ -73.36206749839441, 44.824918533351493 ], [ -73.362067407110914, 44.824918496033241 ], [ -73.361852452705946, 44.824831229190714 ], [ -73.361835262599413, 44.824824249823855 ], [ -73.361741978805398, 44.824786378734942 ], [ -73.360633356364886, 44.824336290251047 ], [ -73.357382717361688, 44.822831655711823 ], [ -73.355940870709119, 44.822109923077832 ], [ -73.355175570071211, 44.821645548984407 ], [ -73.354383210588423, 44.821065662530664 ], [ -73.354119956416454, 44.820837212167547 ], [ -73.353919449120241, 44.82066321261938 ], [ -73.353601353982938, 44.820348380329712 ], [ -73.353447820720916, 44.820196420374081 ], [ -73.351859188331005, 44.818100567075199 ], [ -73.350840552989339, 44.816948908230415 ], [ -73.349985136853448, 44.81610184838258 ], [ -73.349551525299105, 44.81575795496309 ], [ -73.349541255311422, 44.815749809860748 ], [ -73.349332690110359, 44.815584396154051 ], [ -73.349275526560291, 44.815539060180321 ], [ -73.349267000465005, 44.815532297796146 ], [ -73.348955193075611, 44.81528499932309 ], [ -73.348713791397202, 44.815154540450806 ], [ -73.34770264446793, 44.814608080566032 ], [ -73.347044355097779, 44.814296304474574 ], [ -73.346909695183314, 44.814215501973905 ], [ -73.346882304689004, 44.814199066190504 ], [ -73.34681128766475, 44.814156452301681 ], [ -73.34666567175681, 44.814069075012135 ], [ -73.346368501697199, 44.813890755419855 ], [ -73.346281808758008, 44.813823658653284 ], [ -73.346268695615962, 44.813813510495898 ], [ -73.346250083832558, 44.8137991065759 ], [ -73.346234483737803, 44.81378703193225 ], [ -73.346221357015153, 44.813776872770021 ], [ -73.346199567858164, 44.813760008430734 ], [ -73.346169525795688, 44.813736757217498 ], [ -73.345904586280952, 44.81353170494237 ], [ -73.345794713466262, 44.813446668196399 ], [ -73.345568620257723, 44.813271679930779 ], [ -73.345547639400181, 44.813255442028009 ], [ -73.345401990089911, 44.813142714255683 ], [ -73.34494799595339, 44.812791331259454 ], [ -73.344441099803817, 44.812352144348893 ], [ -73.344440465486898, 44.812351595019514 ], [ -73.344418137544068, 44.812332249621228 ], [ -73.344400396630306, 44.812316878585612 ], [ -73.34427267620849, 44.812206216974332 ], [ -73.344208623662411, 44.812150719485153 ], [ -73.343849333670761, 44.811839413986881 ], [ -73.343671290508595, 44.811645552624341 ], [ -73.343506416531596, 44.811466027192246 ], [ -73.343430405047656, 44.811383260946819 ], [ -73.343366034698704, 44.811297362453949 ], [ -73.3429129735717, 44.810692772829583 ], [ -73.342199428447628, 44.809740551523277 ], [ -73.34219893792249, 44.80973988453983 ], [ -73.342198448609878, 44.809739219374443 ], [ -73.341763796644969, 44.809139287211707 ], [ -73.341442522487313, 44.808695855306908 ], [ -73.341099567762186, 44.808428645096747 ], [ -73.340674211731795, 44.80809722721996 ], [ -73.340661440422508, 44.808087276024366 ], [ -73.33928920562758, 44.806944738479665 ], [ -73.338417991384972, 44.806306050797225 ], [ -73.337870352907558, 44.806017446835824 ], [ -73.337268251039148, 44.805717741370401 ], [ -73.336908020725133, 44.805538427236229 ], [ -73.336544991373586, 44.805357718148677 ], [ -73.336043013745865, 44.804985417265897 ], [ -73.335990777190901, 44.804946674768097 ], [ -73.33563661384801, 44.804610493382903 ], [ -73.33511473604203, 44.803926684832433 ], [ -73.335042376615036, 44.803831871694442 ], [ -73.334918482852558, 44.803543242046395 ], [ -73.3347662765796, 44.803188647947138 ], [ -73.334729805229841, 44.803103679807137 ], [ -73.334387672408312, 44.801587012295201 ], [ -73.334062092785715, 44.799615198142945 ], [ -73.33400911002164, 44.799178445207382 ], [ -73.333727174578542, 44.796854282091196 ], [ -73.333481628162289, 44.793877408782691 ], [ -73.333245053006024, 44.789730575031115 ], [ -73.333341738170859, 44.788127278168197 ], [ -73.333505206317383, 44.786412912025 ], [ -73.333514565216362, 44.786314761366867 ], [ -73.333656808997119, 44.785614692187345 ], [ -73.333674786256296, 44.785565993217197 ], [ -73.33387654161551, 44.785019435873799 ], [ -73.334499434257637, 44.783711524949254 ], [ -73.335194343855591, 44.782735807737488 ], [ -73.336294580852041, 44.781697279023653 ], [ -73.337370419464989, 44.780846238459993 ], [ -73.339044858760388, 44.77958041479561 ], [ -73.339322266867725, 44.77937069451805 ], [ -73.339416463409393, 44.779311315643007 ], [ -73.341040517688327, 44.778287535345378 ], [ -73.341972332775441, 44.777715816013142 ], [ -73.341998834705407, 44.777699555716282 ], [ -73.342095632279779, 44.777640163771103 ], [ -73.342747629313749, 44.777240115467499 ], [ -73.343542497058976, 44.776735063564843 ], [ -73.343766294619343, 44.776592861824348 ], [ -73.34412114966463, 44.776291563368332 ], [ -73.344981608241, 44.775560954260456 ], [ -73.345174448198591, 44.775397211416227 ], [ -73.345386607718211, 44.775140279680322 ], [ -73.346185267924469, 44.774173053568362 ], [ -73.346231336137151, 44.774117260542958 ], [ -73.346272848028974, 44.774056867971446 ], [ -73.346692855558913, 44.773445813081644 ], [ -73.346716188826036, 44.773411865883673 ], [ -73.347069970407006, 44.772728421290346 ], [ -73.347207357127701, 44.772288927136437 ], [ -73.348080543499151, 44.769495484797375 ], [ -73.348115977955516, 44.769395904078785 ], [ -73.348828702996173, 44.767392854936091 ], [ -73.349594004062965, 44.765851468388298 ], [ -73.349737439524034, 44.765562567846494 ], [ -73.349917700646969, 44.765293423657447 ], [ -73.351131081031866, 44.763481672436939 ], [ -73.351227453683848, 44.763291250195088 ], [ -73.351250397705314, 44.763245913927101 ], [ -73.351323224648354, 44.76310201197775 ], [ -73.351648561172865, 44.762117450257115 ], [ -73.3517486134336, 44.761873788131332 ], [ -73.351751966730816, 44.761865620170234 ], [ -73.351958526579381, 44.761362566410838 ], [ -73.352050797270522, 44.761004229697363 ], [ -73.35205796748744, 44.760976381143415 ], [ -73.352155022333108, 44.760599452570247 ], [ -73.35246120533084, 44.759581450027063 ], [ -73.352541954924149, 44.759312968376548 ], [ -73.352676286271887, 44.758992605457323 ], [ -73.35304602513601, 44.758110802398662 ], [ -73.353746963306861, 44.756463572581076 ], [ -73.353788232816967, 44.756330941144377 ], [ -73.353813678746135, 44.75624916316049 ], [ -73.353823448341416, 44.756217774447165 ], [ -73.353823990669454, 44.756216695691705 ], [ -73.353824303800451, 44.756216079949581 ], [ -73.353993376275156, 44.755883297037101 ], [ -73.354044342542707, 44.755782979423039 ], [ -73.354517925986613, 44.754850803274572 ], [ -73.35486479131913, 44.754402980807832 ], [ -73.355496382881739, 44.753587540061815 ], [ -73.355782567870392, 44.753218040062677 ], [ -73.355820595998864, 44.753176012304074 ], [ -73.355987946778725, 44.752991058533134 ], [ -73.356352287500798, 44.752588391809233 ], [ -73.356475340921548, 44.752452393172504 ], [ -73.356795933146174, 44.752098069457304 ], [ -73.357244804966015, 44.751601958246908 ], [ -73.357824222024547, 44.75075400068085 ], [ -73.358212912904577, 44.75041711569007 ], [ -73.358559270759827, 44.750116916334449 ], [ -73.358566789462614, 44.75010796452635 ], [ -73.358726454950187, 44.749917848574896 ], [ -73.358922296372683, 44.749702248361316 ], [ -73.359377082620639, 44.749201567489919 ], [ -73.35967491617653, 44.74887367136224 ], [ -73.360052984353402, 44.748634472341166 ], [ -73.36021986226956, 44.748528890298935 ], [ -73.360278404189273, 44.748478120038762 ], [ -73.360644280918336, 44.748160806650006 ], [ -73.361225203533451, 44.747615061573534 ], [ -73.361537130507969, 44.747295727705037 ], [ -73.36179898885888, 44.746961255626985 ], [ -73.362184045577962, 44.746556657036926 ], [ -73.362480033706973, 44.746265853314263 ], [ -73.36248644949319, 44.746259550102017 ], [ -73.362776018872282, 44.745975047866601 ], [ -73.363004776143185, 44.745740872643637 ], [ -73.363338533622411, 44.745364302288465 ], [ -73.363609471375128, 44.745065907649192 ], [ -73.363884882026369, 44.744609326038216 ], [ -73.364161141046594, 44.744123989952726 ], [ -73.364417369617769, 44.743631112175301 ], [ -73.364639853291251, 44.743260129458129 ], [ -73.364906947862167, 44.742738634806571 ], [ -73.365133935243307, 44.742209399379256 ], [ -73.365376265240442, 44.741493286557997 ], [ -73.36555110721639, 44.741020837323973 ], [ -73.36563512834428, 44.740547132792621 ], [ -73.36565679383726, 44.740137280152027 ], [ -73.365656779584427, 44.74013715841695 ], [ -73.365656767374944, 44.740137053815509 ], [ -73.365624301724907, 44.739856166550389 ], [ -73.36559124796949, 44.739596607197228 ], [ -73.365530947952422, 44.739228745408163 ], [ -73.365482732411905, 44.738789123672547 ], [ -73.365388565524569, 44.738190524141181 ], [ -73.365344208968182, 44.737614211634103 ], [ -73.365188694570094, 44.736323889437173 ], [ -73.365141398599064, 44.735855514550884 ], [ -73.365063919893814, 44.735379453358654 ], [ -73.365001061700539, 44.734745331875985 ], [ -73.364954172830366, 44.733542915269268 ], [ -73.364872882507086, 44.731753174777417 ], [ -73.364932899623255, 44.73107442179878 ], [ -73.364932898299045, 44.73107370699617 ], [ -73.36493289694387, 44.731073038104931 ], [ -73.364932593202411, 44.730369253601246 ], [ -73.364942830837975, 44.729289965065036 ], [ -73.364937677073485, 44.728397605995433 ], [ -73.364935329212713, 44.725971460136726 ], [ -73.36495869263527, 44.724785548048779 ], [ -73.364958701862264, 44.724785444654223 ], [ -73.364958711038568, 44.724785343059402 ], [ -73.365152415700024, 44.722924580036583 ], [ -73.365342757819988, 44.720826073223165 ], [ -73.365397009718009, 44.720052575868962 ], [ -73.36549452200282, 44.718662248551382 ], [ -73.365494480129357, 44.718661986884356 ], [ -73.365270948620122, 44.717282626323808 ], [ -73.365279740613332, 44.71661505903532 ], [ -73.365392448912246, 44.715120385564795 ], [ -73.365392412169058, 44.715119627942315 ], [ -73.365346754853476, 44.714234618934199 ], [ -73.365280523438443, 44.712643370684141 ], [ -73.36514113931338, 44.711502767061582 ], [ -73.365194700081034, 44.710653625559743 ], [ -73.365201249977659, 44.710549776492961 ], [ -73.365232184954934, 44.710059314447079 ], [ -73.365338963047861, 44.709626875338166 ], [ -73.365338973072028, 44.709626833170674 ], [ -73.365475871139296, 44.709072403134932 ], [ -73.365653562372316, 44.708352740799974 ], [ -73.365712654554741, 44.706971972141964 ], [ -73.365651175525727, 44.706287487109634 ], [ -73.365552882218807, 44.705120322602561 ], [ -73.36546861385952, 44.704529039169209 ], [ -73.365418450603443, 44.70416131226019 ], [ -73.365363188834252, 44.703613647107957 ], [ -73.36530676842122, 44.703109148682337 ], [ -73.36528920278252, 44.702655548553238 ], [ -73.365278287216114, 44.702330369466445 ], [ -73.365310665672951, 44.701893041309646 ], [ -73.365381668122268, 44.701423383171218 ], [ -73.365397503999944, 44.701318628007677 ], [ -73.365406609398278, 44.701222758136268 ], [ -73.365426170886067, 44.701016794194722 ], [ -73.365488344542726, 44.700600278277378 ], [ -73.365556587157229, 44.699968022143167 ], [ -73.365577310055443, 44.699794397726976 ], [ -73.365577313414505, 44.699794368067288 ], [ -73.365608469617129, 44.699533319844768 ], [ -73.365631550688093, 44.699339932974794 ], [ -73.365669956606723, 44.699018140642124 ], [ -73.365799612667217, 44.698358064623825 ], [ -73.365851452677589, 44.698094144383461 ], [ -73.366000799839483, 44.697402991032583 ], [ -73.366001937567276, 44.697397722928173 ], [ -73.365999094667416, 44.697391819005134 ], [ -73.365754434920632, 44.696883796226523 ], [ -73.365321772476349, 44.696481859670904 ], [ -73.364732865001528, 44.696257533021324 ], [ -73.36405114377655, 44.69610384021771 ], [ -73.362583454103031, 44.695917271551465 ], [ -73.362252047203839, 44.695862187969773 ], [ -73.361942270357801, 44.695756960895139 ], [ -73.361505892610467, 44.695491682620634 ], [ -73.361293143522943, 44.695164787329354 ], [ -73.361210210428396, 44.694888304699269 ], [ -73.361229695581912, 44.694552243387641 ], [ -73.361405852271957, 44.694029420509615 ], [ -73.361489933046826, 44.693843204169781 ], [ -73.361516569667359, 44.693784212205301 ], [ -73.361825519546699, 44.693099960594139 ], [ -73.362175158818232, 44.692507762113962 ], [ -73.362309190743417, 44.692334113255257 ], [ -73.363218512407627, 44.691155980340426 ], [ -73.363246722241442, 44.691119430902724 ], [ -73.363246741899289, 44.691119405077629 ], [ -73.363258322113012, 44.691104401185427 ], [ -73.36340016320905, 44.690920623650918 ], [ -73.364016951140144, 44.690152298021729 ], [ -73.364456698278403, 44.68958291609286 ], [ -73.364563473189349, 44.689373695478594 ], [ -73.364569895558759, 44.689145527784369 ], [ -73.364569902256022, 44.689145424353008 ], [ -73.364569908953285, 44.689145320921625 ], [ -73.364594399602396, 44.688867764823755 ], [ -73.364609952360553, 44.688691506842879 ], [ -73.364614275419854, 44.688642516624334 ], [ -73.364798447492689, 44.688191792992676 ], [ -73.365083255458089, 44.687749731785374 ], [ -73.365175025976484, 44.687650278615294 ], [ -73.365326467956763, 44.687486158598936 ], [ -73.365840118925121, 44.687082533918257 ], [ -73.366414224087293, 44.686719349002971 ], [ -73.36641479454741, 44.68671907719078 ], [ -73.366415341998433, 44.686718815852259 ], [ -73.367215947118325, 44.686337958338896 ], [ -73.367454531321556, 44.686224458731786 ], [ -73.367473059037664, 44.68621564474504 ], [ -73.369006443089944, 44.685486159090644 ], [ -73.369764137771668, 44.68505747746817 ], [ -73.369764239718307, 44.685057397002097 ], [ -73.369764341664919, 44.685057316536025 ], [ -73.369999900000096, 44.684874388832469 ], [ -73.370005935825716, 44.684869701937103 ], [ -73.370008191000579, 44.684864431729601 ], [ -73.370132033713219, 44.684575000515984 ], [ -73.370131877852529, 44.684573448981382 ], [ -73.370102955327624, 44.684288217886227 ], [ -73.369979731539757, 44.684005811361068 ], [ -73.369463114004162, 44.683365232574658 ], [ -73.368449782244639, 44.682609284815932 ], [ -73.36774327969232, 44.681878746087008 ], [ -73.367357788117857, 44.681236179001068 ], [ -73.367111740147536, 44.680129867266885 ], [ -73.367091046059343, 44.679754575069367 ], [ -73.367065018010294, 44.679282568624387 ], [ -73.367062882264634, 44.679243840413292 ], [ -73.367066708020914, 44.678778152047038 ], [ -73.367066741355501, 44.678777953570979 ], [ -73.367066773428846, 44.678777755076879 ], [ -73.367140460420288, 44.678348627017485 ], [ -73.367307089533355, 44.678118077511762 ], [ -73.367355686621494, 44.678090362671703 ], [ -73.367626551880193, 44.677935885222531 ], [ -73.368235054185462, 44.677844220009405 ], [ -73.368319576742806, 44.677831486816821 ], [ -73.368757970597372, 44.677788910216435 ], [ -73.36917700155449, 44.677748213244115 ], [ -73.370780569459342, 44.677521396656466 ], [ -73.371205861486544, 44.677404380976924 ], [ -73.371468954251569, 44.67724992844667 ], [ -73.371476530206706, 44.677241756102532 ], [ -73.371522309716497, 44.677192377352078 ], [ -73.371764454485074, 44.676931190081625 ], [ -73.371904826720353, 44.676647652084299 ], [ -73.371964357653951, 44.676252401953647 ], [ -73.371973802753331, 44.676189692722353 ], [ -73.371964570429341, 44.67611177590431 ], [ -73.371900468383828, 44.675570772276686 ], [ -73.371820912013035, 44.675275894216576 ], [ -73.371754298663575, 44.675028986273617 ], [ -73.371501298864956, 44.674341698386726 ], [ -73.371136980253368, 44.673667283306713 ], [ -73.371031344348239, 44.673208519314962 ], [ -73.371052662286758, 44.672716243756817 ], [ -73.371148192235566, 44.672185079627894 ], [ -73.371312837001838, 44.67182238641324 ], [ -73.371928588274756, 44.670465917107848 ], [ -73.371975804863155, 44.670361897828904 ], [ -73.372008671707221, 44.670300518157525 ], [ -73.372571390716274, 44.669249599257135 ], [ -73.372709979327098, 44.66899076949062 ], [ -73.372748289904564, 44.66870344832396 ], [ -73.372748164927515, 44.668702594915402 ], [ -73.372706227090788, 44.668418733870062 ], [ -73.372622533694667, 44.668154734732909 ], [ -73.37240855841587, 44.667871069006694 ], [ -73.370839269802573, 44.666683030797323 ], [ -73.369985265759496, 44.665836023818827 ], [ -73.369803141681388, 44.665487982367495 ], [ -73.369791601126011, 44.665326106429198 ], [ -73.369743470773955, 44.664650957828847 ], [ -73.369723546584524, 44.664371474406401 ], [ -73.369724608043512, 44.663255894590861 ], [ -73.369737884725012, 44.663209042054639 ], [ -73.369838238517161, 44.662854908402565 ], [ -73.370054749285103, 44.662627566417981 ], [ -73.370584463792454, 44.662433654839631 ], [ -73.370885589967571, 44.662409374460609 ], [ -73.370887663353031, 44.662409206890914 ], [ -73.371165648519067, 44.662416918757948 ], [ -73.372325124042092, 44.662585063115856 ], [ -73.372804186428937, 44.662601701283521 ], [ -73.372818232348209, 44.66260218953164 ], [ -73.373292957301743, 44.662557127013336 ], [ -73.373830952307316, 44.662371488020305 ], [ -73.373934055840536, 44.662307533160515 ], [ -73.374098883697869, 44.662205289470457 ], [ -73.374194535058123, 44.662145956322654 ], [ -73.374234205962679, 44.662107145534698 ], [ -73.375591041337373, 44.66077966609501 ], [ -73.37585356927147, 44.660384410949291 ], [ -73.375928332039706, 44.660271849489583 ], [ -73.376115936112882, 44.659691611292793 ], [ -73.376192079708829, 44.65944089657912 ], [ -73.376226917557645, 44.659326188981311 ], [ -73.376512896340969, 44.658833771326947 ], [ -73.376645745919276, 44.658678405050502 ], [ -73.376654550970173, 44.658668108136197 ], [ -73.376732946258912, 44.658576426658776 ], [ -73.376863798379205, 44.658423396659657 ], [ -73.377023574536082, 44.658236538741463 ], [ -73.377131031126794, 44.658147949184638 ], [ -73.377626771960578, 44.657739239963298 ], [ -73.377660235496265, 44.657711651295372 ], [ -73.377688272611195, 44.657696147786659 ], [ -73.37784086737291, 44.657611771946783 ], [ -73.378023659739597, 44.657510697771762 ], [ -73.37824507223732, 44.657388267160876 ], [ -73.378288027139732, 44.65735662789227 ], [ -73.378581474520473, 44.657140479145831 ], [ -73.378964134900201, 44.656781223513242 ], [ -73.379084064094641, 44.656598876099061 ], [ -73.379085711759288, 44.656596370709259 ], [ -73.379085997093355, 44.656595047802895 ], [ -73.379146561122511, 44.656313718536808 ], [ -73.379146474169488, 44.656312357936656 ], [ -73.37912345829811, 44.655957544611248 ], [ -73.379118605713927, 44.65588274211003 ], [ -73.379011807706405, 44.655466471720722 ], [ -73.378952276715481, 44.65523442990699 ], [ -73.378829117444525, 44.654951993822898 ], [ -73.378136033061395, 44.653653853544711 ], [ -73.378118343857196, 44.653620721815678 ], [ -73.378046488199303, 44.653486133009551 ], [ -73.378008489065849, 44.653303168942642 ], [ -73.378005753676845, 44.653290000045352 ], [ -73.37798994316735, 44.653213874185091 ], [ -73.37800790262591, 44.653056817300964 ], [ -73.378017147595259, 44.65297596639703 ], [ -73.378273544678564, 44.652415119238412 ], [ -73.3784842385583, 44.652038154194457 ], [ -73.379093330973504, 44.651210752342699 ], [ -73.379192905393225, 44.651075486472614 ], [ -73.379192922433518, 44.651075463308175 ], [ -73.379752683802323, 44.650315045906012 ], [ -73.379758114117493, 44.65030766895061 ], [ -73.379762080139102, 44.650303466179182 ], [ -73.37977848483294, 44.650286081206197 ], [ -73.380326102036776, 44.649705758666293 ], [ -73.380415956748465, 44.649628203446802 ], [ -73.380883833549191, 44.649224368663873 ], [ -73.381554572942477, 44.648819785011071 ], [ -73.382275072007786, 44.648485188734618 ], [ -73.38259405674404, 44.648284772711236 ], [ -73.382876754792477, 44.648107152773676 ], [ -73.38299294184884, 44.648067152998969 ], [ -73.383507711080142, 44.647889931642069 ], [ -73.383948838976906, 44.647637019303588 ], [ -73.384109679673458, 44.647493460698087 ], [ -73.384189941316308, 44.647421822651914 ], [ -73.38437802320135, 44.647179814116484 ], [ -73.384388907572273, 44.64711236343291 ], [ -73.384425443098365, 44.646885946977328 ], [ -73.384425320741954, 44.64688572108539 ], [ -73.384425233217939, 44.646885557803138 ], [ -73.384317741471548, 44.646685593403923 ], [ -73.384273146275007, 44.646602635075851 ], [ -73.38375801244257, 44.646318398851506 ], [ -73.383733187068131, 44.646304701327807 ], [ -73.383651766957001, 44.646259776213476 ], [ -73.383584304946297, 44.646179370182253 ], [ -73.383492269378124, 44.646069676976509 ], [ -73.383403855789908, 44.64596429853033 ], [ -73.383153095397134, 44.645707870336082 ], [ -73.382965208715405, 44.645549222567816 ], [ -73.382945391282774, 44.645532489052755 ], [ -73.382910517350368, 44.645503042410205 ], [ -73.382876969203238, 44.64547471553206 ], [ -73.382876589711472, 44.645474395072014 ], [ -73.382668555778992, 44.645298734933533 ], [ -73.382657245002463, 44.645289184275107 ], [ -73.382516829058247, 44.645170618140455 ], [ -73.382160621823118, 44.644869836908718 ], [ -73.379990656329952, 44.642876995825283 ], [ -73.379142672723816, 44.642047557545311 ], [ -73.378834131504902, 44.641747362308955 ], [ -73.378786413934108, 44.641640243496653 ], [ -73.378763862350482, 44.641589620335267 ], [ -73.378720429110885, 44.641492119320112 ], [ -73.378722345433189, 44.641474658382798 ], [ -73.378746656952842, 44.641253110441774 ], [ -73.3787502564101, 44.641220311631137 ], [ -73.378805639442007, 44.64116987949626 ], [ -73.379342847707647, 44.640680690589662 ], [ -73.379382028327285, 44.640645011864493 ], [ -73.379491734045232, 44.640573542884113 ], [ -73.380202307816816, 44.640110628016686 ], [ -73.380391619914178, 44.639987295457743 ], [ -73.380538106995402, 44.639909641265469 ], [ -73.382497513206715, 44.638870902698805 ], [ -73.383380929708025, 44.638444117853439 ], [ -73.385941895907493, 44.637101464797546 ], [ -73.386343752547759, 44.636817237004742 ], [ -73.386945038240711, 44.636114175686053 ], [ -73.387150995415098, 44.635682150504515 ], [ -73.387163813232959, 44.635589441549229 ], [ -73.38718577764061, 44.635430585726645 ], [ -73.38720495589213, 44.635291876743104 ], [ -73.387204805403286, 44.635291437998475 ], [ -73.387140533283016, 44.635105084996503 ], [ -73.387130070708196, 44.635074747478022 ], [ -73.387076672449041, 44.63491991978497 ], [ -73.386486455683041, 44.633515115491683 ], [ -73.38647357793316, 44.633484464699919 ], [ -73.386468838716368, 44.633466177657347 ], [ -73.386412423781039, 44.633248495945779 ], [ -73.386390469044983, 44.633221150405163 ], [ -73.386372560417286, 44.633198843099962 ], [ -73.386349995150738, 44.633170737218116 ], [ -73.386320428894521, 44.633054754835335 ], [ -73.386092008997792, 44.632158700508228 ], [ -73.385960736936951, 44.631550779634424 ], [ -73.385908777482015, 44.630671019773246 ], [ -73.385890666725189, 44.630441579116834 ], [ -73.385909166843632, 44.6301350556827 ], [ -73.38590932545867, 44.630132426505547 ], [ -73.386014071329242, 44.629776117852579 ], [ -73.386265354980992, 44.628921326198899 ], [ -73.386401397633477, 44.627791523017265 ], [ -73.386503687709819, 44.626866622068356 ], [ -73.386907397837618, 44.625289190163862 ], [ -73.387131295244387, 44.624421469527327 ], [ -73.387260442179723, 44.623919769382901 ], [ -73.387496966696332, 44.62338338568518 ], [ -73.387971117444735, 44.622634510573157 ], [ -73.388934282032068, 44.62133197006014 ], [ -73.389616343353012, 44.620347738297809 ], [ -73.389883016386818, 44.61981181594318 ], [ -73.390050957934307, 44.619279339685555 ], [ -73.390111663843015, 44.618829207508384 ], [ -73.390096384329908, 44.618289276406081 ], [ -73.38988398073252, 44.617555440365777 ], [ -73.389459994766241, 44.616891444321581 ], [ -73.388909344465802, 44.616401537360765 ], [ -73.388727877089181, 44.616268848562939 ], [ -73.387771186803619, 44.615569301092975 ], [ -73.387665065269601, 44.615491701936612 ], [ -73.38620750786383, 44.614577886182303 ], [ -73.384385288420077, 44.613509555658716 ], [ -73.383593613074595, 44.612994653013303 ], [ -73.383062410166403, 44.612533767519359 ], [ -73.382702211272601, 44.612082511889426 ], [ -73.382392908063537, 44.611610397178396 ], [ -73.382170628571203, 44.611064082809676 ], [ -73.382043130495731, 44.610058227698119 ], [ -73.381787800840257, 44.608227660895743 ], [ -73.381642228402825, 44.607785416316361 ], [ -73.381373448006386, 44.606968849580092 ], [ -73.381110495244002, 44.606307017701951 ], [ -73.380893285682603, 44.605760306843507 ], [ -73.380780861185173, 44.605536034950937 ], [ -73.380253860343629, 44.604484712636982 ], [ -73.379820545713741, 44.603727219120977 ], [ -73.379675610441396, 44.603473847803016 ], [ -73.379485302603314, 44.603241669717598 ], [ -73.378722799241118, 44.602311384929358 ], [ -73.378636579682762, 44.602215500258055 ], [ -73.377687181028577, 44.60115964410312 ], [ -73.377634637834788, 44.601086656965677 ], [ -73.377633768014078, 44.601085448174089 ], [ -73.377468282847346, 44.600855573779114 ], [ -73.377357471657461, 44.600701644326264 ], [ -73.377241481752563, 44.600480389759532 ], [ -73.377061011080997, 44.600136133821145 ], [ -73.376679272348653, 44.599164109242814 ], [ -73.376665967489956, 44.599130231811088 ], [ -73.376653507776325, 44.599076144064853 ], [ -73.37644801771286, 44.598184099754462 ], [ -73.37642870365832, 44.598100257554542 ], [ -73.376426068993226, 44.598028966148284 ], [ -73.376390834690355, 44.597075442553823 ], [ -73.376480099860686, 44.596400290303258 ], [ -73.376667668294829, 44.595843351209794 ], [ -73.377027625634568, 44.595019285604401 ], [ -73.377043273565718, 44.594983461064857 ], [ -73.377075534746496, 44.594935697659572 ], [ -73.377505439210793, 44.594299201669592 ], [ -73.378544329986084, 44.59324771059017 ], [ -73.37994634333073, 44.59216371221148 ], [ -73.380732565773087, 44.591555800332522 ], [ -73.380754517845162, 44.591538826809625 ], [ -73.38080293754237, 44.591481236557101 ], [ -73.381400216843403, 44.590770829563958 ], [ -73.381653613957099, 44.590349835556189 ], [ -73.381747674510933, 44.589875504371626 ], [ -73.381657821697786, 44.589471980310726 ], [ -73.381407891700491, 44.589043886048501 ], [ -73.380243779444626, 44.587811237530303 ], [ -73.37885433636275, 44.586460199628348 ], [ -73.377867995580573, 44.585469578643028 ], [ -73.377052757858138, 44.58451330587414 ], [ -73.376354891610475, 44.583539068885898 ], [ -73.376132474059503, 44.583063984398379 ], [ -73.375723828628111, 44.582191094307092 ], [ -73.375561587785739, 44.581741803432436 ], [ -73.375417152782475, 44.581341815029703 ], [ -73.375188600509119, 44.580164562549285 ], [ -73.375063993919042, 44.579114919605004 ], [ -73.375143631437041, 44.577344049550874 ], [ -73.37497973506899, 44.576517676141755 ], [ -73.374799296195505, 44.575912750867168 ], [ -73.374627765667867, 44.57571343725543 ], [ -73.374590550192877, 44.575670194044214 ], [ -73.37423770016332, 44.57532698211299 ], [ -73.373128974573206, 44.574289329123793 ], [ -73.372800289996775, 44.574047102702764 ], [ -73.372063565696763, 44.573504157735378 ], [ -73.371877844323109, 44.573371418458869 ], [ -73.371877803580816, 44.573371389069791 ], [ -73.371150759388172, 44.572851744231258 ], [ -73.371056759093733, 44.57278455774857 ], [ -73.371027525123921, 44.572752422928488 ], [ -73.370042890384894, 44.571670055798343 ], [ -73.369852861457801, 44.571461160388068 ], [ -73.369597255454366, 44.571059248188632 ], [ -73.369305667408653, 44.570600752762566 ], [ -73.368105122617607, 44.56853271967816 ], [ -73.367777327152353, 44.568017078451064 ], [ -73.367280244524522, 44.567434265754613 ], [ -73.366929332878613, 44.567142639549388 ], [ -73.366917233772199, 44.567132584403716 ], [ -73.366689945851718, 44.566943692711206 ], [ -73.366651784050134, 44.566914730271073 ], [ -73.365211448617188, 44.565821558960479 ], [ -73.362760628042309, 44.56419607931948 ], [ -73.362177254687722, 44.563894499747185 ], [ -73.361680018551851, 44.563637444621051 ], [ -73.36162956944095, 44.563611363255163 ], [ -73.361453551383732, 44.563475877842585 ], [ -73.360579775641753, 44.56280329518372 ], [ -73.360567841708928, 44.562794109576842 ], [ -73.360435591429706, 44.562692309277324 ], [ -73.360191067395334, 44.562504083390628 ], [ -73.360054000057616, 44.56235672804209 ], [ -73.359654281990714, 44.561926999227765 ], [ -73.35913520812143, 44.561304800419265 ], [ -73.358962328046744, 44.561097570704362 ], [ -73.358621370348345, 44.560621992704192 ], [ -73.357432233013, 44.558963281883607 ], [ -73.356816424790765, 44.558180310067748 ], [ -73.356773509182304, 44.558140245936102 ], [ -73.356496254250118, 44.557881405592632 ], [ -73.356064127815941, 44.557539625133927 ], [ -73.35599862533833, 44.557487816659993 ], [ -73.355908966480072, 44.557436461557216 ], [ -73.355287574309401, 44.557080534836757 ], [ -73.355221544194137, 44.557042712801056 ], [ -73.354895659974787, 44.556921538356875 ], [ -73.354280191742035, 44.556692682570016 ], [ -73.35423957686892, 44.556677580542733 ], [ -73.354210414725486, 44.556670209333141 ], [ -73.353210942686403, 44.55641756943924 ], [ -73.352996649447675, 44.556363400759444 ], [ -73.352822812930441, 44.556330108888702 ], [ -73.352034044093799, 44.556179044636011 ], [ -73.351881513294629, 44.556149830903173 ], [ -73.351060027758678, 44.555937487044311 ], [ -73.35100475929444, 44.55592320034085 ], [ -73.350057314018372, 44.555503695967509 ], [ -73.350056577847567, 44.55550337023999 ], [ -73.350029912210189, 44.555488831081853 ], [ -73.350029790701782, 44.555488764507551 ], [ -73.348732873012523, 44.55478159270735 ], [ -73.347558970292667, 44.554199292957755 ], [ -73.347533967304301, 44.554186951395991 ], [ -73.347409269195325, 44.554125398433236 ], [ -73.34740922573242, 44.554125377098273 ], [ -73.347409164904718, 44.55412534650943 ], [ -73.34687156973655, 44.55385997940828 ], [ -73.346871275465276, 44.553859833807515 ], [ -73.34638907659901, 44.553621806909611 ], [ -73.346083435130211, 44.553470931754504 ], [ -73.344622590433303, 44.552826442376784 ], [ -73.344582500978063, 44.552808755383673 ], [ -73.344575875572161, 44.552805306771234 ], [ -73.344197484305298, 44.552608348140552 ], [ -73.343828782966085, 44.552416430698798 ], [ -73.343542324746508, 44.552236023945859 ], [ -73.343230681227467, 44.552039754911767 ], [ -73.343217262094356, 44.552031303043215 ], [ -73.343188596921621, 44.55201324927161 ], [ -73.343181870652003, 44.552009013189846 ], [ -73.343153473894318, 44.551991128951464 ], [ -73.342869726197591, 44.551812424406371 ], [ -73.3428208296571, 44.551773103630921 ], [ -73.342068150351082, 44.551167832786327 ], [ -73.34203884553753, 44.551144267063748 ], [ -73.341950487482251, 44.551054040429008 ], [ -73.341916329671832, 44.551019159990339 ], [ -73.340702696351727, 44.549779826694973 ], [ -73.340375957992407, 44.549535448444594 ], [ -73.339130913716716, 44.548604213023815 ], [ -73.339059204449924, 44.548505710748024 ], [ -73.338671710042348, 44.547973429024253 ], [ -73.338615583067181, 44.547468873153633 ], [ -73.338625657043053, 44.546905880552721 ], [ -73.338628624477337, 44.5468853870467 ], [ -73.338768437894075, 44.545919655676734 ], [ -73.339240069860026, 44.544976565887673 ], [ -73.339361627613528, 44.544473196277266 ], [ -73.33928567304541, 44.544099755583304 ], [ -73.339240968681793, 44.54387995460214 ], [ -73.339041014326895, 44.543481266472668 ], [ -73.338671759449895, 44.543063243078286 ], [ -73.337459448856976, 44.541901090240444 ], [ -73.336228862514631, 44.540820887667728 ], [ -73.332558896487257, 44.537205288657709 ], [ -73.331723443721287, 44.536270435649953 ], [ -73.331092306949429, 44.535240123104963 ], [ -73.330824270072824, 44.534179138356194 ], [ -73.3307366684339, 44.53337188941768 ], [ -73.330853172293502, 44.532557570033276 ], [ -73.330854962919048, 44.532049534521121 ], [ -73.330663876390716, 44.531341495346396 ], [ -73.329800024220901, 44.529889645619924 ], [ -73.329198890175803, 44.52916288262908 ], [ -73.328884012440568, 44.528854374709219 ], [ -73.328486471252944, 44.528570661661504 ], [ -73.327590532023649, 44.528228236338109 ], [ -73.324884485506686, 44.52765156507801 ], [ -73.323859708956775, 44.527174919764228 ], [ -73.322797312995732, 44.526419177390089 ], [ -73.322078010179951, 44.525545097375009 ], [ -73.321750866175151, 44.524676733170878 ], [ -73.321812889191051, 44.521951996992804 ], [ -73.32164723850326, 44.521278606439125 ], [ -73.321169187317835, 44.520026821275351 ], [ -73.321118153374101, 44.519389325740981 ], [ -73.321394356244085, 44.516143756869148 ], [ -73.321274650468339, 44.515225340993624 ], [ -73.32119119711507, 44.514744982707469 ], [ -73.320908760324386, 44.514056334139276 ], [ -73.320352390021469, 44.513115101155464 ], [ -73.319494930950498, 44.51224078205972 ], [ -73.318819523513639, 44.51170948585095 ], [ -73.316537946521052, 44.510463037091441 ], [ -73.315834599525388, 44.510067750525032 ], [ -73.314853328167288, 44.509274732644855 ], [ -73.312269666909401, 44.507063247672022 ], [ -73.311596917393118, 44.506371091246784 ], [ -73.310715246160271, 44.505213841904151 ], [ -73.309644863828439, 44.503283797263663 ], [ -73.308955999128401, 44.501719204159009 ], [ -73.308434975763319, 44.500265059117538 ], [ -73.308083235091019, 44.499216403454781 ], [ -73.307865310781466, 44.498407204199346 ], [ -73.306621607177817, 44.494481239621869 ], [ -73.306278891651132, 44.4931232468888 ], [ -73.306026246852213, 44.492126433355999 ], [ -73.30562957160079, 44.490897184083174 ], [ -73.305099910653297, 44.489399709263225 ], [ -73.304462866034825, 44.48779267632672 ], [ -73.303094095521644, 44.484728371544193 ], [ -73.302610818689431, 44.48367165676332 ], [ -73.302289158846861, 44.483001275116159 ], [ -73.302125028062619, 44.482577425178441 ], [ -73.301737303646988, 44.481214911905475 ], [ -73.30134589962465, 44.479337885443378 ], [ -73.301083124466345, 44.478313260027996 ], [ -73.300468402654744, 44.476417981288769 ], [ -73.300294826986558, 44.475892960557971 ], [ -73.300126513755174, 44.475458653232707 ], [ -73.299742211832594, 44.474848453791125 ], [ -73.29942347839156, 44.474059341576634 ], [ -73.298727179533813, 44.471819030168 ], [ -73.298224869868932, 44.469997199675156 ], [ -73.298089116049255, 44.46892886117881 ], [ -73.297958440500167, 44.467064382114359 ], [ -73.297833208576179, 44.463313111399003 ], [ -73.297895920310225, 44.46229949630365 ], [ -73.297994921424504, 44.461181170471008 ], [ -73.298090010588353, 44.458387636165249 ], [ -73.298095889415507, 44.457495385678058 ], [ -73.298125731119669, 44.456812192040296 ], [ -73.297980926296233, 44.455274864276817 ], [ -73.297728004953285, 44.453095372374221 ], [ -73.297622041724082, 44.452364600928291 ], [ -73.297497519837307, 44.451808644556337 ], [ -73.296888494580401, 44.449950136724027 ], [ -73.295482619784536, 44.444747832465069 ], [ -73.295320977451425, 44.444090553258576 ], [ -73.295283685526982, 44.443298422097634 ], [ -73.295319535307257, 44.440341289624058 ], [ -73.295344652812858, 44.434987660105399 ], [ -73.295407796974786, 44.432469889455149 ], [ -73.295587677061434, 44.430774251460775 ], [ -73.295679921313351, 44.430019982127313 ], [ -73.295781125475543, 44.429524551028663 ], [ -73.29609841066133, 44.428788405050199 ], [ -73.296691001529069, 44.427556092321012 ], [ -73.298295293706516, 44.425028812613483 ], [ -73.298927996595211, 44.42398758079343 ], [ -73.299592429451636, 44.422889228058978 ], [ -73.301386723962324, 44.419533689152644 ], [ -73.302085149068574, 44.418299130573843 ], [ -73.302537928247617, 44.417571831004864 ], [ -73.304319411588978, 44.413949765896689 ], [ -73.308394032401694, 44.407044196259243 ], [ -73.308871302861277, 44.406158919969819 ], [ -73.309810356275634, 44.40387721213132 ], [ -73.310462767737107, 44.402138146293943 ], [ -73.31085220247806, 44.400812594431876 ], [ -73.312914255534707, 44.394028180391423 ], [ -73.313825643965771, 44.391299803146239 ], [ -73.314906668537503, 44.388602774764536 ], [ -73.315280277356493, 44.38782387468224 ], [ -73.315716481090945, 44.387312178893644 ], [ -73.316356302634389, 44.386690043827628 ], [ -73.31700683588511, 44.386057475671905 ], [ -73.319613654684304, 44.383685067006461 ], [ -73.320619316627202, 44.382908279917153 ], [ -73.323343116642974, 44.380998088272293 ], [ -73.327187612091066, 44.378132741053086 ], [ -73.329746983787928, 44.376342361372096 ], [ -73.330123032476124, 44.376007510150771 ], [ -73.330776139056923, 44.375436286540811 ], [ -73.331076000545949, 44.375085947213087 ], [ -73.332130758374532, 44.373240797910718 ], [ -73.332847769483777, 44.371799354535099 ], [ -73.333513611240321, 44.370263792072237 ], [ -73.334091152914198, 44.368790774506472 ], [ -73.334474674719587, 44.367665801542458 ], [ -73.33466418083971, 44.366888849290611 ], [ -73.334638535829711, 44.366111044061384 ], [ -73.334385396805857, 44.364874898229381 ], [ -73.333150702839404, 44.359638994181388 ], [ -73.332786427055623, 44.358338328263855 ], [ -73.332487084488463, 44.357141753911669 ], [ -73.332358221207755, 44.356317794537837 ], [ -73.33232266778586, 44.355780122698185 ], [ -73.3324562971614, 44.355123909554806 ], [ -73.33304595057686, 44.354010331316537 ], [ -73.334593638218351, 44.351752109796344 ], [ -73.335037909357666, 44.35098189503649 ], [ -73.335232941512373, 44.350508062060918 ], [ -73.335349165755673, 44.349919493505013 ], [ -73.33536181014982, 44.349330582594398 ], [ -73.335194824083999, 44.348737506316048 ], [ -73.334988886486855, 44.348216372704329 ], [ -73.334681542581734, 44.347720974675653 ], [ -73.334125035017451, 44.347203483588714 ], [ -73.331950873978556, 44.345718081034519 ], [ -73.328836366083024, 44.344154083012057 ], [ -73.324610027392055, 44.342104782083496 ], [ -73.322809300576864, 44.341193886722408 ], [ -73.32208479845724, 44.340730382789623 ], [ -73.321772323979673, 44.340400479331969 ], [ -73.321632402878137, 44.339976754319771 ], [ -73.321558247599739, 44.339506408342714 ], [ -73.321553061015479, 44.338969950546812 ], [ -73.321826253095011, 44.338546029972171 ], [ -73.32225593323092, 44.337754896418183 ], [ -73.323285874618279, 44.336235859612152 ], [ -73.32454663468485, 44.334224583818539 ], [ -73.325162570358671, 44.332917595961803 ], [ -73.325689939777675, 44.331718931471137 ], [ -73.326023031321796, 44.330957850605607 ], [ -73.326176189085203, 44.330154147802006 ], [ -73.326161951525208, 44.329490642038699 ], [ -73.326119957840234, 44.328769966115921 ], [ -73.325909537515528, 44.328208709376611 ], [ -73.325539397465207, 44.32751811910709 ], [ -73.32517941099384, 44.326919136003561 ], [ -73.324414529636172, 44.32598389338127 ], [ -73.323811880038051, 44.325353645806445 ], [ -73.323261718363696, 44.324778292912356 ], [ -73.321952349636973, 44.32324611461172 ], [ -73.321626291237735, 44.322711025020226 ], [ -73.321490315526333, 44.322289247256528 ], [ -73.321327245288501, 44.321785370576791 ], [ -73.321346145937198, 44.321419492226667 ], [ -73.321564194343011, 44.321042953864655 ], [ -73.322235450413118, 44.320330810978973 ], [ -73.322861551669959, 44.319641939628859 ], [ -73.323487639383771, 44.318953064557832 ], [ -73.323895659929519, 44.318302023497203 ], [ -73.324041793721449, 44.317795387761933 ], [ -73.32419923602518, 44.317199590871404 ], [ -73.324286997848191, 44.316575632870368 ], [ -73.324234364402542, 44.315815881766376 ], [ -73.324104647346672, 44.31512341697664 ], [ -73.323918193282054, 44.31455652286062 ], [ -73.323525840031138, 44.313845879516059 ], [ -73.32294333295745, 44.313025724524223 ], [ -73.322353421363772, 44.312322924146457 ], [ -73.321515349098263, 44.311430150846725 ], [ -73.320899599733991, 44.310787139442695 ], [ -73.320490642187508, 44.310230601601759 ], [ -73.32048233464522, 44.310219295094903 ], [ -73.320224467716329, 44.309623559423805 ], [ -73.320053750116486, 44.309079578269348 ], [ -73.320022969233037, 44.308640059262551 ], [ -73.320126377826668, 44.30799339075768 ], [ -73.320284586583469, 44.307384099825889 ], [ -73.320323653994365, 44.307233644102325 ], [ -73.320816295807646, 44.306366517787296 ], [ -73.321341404818995, 44.30543084643304 ], [ -73.321593861952991, 44.30473424554404 ], [ -73.321774672438622, 44.304146509696075 ], [ -73.321644454030491, 44.303791942237694 ], [ -73.321430704153698, 44.303269673660552 ], [ -73.321075993910995, 44.302639339950424 ], [ -73.320400509250618, 44.301727170219948 ], [ -73.319913320379968, 44.300953171751537 ], [ -73.319803418527712, 44.300736272181254 ], [ -73.319576495340229, 44.300288415192732 ], [ -73.31938993403557, 44.299738716327234 ], [ -73.319370726614281, 44.299178199004501 ], [ -73.319422736846903, 44.298652371881346 ], [ -73.31961131525199, 44.298081828173743 ], [ -73.319724740650486, 44.297738653110478 ], [ -73.320113210737219, 44.296695326039014 ], [ -73.320941780239465, 44.295397791597523 ], [ -73.321644593629827, 44.294292649305341 ], [ -73.322163636136352, 44.293419859596234 ], [ -73.322447299833442, 44.292797748735559 ], [ -73.32264988425068, 44.292352556028661 ], [ -73.322691888624121, 44.292083939874537 ], [ -73.32263053355635, 44.291792072474131 ], [ -73.322285566631521, 44.291135660728521 ], [ -73.321832426548156, 44.290118998843042 ], [ -73.321503127982169, 44.289505775093325 ], [ -73.321093622331517, 44.288977997591921 ], [ -73.320509813519465, 44.288352315848762 ], [ -73.319747452436999, 44.287737597670038 ], [ -73.318817441328946, 44.287047193508911 ], [ -73.318812532465941, 44.287042390191388 ], [ -73.318250148327294, 44.286492144481336 ], [ -73.317673948874642, 44.285778693045778 ], [ -73.316885856960894, 44.284843349456025 ], [ -73.315709542318984, 44.283547343509163 ], [ -73.314891640551707, 44.282722066528613 ], [ -73.314148757730607, 44.281909847902845 ], [ -73.313621120823882, 44.281244330075644 ], [ -73.313149933787116, 44.280498965342005 ], [ -73.312940177653999, 44.280203297576627 ], [ -73.312672167382672, 44.27957055306009 ], [ -73.312313525887404, 44.278682727166768 ], [ -73.311716237412412, 44.277119485365816 ], [ -73.311301731476775, 44.275854010848555 ], [ -73.311187895936513, 44.275283808913464 ], [ -73.311145187427257, 44.274697785334034 ], [ -73.311101408819709, 44.274454913891141 ], [ -73.311173808516699, 44.274126062618791 ], [ -73.311442561539451, 44.273383823605428 ], [ -73.311752961691283, 44.27240726876304 ], [ -73.311903473155866, 44.271533001056518 ], [ -73.31208985634629, 44.270167052498707 ], [ -73.312217341184137, 44.269178302158252 ], [ -73.312278047098388, 44.268578151464659 ], [ -73.312480444508282, 44.268155796661439 ], [ -73.312929132607351, 44.26763811037754 ], [ -73.314293705671744, 44.266299179706792 ], [ -73.315591121484118, 44.265246669350759 ], [ -73.316168352514168, 44.26470581060898 ], [ -73.316601943082787, 44.264210116218997 ], [ -73.316900047735544, 44.263753872278329 ], [ -73.316998354005847, 44.263405474005729 ], [ -73.317086494854337, 44.263176714177675 ], [ -73.317212036540752, 44.262850878789145 ], [ -73.317222619587298, 44.262257017560145 ], [ -73.31705028412776, 44.261150128128257 ], [ -73.316809035363761, 44.25933888899354 ], [ -73.316775274264145, 44.258612496233816 ], [ -73.31677275221297, 44.257911839726034 ], [ -73.316784569287762, 44.257474591665151 ], [ -73.3168361036698, 44.256045172972222 ], [ -73.316904823604716, 44.255016548852595 ], [ -73.317035034836337, 44.254313234930429 ], [ -73.317276461084177, 44.253748180079903 ], [ -73.317837528605253, 44.252504344270726 ], [ -73.318204710769649, 44.251919659281704 ], [ -73.318551585073379, 44.251341830540682 ], [ -73.318710902427853, 44.251020329024207 ], [ -73.319250747128905, 44.250068744847987 ], [ -73.319369056846995, 44.249945814140034 ], [ -73.319613976928537, 44.249824139524051 ], [ -73.319882975677089, 44.249725173086517 ], [ -73.320105013513185, 44.249683661162997 ], [ -73.32041364954442, 44.24959169656298 ], [ -73.320775950789212, 44.249525074127199 ], [ -73.321057802072659, 44.249471625839249 ], [ -73.321349080840633, 44.249378107094152 ], [ -73.321704508703476, 44.249198478451738 ], [ -73.322185395262068, 44.248886544410929 ], [ -73.32250081022363, 44.248722803621 ], [ -73.322777355797783, 44.248503796029993 ], [ -73.322984830404039, 44.248247751566247 ], [ -73.323128649333199, 44.247767701772368 ], [ -73.32320137794315, 44.24732258132294 ], [ -73.323346100664523, 44.24659136311498 ], [ -73.323360357699514, 44.246089585150436 ], [ -73.323261602702104, 44.245742329531573 ], [ -73.323177085337264, 44.24543989999394 ], [ -73.323099903369183, 44.245204013131662 ], [ -73.323120834211238, 44.244980856646819 ], [ -73.323197738653008, 44.244631059115484 ], [ -73.323427966518963, 44.244281770404832 ], [ -73.323656079361399, 44.244004504901213 ], [ -73.324026899359396, 44.243739812798886 ], [ -73.32443856786486, 44.243611302434012 ], [ -73.324911977981614, 44.243556217296408 ], [ -73.324920232284882, 44.243555257104191 ], [ -73.32552834071457, 44.243643339327207 ], [ -73.326556068441448, 44.243865896824353 ], [ -73.327328898397852, 44.244009400888515 ], [ -73.32791815366177, 44.244095760966843 ], [ -73.32852455463086, 44.244248551020782 ], [ -73.329240571083972, 44.244417345464335 ], [ -73.329736089758796, 44.244438592435493 ], [ -73.329750525213356, 44.244439211393953 ], [ -73.330163063735498, 44.244366087773436 ], [ -73.330617049352753, 44.24424318224132 ], [ -73.331111625526574, 44.243955425926337 ], [ -73.33163049792033, 44.243517420810804 ], [ -73.332204621056562, 44.243050419283577 ], [ -73.332809767300475, 44.242461695843332 ], [ -73.333108166063383, 44.242174583320086 ], [ -73.333406561904127, 44.241887469958371 ], [ -73.333869143135274, 44.241478236747881 ], [ -73.334333669070801, 44.241137784268972 ], [ -73.334860831219856, 44.240733969676228 ], [ -73.335341513722568, 44.240416275075404 ], [ -73.335861499046615, 44.240063940316503 ], [ -73.336256036478957, 44.239885233821759 ], [ -73.336823026060955, 44.239656010621601 ], [ -73.337591022455314, 44.239400937042227 ], [ -73.338520268483038, 44.239104982574148 ], [ -73.339517391001039, 44.238889213348756 ], [ -73.340271916981379, 44.238756222929496 ], [ -73.341145659224054, 44.238653777912752 ], [ -73.341948325625765, 44.238586278525389 ], [ -73.342772698046858, 44.238461489807094 ], [ -73.343417756083795, 44.238305370995 ], [ -73.343823087960843, 44.238100084659727 ], [ -73.343851407591472, 44.237836869595789 ], [ -73.343718302946201, 44.237386084338944 ], [ -73.343322707500434, 44.236919966684347 ], [ -73.343017697084804, 44.236507622600435 ], [ -73.342790132059505, 44.236058130520462 ], [ -73.342582726286651, 44.23560177401378 ], [ -73.342497834540666, 44.235060793165665 ], [ -73.342593698515614, 44.234666427368147 ], [ -73.342922089699798, 44.234210507518227 ], [ -73.343229738452862, 44.2339487593987 ], [ -73.343685515323827, 44.233698397740838 ], [ -73.344435857740137, 44.233350191450413 ], [ -73.345090759089771, 44.232996924900888 ], [ -73.345840757838403, 44.232620144012031 ], [ -73.346938806955805, 44.232126618759324 ], [ -73.348115329353007, 44.231558199918034 ], [ -73.348576140453503, 44.231392222869992 ], [ -73.349415839574235, 44.231073356208782 ], [ -73.349846242483196, 44.230848737088067 ], [ -73.350325788357992, 44.230462333052671 ], [ -73.350536474199103, 44.230010081653951 ], [ -73.350707626950808, 44.229256894081608 ], [ -73.35087544648087, 44.228266209091906 ], [ -73.35097929556251, 44.227621840228387 ], [ -73.351065442636099, 44.227196654912703 ], [ -73.351139429239865, 44.22651720010407 ], [ -73.351222428964192, 44.226234631409284 ], [ -73.351488910969408, 44.225914421732085 ], [ -73.351900946947453, 44.225589490370467 ], [ -73.352544995268033, 44.225102254806337 ], [ -73.352982885347529, 44.224731965055781 ], [ -73.353373651546192, 44.224459315567216 ], [ -73.353789784777931, 44.224249401696916 ], [ -73.354257775727987, 44.223975486365553 ], [ -73.354807979037545, 44.223623589616139 ], [ -73.355186968396922, 44.223312410313632 ], [ -73.355430210611729, 44.222959627430889 ], [ -73.355552239012397, 44.222575674959458 ], [ -73.355712785116154, 44.221516769783058 ], [ -73.355675173458323, 44.220872590989373 ], [ -73.355700816812245, 44.220311637777968 ], [ -73.355690457705933, 44.219966076533865 ], [ -73.355702747860477, 44.219578563015986 ], [ -73.35592086909341, 44.219256821637622 ], [ -73.35622667843559, 44.218957397392288 ], [ -73.35680008597113, 44.218467392771778 ], [ -73.357106500577132, 44.218207963713866 ], [ -73.357373303039665, 44.217960256867293 ], [ -73.357685605588685, 44.217670276207066 ], [ -73.357927091102027, 44.217195903983225 ], [ -73.358088271751086, 44.216777399409644 ], [ -73.358338750655093, 44.216132446698516 ], [ -73.358668255240389, 44.215798926830814 ], [ -73.359110525359029, 44.215366303559499 ], [ -73.359603647130825, 44.214905634257136 ], [ -73.359939845383977, 44.214687337956711 ], [ -73.360289482566031, 44.214457776304492 ], [ -73.360809447187577, 44.214133924934323 ], [ -73.361351473482699, 44.213678478412042 ], [ -73.362026577367971, 44.213047674793117 ], [ -73.36229798441623, 44.212591156492003 ], [ -73.362320541302111, 44.212188335218201 ], [ -73.362231313348119, 44.211798421194061 ], [ -73.362117022221426, 44.211228292445846 ], [ -73.361900737081058, 44.210728617185545 ], [ -73.361765660234028, 44.210233472628936 ], [ -73.361746228457662, 44.209805251856132 ], [ -73.361856859665977, 44.209425405643657 ], [ -73.36205941296852, 44.208974915201651 ], [ -73.362320042810822, 44.208597266436115 ], [ -73.362608841334406, 44.208284713384224 ], [ -73.362936431118797, 44.208015958284811 ], [ -73.363463673142633, 44.207764461011429 ], [ -73.363858423120078, 44.207570284617937 ], [ -73.364268806125494, 44.20736841525008 ], [ -73.364541182234746, 44.207243567512783 ], [ -73.364813557204187, 44.207118719105701 ], [ -73.365596319106785, 44.206850208901493 ], [ -73.366498218084971, 44.206586548440377 ], [ -73.366962563239198, 44.206418390595374 ], [ -73.367578420758804, 44.206218532395098 ], [ -73.368295996826262, 44.205955326315845 ], [ -73.369057935093593, 44.205562172188785 ], [ -73.36963395130465, 44.205277912544894 ], [ -73.370178855794549, 44.205045358134058 ], [ -73.370674634985591, 44.204710211545141 ], [ -73.371192516473783, 44.204243368539018 ], [ -73.371536869262727, 44.203799374663447 ], [ -73.371813331794257, 44.203462119339193 ], [ -73.372044164603395, 44.203180524495018 ], [ -73.372377036001041, 44.202717514586695 ], [ -73.373419597746434, 44.201378546953528 ], [ -73.374053365148114, 44.20083897018349 ], [ -73.37508629840589, 44.200331112876995 ], [ -73.375842973177697, 44.200003356276838 ], [ -73.376618722130644, 44.1998056866734 ], [ -73.377553805505897, 44.199631881885537 ], [ -73.378669173090586, 44.199227069887172 ], [ -73.379302668306138, 44.198965835364469 ], [ -73.380145504664043, 44.198581816863879 ], [ -73.380289472077678, 44.198516449848533 ], [ -73.380574512929797, 44.198387028300246 ], [ -73.38099000113732, 44.198198375632245 ], [ -73.381443691305492, 44.19799310835004 ], [ -73.381702683669616, 44.197875928143873 ], [ -73.381850348829076, 44.197809117931726 ], [ -73.382434670212632, 44.197470165790001 ], [ -73.382784096777669, 44.197129703392996 ], [ -73.383118032805385, 44.196623488848118 ], [ -73.383457346970147, 44.195716242677527 ], [ -73.383621665462613, 44.195032953886908 ], [ -73.383738365533162, 44.194422900929617 ], [ -73.384003535375641, 44.193871188268133 ], [ -73.384300027421261, 44.193485962170087 ], [ -73.384843820120977, 44.193135986766372 ], [ -73.385550623718601, 44.192894049122771 ], [ -73.386464564272302, 44.19275584763902 ], [ -73.387203814060243, 44.192715906892339 ], [ -73.388146338361295, 44.192707640257503 ], [ -73.388790403861591, 44.19259580748227 ], [ -73.389350992269087, 44.192357296968481 ], [ -73.389783885844196, 44.192079725012952 ], [ -73.390270917663202, 44.191698809802674 ], [ -73.390598980833246, 44.191307637036772 ], [ -73.390812923081683, 44.190651049247741 ], [ -73.390868753749416, 44.190068893070915 ], [ -73.390951709714955, 44.189228075350826 ], [ -73.390971089420432, 44.188515896679995 ], [ -73.39072764009363, 44.186886809940248 ], [ -73.390660441640904, 44.186058155114189 ], [ -73.390572022581892, 44.185538113112905 ], [ -73.390257369983971, 44.184605324801645 ], [ -73.390041563771689, 44.183827022316414 ], [ -73.389983707268414, 44.183270102492649 ], [ -73.389920983950489, 44.182268855321865 ], [ -73.389920414706751, 44.181409214577606 ], [ -73.390078574198213, 44.180796277372409 ], [ -73.390246854848471, 44.180337618605229 ], [ -73.390567123793204, 44.179838309591453 ], [ -73.390868386365824, 44.179425178900885 ], [ -73.391301100732178, 44.178956315026284 ], [ -73.391688244627218, 44.178695461373039 ], [ -73.392070319702228, 44.178448873401216 ], [ -73.392726292907739, 44.178232523484198 ], [ -73.393279205855393, 44.178034104620529 ], [ -73.393911455356047, 44.177823622680087 ], [ -73.394623249327225, 44.177405391008811 ], [ -73.395195900787826, 44.176938479050079 ], [ -73.395649953074951, 44.176419506889545 ], [ -73.395654922978011, 44.176414027176342 ], [ -73.395913786958488, 44.176128575532204 ], [ -73.396201422762914, 44.175811395156849 ], [ -73.396656226580731, 44.175080704734299 ], [ -73.397075913952364, 44.174209699205534 ], [ -73.397275696229329, 44.173621232381535 ], [ -73.397419684430048, 44.173105102999536 ], [ -73.397570878392898, 44.172322828537162 ], [ -73.397629155805816, 44.171647177958697 ], [ -73.39755962283121, 44.170890567800079 ], [ -73.397036827731753, 44.169750009163195 ], [ -73.396758651337493, 44.169168812929243 ], [ -73.396426155552035, 44.168668081414914 ], [ -73.396068685820751, 44.168087455479565 ], [ -73.395894012302563, 44.167522722295601 ], [ -73.395781642932121, 44.16713776346112 ], [ -73.395779412244707, 44.16671160462996 ], [ -73.395859950164521, 44.166236433798005 ], [ -73.396029774460573, 44.165730716816491 ], [ -73.396394736879728, 44.165174469733735 ], [ -73.396747203965205, 44.164711657086187 ], [ -73.396896888249472, 44.164537449635148 ], [ -73.396902246434465, 44.164531214540624 ], [ -73.397046571594515, 44.164363243769621 ], [ -73.397518573215024, 44.163916469843294 ], [ -73.398001485598726, 44.163433866804311 ], [ -73.398381023834233, 44.16307936375086 ], [ -73.398683101551995, 44.162630207344868 ], [ -73.398867160230608, 44.162217572630823 ], [ -73.398942792275392, 44.161953968313441 ], [ -73.398975322759824, 44.16144486429063 ], [ -73.39898783073906, 44.160649978960478 ], [ -73.39902511785229, 44.159965102809615 ], [ -73.399108889645504, 44.159455286232692 ], [ -73.399210879047232, 44.15901052595207 ], [ -73.399543558649071, 44.157798962488194 ], [ -73.399762999039922, 44.156708190254719 ], [ -73.39998116472475, 44.155690957114942 ], [ -73.40020949297994, 44.154980023441382 ], [ -73.400468376534107, 44.15427840415672 ], [ -73.400665350520939, 44.15364782822995 ], [ -73.400737838414912, 44.153182677732893 ], [ -73.40089576209904, 44.152888260934247 ], [ -73.401229186441256, 44.152474001752225 ], [ -73.402021913198027, 44.151856344488529 ], [ -73.402537235701644, 44.15125787360423 ], [ -73.40277170274652, 44.150784282243727 ], [ -73.40284219576435, 44.150396629412995 ], [ -73.402844323662137, 44.149969096264016 ], [ -73.402589251700931, 44.14933625572143 ], [ -73.402347058180766, 44.1487417284985 ], [ -73.402302741654793, 44.148532398118846 ], [ -73.40221258902767, 44.147961046644795 ], [ -73.402132683440456, 44.147361246145991 ], [ -73.402160551390025, 44.147134241220598 ], [ -73.40243286750534, 44.14630325876302 ], [ -73.402701427347807, 44.14560892713348 ], [ -73.403171176537001, 44.144867026897025 ], [ -73.403688539892755, 44.14421220254458 ], [ -73.40459390067501, 44.143253300296351 ], [ -73.405741283211967, 44.142211414280851 ], [ -73.406696844270343, 44.141238833811343 ], [ -73.407144680812095, 44.140754158536303 ], [ -73.407530624917172, 44.140336459288513 ], [ -73.408205746548305, 44.139768579164127 ], [ -73.40906768075476, 44.139292769047834 ], [ -73.410048213629679, 44.138874631069754 ], [ -73.410948274834041, 44.138476945718232 ], [ -73.411882771889864, 44.137914206746622 ], [ -73.412642246151151, 44.137088071420671 ], [ -73.413235700368659, 44.136426057475319 ], [ -73.41380821137335, 44.135796358153307 ], [ -73.414357245811601, 44.135069962564366 ], [ -73.415114015331909, 44.134084758494232 ], [ -73.415628259606052, 44.133504371000974 ], [ -73.41603223809345, 44.132970221148767 ], [ -73.416096993367475, 44.132416940381852 ], [ -73.416003082510969, 44.131818330342711 ], [ -73.415731901624383, 44.131272602301785 ], [ -73.415380738351686, 44.130802165953398 ], [ -73.415056335071952, 44.130229087990003 ], [ -73.414691302903336, 44.129536458031431 ], [ -73.414393393455569, 44.128866975853136 ], [ -73.414099648092801, 44.128111410764404 ], [ -73.413928201090613, 44.127226436800633 ], [ -73.413907361749963, 44.126492513690202 ], [ -73.413953447611803, 44.125676643576305 ], [ -73.414144871641881, 44.125085270357722 ], [ -73.414209232093455, 44.124920639187977 ], [ -73.414244174346365, 44.124734020680769 ], [ -73.414123420635349, 44.12439409564444 ], [ -73.41392660500432, 44.123909185475121 ], [ -73.413631609226158, 44.123358163028833 ], [ -73.413384236796048, 44.122894122242236 ], [ -73.413099889189084, 44.122321638561466 ], [ -73.412870741116308, 44.121794782334121 ], [ -73.412651460277701, 44.121201061772247 ], [ -73.412455043917177, 44.120498521652877 ], [ -73.412306008997774, 44.119885376272748 ], [ -73.412178890649415, 44.11940860081539 ], [ -73.412083795555233, 44.118836150314486 ], [ -73.412025339228208, 44.118427707375801 ], [ -73.411927822931958, 44.117965749117268 ], [ -73.411799837763738, 44.117150743677705 ], [ -73.411673640680419, 44.116344775972038 ], [ -73.411581602178956, 44.115790529465947 ], [ -73.411541185485916, 44.115247271622401 ], [ -73.411428858280559, 44.114630402672447 ], [ -73.411391945920357, 44.114030122022719 ], [ -73.411394560366958, 44.1136331435196 ], [ -73.411498950212973, 44.112720632770063 ], [ -73.411649590180318, 44.111945481548602 ], [ -73.411813014051077, 44.111472782820044 ], [ -73.411886984057318, 44.111286710886041 ], [ -73.412060802873455, 44.110763773350129 ], [ -73.412284338150741, 44.110248726471085 ], [ -73.412584297782971, 44.109864254430555 ], [ -73.412893486727995, 44.109508719232267 ], [ -73.413152502884344, 44.109159732837043 ], [ -73.413345528496436, 44.108869106398792 ], [ -73.413651840326963, 44.108524667903914 ], [ -73.413886323204977, 44.108134743503243 ], [ -73.414056866085645, 44.107687940646947 ], [ -73.414198347536797, 44.107029608346018 ], [ -73.414554375633514, 44.105667186326237 ], [ -73.414716680096049, 44.1048274380883 ], [ -73.414851631584085, 44.10388652862347 ], [ -73.414975746163847, 44.102607262893663 ], [ -73.415148345418245, 44.101753243189862 ], [ -73.415314675355688, 44.101136623493076 ], [ -73.415577148668135, 44.100658085546584 ], [ -73.416011546317435, 44.099976507995777 ], [ -73.416468706331855, 44.099432637307068 ], [ -73.416752737141508, 44.099080347992974 ], [ -73.417036763288536, 44.098728057884244 ], [ -73.417674156706212, 44.09789889669041 ], [ -73.418144833180662, 44.097246494871086 ], [ -73.418800792392659, 44.096195466145339 ], [ -73.419786073352341, 44.094652736418475 ], [ -73.421123052832215, 44.09254227110646 ], [ -73.422272466803889, 44.090740190847988 ], [ -73.42327504745974, 44.089084434488029 ], [ -73.424046298040054, 44.087857003491983 ], [ -73.424652705902233, 44.086836476265823 ], [ -73.425228942645063, 44.085815277581268 ], [ -73.425947586314336, 44.084695301720409 ], [ -73.427018441359266, 44.083090798647383 ], [ -73.427477436454893, 44.082414473904556 ], [ -73.42793921843996, 44.081754706581719 ], [ -73.428510277145094, 44.080911448843565 ], [ -73.428877966700909, 44.080377949399576 ], [ -73.429252796616126, 44.079752911632525 ], [ -73.429470508556648, 44.079282962600836 ], [ -73.429749902759241, 44.078618348745046 ], [ -73.42990870203225, 44.077999313106481 ], [ -73.429975475873874, 44.077262025594955 ], [ -73.43001374260119, 44.076226796915485 ], [ -73.430040405875999, 44.074906562002738 ], [ -73.430049209309161, 44.073996426447522 ], [ -73.430203870568221, 44.072680453101832 ], [ -73.430370476199187, 44.071821920966286 ], [ -73.430573006496473, 44.070545777709533 ], [ -73.430849263602454, 44.069232287252476 ], [ -73.431042461671353, 44.068342497597996 ], [ -73.431342391902689, 44.067187966757658 ], [ -73.431738464972256, 44.065797257138243 ], [ -73.432201802080911, 44.064126762597084 ], [ -73.432532463357376, 44.062943866053359 ], [ -73.43281203587145, 44.061803409382172 ], [ -73.433115859916114, 44.06087920156174 ], [ -73.433478666076823, 44.059610337887634 ], [ -73.433753711506697, 44.058642589524453 ], [ -73.43406129582803, 44.057574514251485 ], [ -73.434347382855051, 44.056563653710562 ], [ -73.434792240811518, 44.055209576824986 ], [ -73.435448485351472, 44.053404995775331 ], [ -73.435868577992323, 44.052230478003963 ], [ -73.436449120051591, 44.050647936839646 ], [ -73.437142682454734, 44.048937426874012 ], [ -73.43745261804365, 44.047775799560021 ], [ -73.437654994332476, 44.046907737964275 ], [ -73.437874276204738, 44.045780893251653 ], [ -73.438009793091183, 44.045178219332307 ], [ -73.438037174738895, 44.044516479554076 ], [ -73.437854311625884, 44.043880677113201 ], [ -73.437397732249593, 44.04303237745399 ], [ -73.436874126263106, 44.042456672508962 ], [ -73.436050735356346, 44.041898466342111 ], [ -73.434981235061059, 44.04121453999575 ], [ -73.433912186298031, 44.040516155827213 ], [ -73.433038615372567, 44.03997164966151 ], [ -73.432107455710621, 44.039441575471905 ], [ -73.430924995460245, 44.03878772423068 ], [ -73.430420563358254, 44.038506849833325 ], [ -73.428364534007599, 44.037585277031532 ], [ -73.428088684397551, 44.037402821095966 ], [ -73.427536969853406, 44.037037924109576 ], [ -73.427218870333462, 44.036703525831506 ], [ -73.426511864535414, 44.035902117113686 ], [ -73.425862480463479, 44.035180644511762 ], [ -73.425429991831635, 44.034563017053209 ], [ -73.424955436801113, 44.034023852670444 ], [ -73.424401491077759, 44.033469271443302 ], [ -73.423726645110079, 44.032963435221497 ], [ -73.422953197686923, 44.032412992510466 ], [ -73.422247444185558, 44.031942671102996 ], [ -73.421645081291175, 44.031711212691555 ], [ -73.420730353802142, 44.031597784746474 ], [ -73.420056097678199, 44.031444551557435 ], [ -73.419423286738166, 44.031234304306849 ], [ -73.417854322516007, 44.030593628815261 ], [ -73.416264260586658, 44.029995850755661 ], [ -73.41456736816302, 44.029319154414814 ], [ -73.413415932889521, 44.028704140974199 ], [ -73.412600105461948, 44.028184144905033 ], [ -73.411918816803308, 44.027618158908815 ], [ -73.411441181926207, 44.02720135408714 ], [ -73.410924283486665, 44.02664818380039 ], [ -73.410601343391235, 44.026153339002128 ], [ -73.410156266129334, 44.025269114751694 ], [ -73.409350312707375, 44.023703429909894 ], [ -73.408720686424488, 44.022618841482931 ], [ -73.407973703289457, 44.021100595249592 ], [ -73.407057798227299, 44.018806423677866 ], [ -73.406459128982434, 44.016955717762336 ], [ -73.406047027013784, 44.01484130844613 ], [ -73.40601592814815, 44.014142779962263 ], [ -73.406128099204437, 44.012561104638145 ], [ -73.406273190141249, 44.011238869918721 ], [ -73.406647869820077, 44.009164244929487 ], [ -73.407167625405165, 44.006882945509517 ], [ -73.40749459790274, 44.004756890855383 ], [ -73.407919219088598, 44.00338859812917 ], [ -73.408424584776668, 44.002013854873503 ], [ -73.40874759476128, 44.001118729811715 ], [ -73.40888206252599, 44.000192226308492 ], [ -73.408969444112856, 43.999726574753119 ], [ -73.409210208336447, 43.995669659846023 ], [ -73.409255390539116, 43.995174041994325 ], [ -73.409397266153249, 43.994715403210307 ], [ -73.410032132393013, 43.992968274668137 ], [ -73.410591208931351, 43.99121719659184 ], [ -73.410690254055226, 43.989768314598599 ], [ -73.410979471137395, 43.988117719358577 ], [ -73.411194722428988, 43.986384994265016 ], [ -73.411351302613241, 43.985931330478628 ], [ -73.411645076560248, 43.9853098563161 ], [ -73.412013306945411, 43.984467602157316 ], [ -73.412322978338864, 43.983694626158936 ], [ -73.412508888133331, 43.982704069087781 ], [ -73.412591266945299, 43.98185598795105 ], [ -73.412540535803203, 43.980394342667431 ], [ -73.412444169363596, 43.979147958397263 ], [ -73.412151647629742, 43.97778370188427 ], [ -73.411997050387356, 43.977227365638555 ], [ -73.411714073269465, 43.976626109806617 ], [ -73.411167650692263, 43.975564931305399 ], [ -73.41048332192554, 43.974572265009598 ], [ -73.409673878954919, 43.973213196192766 ], [ -73.4083828590351, 43.970465519378671 ], [ -73.407612245540818, 43.969061214415717 ], [ -73.407306298698927, 43.968373372118627 ], [ -73.407012225691105, 43.967600585984947 ], [ -73.406803075511291, 43.966632052247931 ], [ -73.406554760222434, 43.964960189800308 ], [ -73.40647003611177, 43.964030590036216 ], [ -73.40646351632077, 43.963131685190938 ], [ -73.406498374227809, 43.961850343938345 ], [ -73.406435634167153, 43.960159216136333 ], [ -73.405825795735169, 43.956824765461278 ], [ -73.405653565607295, 43.955214929739832 ], [ -73.405599902065745, 43.954468236979658 ], [ -73.405634704852389, 43.953626919974973 ], [ -73.405688659700076, 43.952267269502649 ], [ -73.40557133999917, 43.95084621073007 ], [ -73.405535617533431, 43.949609581872302 ], [ -73.405644135979927, 43.948380493126074 ], [ -73.405846215203269, 43.947490749038046 ], [ -73.406410683002704, 43.946151848157498 ], [ -73.406642395692515, 43.945499991009207 ], [ -73.40706749143645, 43.943909353030065 ], [ -73.407533904341705, 43.942483717498867 ], [ -73.407755663798497, 43.941637574449906 ], [ -73.408069807808971, 43.940317677178648 ], [ -73.408713376217506, 43.936688439051892 ], [ -73.408791492683022, 43.935664211246205 ], [ -73.40880645157965, 43.934025176134519 ], [ -73.408704375473675, 43.932956958993792 ], [ -73.408576123199808, 43.932379336822109 ], [ -73.408441770166675, 43.931600311589499 ], [ -73.408227913515816, 43.930880121780667 ], [ -73.407198677820091, 43.928393403175967 ], [ -73.405950762361527, 43.926059921222347 ], [ -73.4053179486136, 43.925048767067608 ], [ -73.404520405589139, 43.923756841584989 ], [ -73.40377619850014, 43.922481552100699 ], [ -73.402782134297922, 43.92056047489784 ], [ -73.401250740312918, 43.917243513236635 ], [ -73.400888827332381, 43.916158270689891 ], [ -73.40037860519854, 43.914020859673656 ], [ -73.400262544146869, 43.913537296609867 ], [ -73.399799055179216, 43.912242267499572 ], [ -73.399051321431017, 43.910799640188998 ], [ -73.398500259360503, 43.909446079705852 ], [ -73.398176738362508, 43.90837446649391 ], [ -73.396819310743098, 43.90457183282566 ], [ -73.39620406867023, 43.903390065841037 ], [ -73.395852100902317, 43.902905435574652 ], [ -73.395410739584065, 43.902536888004796 ], [ -73.394079457604164, 43.901704931856209 ], [ -73.392922999303195, 43.90103374554824 ], [ -73.392111463504136, 43.900489786437682 ], [ -73.390258555575059, 43.899441720614789 ], [ -73.388700449357472, 43.898167489671827 ], [ -73.387762500413444, 43.897170948530565 ], [ -73.386422996830944, 43.895522847929669 ], [ -73.385926640626863, 43.894738598473317 ], [ -73.384903956862004, 43.893176797234993 ], [ -73.384130477068965, 43.89197119076951 ], [ -73.383227208655612, 43.890411106947369 ], [ -73.381963390285875, 43.888205301640816 ], [ -73.380912644424455, 43.886771366318911 ], [ -73.38009693977871, 43.885839859131472 ], [ -73.37878497511322, 43.883950076693594 ], [ -73.377047311987923, 43.881248101161354 ], [ -73.375921743391459, 43.879461710021623 ], [ -73.375125785793699, 43.877996616474128 ], [ -73.374357585441047, 43.876611024494231 ], [ -73.374123359533087, 43.875059136181399 ], [ -73.374264514649141, 43.87454422350239 ], [ -73.374428257039867, 43.874152548595191 ], [ -73.374859944666426, 43.873501942304081 ], [ -73.375310495384369, 43.872666273209433 ], [ -73.375671817789325, 43.871815009880137 ], [ -73.376285743225324, 43.870456330059568 ], [ -73.376595435431895, 43.869676240286182 ], [ -73.378506919525691, 43.866320835528768 ], [ -73.378994878118974, 43.865450757738685 ], [ -73.379347476242614, 43.864670259242843 ], [ -73.379648620978827, 43.863804398007581 ], [ -73.379939159507188, 43.862656314152723 ], [ -73.380257930782122, 43.861905161652757 ], [ -73.38104341265057, 43.860448107865828 ], [ -73.381311369688319, 43.859861900694938 ], [ -73.381850385784261, 43.858426142750695 ], [ -73.382164406495164, 43.856512862832858 ], [ -73.38221459622531, 43.855534864549696 ], [ -73.381996226813285, 43.85463926622883 ], [ -73.381717456647493, 43.853915625897152 ], [ -73.381167243810324, 43.852968250642363 ], [ -73.380839207604723, 43.852557379046395 ], [ -73.380437811631182, 43.852156432990803 ], [ -73.379584368025263, 43.851447029734494 ], [ -73.377473011874415, 43.850126445914988 ], [ -73.376171176648754, 43.849396413725067 ], [ -73.375002177601019, 43.848627578675078 ], [ -73.3740045128812, 43.847929634346272 ], [ -73.373196866228369, 43.847231017855826 ], [ -73.372628421809139, 43.846517022333522 ], [ -73.372450016551724, 43.846169579231287 ], [ -73.372395399348633, 43.84568346115902 ], [ -73.37291098285344, 43.844211389497687 ], [ -73.373568895410173, 43.843054851369487 ], [ -73.374367308999084, 43.841932020881892 ], [ -73.376015631762996, 43.840102916063067 ], [ -73.376831668406311, 43.839344433264507 ], [ -73.37723719088352, 43.839055154293668 ], [ -73.378032140291282, 43.838706548954171 ], [ -73.379735017615715, 43.838125441673135 ], [ -73.380724308567196, 43.837693978669044 ], [ -73.382458488422003, 43.836804541140616 ], [ -73.383950632039401, 43.836041169166712 ], [ -73.385154065216597, 43.835288105868038 ], [ -73.386251321044469, 43.834418381947444 ], [ -73.388732942438779, 43.832239026677129 ], [ -73.389253973434464, 43.831450931763683 ], [ -73.390223756894784, 43.829407727941224 ], [ -73.390504123504172, 43.828587929381371 ], [ -73.391554969168467, 43.826482912465316 ], [ -73.392322969851207, 43.824849503760163 ], [ -73.392789526236641, 43.823242605035631 ], [ -73.392818741775827, 43.82236245111573 ], [ -73.392767394379504, 43.821771199903566 ], [ -73.392608635110889, 43.821301534457888 ], [ -73.392355391980345, 43.820711239323394 ], [ -73.391638592859422, 43.819421687026853 ], [ -73.390784499987603, 43.8181629985096 ], [ -73.389885596218434, 43.817211264410808 ], [ -73.389329955665332, 43.816807607504622 ], [ -73.388801516248506, 43.816497904560798 ], [ -73.386420735705968, 43.815219236188021 ], [ -73.382341700480026, 43.812575891948981 ], [ -73.38136029832441, 43.811592299800253 ], [ -73.380957463461115, 43.811091498557936 ], [ -73.380727887911291, 43.810806086942414 ], [ -73.380380587410585, 43.810333334599683 ], [ -73.38003848384551, 43.809752756849107 ], [ -73.37944941390171, 43.808448769256792 ], [ -73.379039348473199, 43.807745004273194 ], [ -73.378382743039452, 43.806303459057339 ], [ -73.378250371302556, 43.805846228280778 ], [ -73.378091935146045, 43.805298961675319 ], [ -73.377785140766875, 43.803783260533947 ], [ -73.37736150255688, 43.800711272690066 ], [ -73.377177127249468, 43.799953156347499 ], [ -73.376902264710225, 43.799322911007863 ], [ -73.37681104818266, 43.799211514737394 ], [ -73.376715349742668, 43.799094645313396 ], [ -73.376310662701272, 43.798600424510866 ], [ -73.374618049983098, 43.797448026301751 ], [ -73.369529615361728, 43.794111698827358 ], [ -73.367626354271209, 43.792943811242189 ], [ -73.363974861516724, 43.790983051402847 ], [ -73.363055907500126, 43.790439004964696 ], [ -73.361117189790548, 43.789000173107077 ], [ -73.360591686761367, 43.788626820252595 ], [ -73.360424520730263, 43.788508053557422 ], [ -73.359532896867861, 43.787717995820586 ], [ -73.359307662795857, 43.787490381982543 ], [ -73.358406258514904, 43.786579432805581 ], [ -73.357690711832504, 43.785697935708001 ], [ -73.357490534964995, 43.785196497218479 ], [ -73.357206812606108, 43.784143651743669 ], [ -73.356386173479521, 43.780951720557198 ], [ -73.355757331379237, 43.778674605720184 ], [ -73.355074918349999, 43.777117409298974 ], [ -73.354648249799524, 43.776377202763932 ], [ -73.35411479552198, 43.775698833475055 ], [ -73.353081001526704, 43.774490579994719 ], [ -73.350979977690599, 43.772036173102585 ], [ -73.35087051756949, 43.771869843564062 ], [ -73.350744787377124, 43.771678789001946 ], [ -73.350646390332017, 43.771281539723503 ], [ -73.350693733510127, 43.770938902788316 ], [ -73.350747018195861, 43.770534045922339 ], [ -73.351181989948486, 43.769864289907844 ], [ -73.352499434076449, 43.768077979876857 ], [ -73.352615837033881, 43.767920144814639 ], [ -73.352669468643228, 43.767834845250931 ], [ -73.353207757623323, 43.766978686571193 ], [ -73.353855293855418, 43.765490753567008 ], [ -73.354374962393365, 43.76461328087251 ], [ -73.355889606225631, 43.762612702739382 ], [ -73.357166514681296, 43.760946934215781 ], [ -73.358018422449646, 43.759904744220016 ], [ -73.358566860177689, 43.759124627831859 ], [ -73.359053262904553, 43.758404706319716 ], [ -73.359874281104538, 43.756941683304994 ], [ -73.360498949898258, 43.756007255085947 ], [ -73.362661797588572, 43.753159422931112 ], [ -73.364338826693043, 43.751369791329999 ], [ -73.365060111033372, 43.750346467517616 ], [ -73.365479718511935, 43.749558361374369 ], [ -73.366556984568462, 43.747534938748046 ], [ -73.368109442681472, 43.745608465925329 ], [ -73.369499126277603, 43.74402569614724 ], [ -73.370465277601781, 43.741000275321589 ], [ -73.370515877550361, 43.736132298975626 ], [ -73.370518985282914, 43.735833223950117 ], [ -73.370449327141017, 43.735321451726001 ], [ -73.370408737987347, 43.735023242739018 ], [ -73.370109542967739, 43.73282498163249 ], [ -73.369705417408127, 43.729236284315483 ], [ -73.369702418366259, 43.728250257450803 ], [ -73.370216815239701, 43.725741640003335 ], [ -73.370224580236851, 43.725703767421962 ], [ -73.370486970792967, 43.724936380082809 ], [ -73.370851259453033, 43.724577095041255 ], [ -73.373515283971798, 43.721949488816236 ], [ -73.374215102566836, 43.721260771949218 ], [ -73.376047143975825, 43.719457696105117 ], [ -73.378240945974767, 43.717298394679347 ], [ -73.378335458176352, 43.717205364528873 ], [ -73.37848817328495, 43.717085415019255 ], [ -73.379148246169223, 43.716566957375555 ], [ -73.381335179813348, 43.715213254502629 ], [ -73.381692313047751, 43.71494270653929 ], [ -73.383373863737049, 43.71366879072383 ], [ -73.385622875673448, 43.711577453574016 ], [ -73.386643255813937, 43.710526668589971 ], [ -73.386967413212219, 43.710111281237523 ], [ -73.387104023590794, 43.709936221725116 ], [ -73.387338974244145, 43.709635142466475 ], [ -73.38776856295101, 43.709084630367592 ], [ -73.388054625781976, 43.708718038699182 ], [ -73.388322562274098, 43.708211311134868 ], [ -73.388463998630968, 43.707847285801577 ], [ -73.388585500208308, 43.707264387462274 ], [ -73.38868858942044, 43.706769814175559 ], [ -73.388899434656423, 43.706294163449449 ], [ -73.389172576025032, 43.706106538090069 ], [ -73.389900370671214, 43.70560659393054 ], [ -73.390189924654081, 43.705254877831365 ], [ -73.390315003845629, 43.705075277820761 ], [ -73.390506176570057, 43.704800770208458 ], [ -73.391749512162804, 43.703481800458192 ], [ -73.391852764988926, 43.703323159434341 ], [ -73.392926549104274, 43.701673296054125 ], [ -73.393331973973346, 43.700355309763552 ], [ -73.393421591682241, 43.700063966339378 ], [ -73.393547632430014, 43.699666535046973 ], [ -73.393603360354135, 43.699503470542034 ], [ -73.3937174678437, 43.69923364807579 ], [ -73.393750574885871, 43.699155360620246 ], [ -73.393964562096059, 43.698763469649073 ], [ -73.394289343354956, 43.698252239872119 ], [ -73.394327929989529, 43.698191500242537 ], [ -73.39486919293465, 43.697486166188298 ], [ -73.394960860988235, 43.697380081336043 ], [ -73.395037507071379, 43.69729138160347 ], [ -73.395194058745318, 43.697110207430903 ], [ -73.395821123423161, 43.696497242717186 ], [ -73.396805734656198, 43.695562047925492 ], [ -73.397355206759642, 43.695196235011011 ], [ -73.397666825603864, 43.694988769949177 ], [ -73.397848555071874, 43.694880987716857 ], [ -73.398466279615945, 43.694514615420928 ], [ -73.399149664122618, 43.694210034438825 ], [ -73.399161579162183, 43.694204723419922 ], [ -73.399197072857106, 43.694192083135043 ], [ -73.40051086874027, 43.693724209436517 ], [ -73.400589439171853, 43.693696227650882 ], [ -73.400912320288896, 43.693581238343441 ], [ -73.401510289327689, 43.693318018019923 ], [ -73.402179647074362, 43.69296289659934 ], [ -73.402192015583182, 43.69295474189061 ], [ -73.402589218045648, 43.692692862105332 ], [ -73.402901445449473, 43.692487004627651 ], [ -73.40333307418986, 43.692052728882089 ], [ -73.403356834524118, 43.692028822537459 ], [ -73.403740277383122, 43.691580116818251 ], [ -73.40374309087386, 43.691576824699467 ], [ -73.403743550765398, 43.691576234169204 ], [ -73.404002132660096, 43.691244628584684 ], [ -73.404437410564583, 43.690650284343491 ], [ -73.404655801813121, 43.690318201605926 ], [ -73.404680896500921, 43.690258381102673 ], [ -73.405073399396173, 43.689322714933844 ], [ -73.405202518972857, 43.688538366731343 ], [ -73.405157707624269, 43.688155735560883 ], [ -73.405139494195723, 43.688000208396552 ], [ -73.404902244438304, 43.687613569535657 ], [ -73.40483191964978, 43.687527268456655 ], [ -73.404329745272562, 43.686911002196183 ], [ -73.404001070649855, 43.686422500222193 ], [ -73.403856445656771, 43.686189712814603 ], [ -73.403672433133437, 43.685701161169199 ], [ -73.403547578517944, 43.685214343212969 ], [ -73.403477179068929, 43.684745497597277 ], [ -73.40347216422019, 43.684712098915661 ], [ -73.403474987301863, 43.684646180707873 ], [ -73.403490632320782, 43.684280951306299 ], [ -73.403495695992959, 43.68416274396305 ], [ -73.403596945648147, 43.683720439978984 ], [ -73.40390138055831, 43.682638378439229 ], [ -73.404057651937194, 43.681756592105422 ], [ -73.404130740948318, 43.681344163327566 ], [ -73.404159812460165, 43.681234026356904 ], [ -73.404371794380793, 43.68043092042398 ], [ -73.404709129822933, 43.679152861361679 ], [ -73.404716875991852, 43.679123514296094 ], [ -73.404726272967139, 43.679087910087929 ], [ -73.404731468940113, 43.679077972138359 ], [ -73.404758235554368, 43.679026775319642 ], [ -73.406871164897836, 43.674985052939945 ], [ -73.407126577905004, 43.67427764428831 ], [ -73.407356113045367, 43.673641896213034 ], [ -73.407546690673342, 43.673114038248265 ], [ -73.407592280915424, 43.672952256480293 ], [ -73.407628686628058, 43.672823067645041 ], [ -73.407787342620864, 43.672260057226723 ], [ -73.407809320537908, 43.672182064047732 ], [ -73.407849043376231, 43.671869551390586 ], [ -73.407896987178745, 43.671492354234985 ], [ -73.407901868102059, 43.671238891466601 ], [ -73.407910667945004, 43.670781993268619 ], [ -73.407923591390329, 43.670110903728421 ], [ -73.40798030122528, 43.669936017538099 ], [ -73.4080792601426, 43.669630833351846 ], [ -73.408147937168593, 43.669419036743975 ], [ -73.408654705159591, 43.668376775733456 ], [ -73.410028873947013, 43.665910544403275 ], [ -73.410630996963008, 43.664829839431427 ], [ -73.411109923565846, 43.663818184279442 ], [ -73.411764912439807, 43.662434562964727 ], [ -73.411819236529865, 43.662307195444818 ], [ -73.411859185279837, 43.66221353132913 ], [ -73.411897361157486, 43.662124023061956 ], [ -73.412145782127936, 43.661662928824441 ], [ -73.412182218365075, 43.661611671767361 ], [ -73.41242868315463, 43.661264956573369 ], [ -73.412462718083304, 43.661217077634731 ], [ -73.412778319046211, 43.66082123704048 ], [ -73.413541015429317, 43.659895594660036 ], [ -73.413695277942296, 43.659687898733964 ], [ -73.413780417227642, 43.659573269842838 ], [ -73.4138377629193, 43.659496059736483 ], [ -73.413932081916087, 43.659315991868205 ], [ -73.413981968455019, 43.659220749636262 ], [ -73.414442761120625, 43.658341006593716 ], [ -73.41450287550235, 43.658226233430369 ], [ -73.414534323025478, 43.658138517184391 ], [ -73.414782892695328, 43.657445165529978 ], [ -73.414887987727226, 43.657152011618564 ], [ -73.414970672586392, 43.656806389981568 ], [ -73.415071787902178, 43.656383719198423 ], [ -73.415167836812316, 43.655558091009333 ], [ -73.415207638860039, 43.654544291033432 ], [ -73.415154163790646, 43.6539575043426 ], [ -73.415182092551305, 43.65350710198301 ], [ -73.415408960005522, 43.652797734766935 ], [ -73.415436164123321, 43.652736915204358 ], [ -73.415463858358763, 43.652674997652461 ], [ -73.415504487858072, 43.652584160655394 ], [ -73.415723453781212, 43.652094608628879 ], [ -73.415765764890054, 43.652000010504267 ], [ -73.415896635386986, 43.651815091026123 ], [ -73.415952651505918, 43.651735938986356 ], [ -73.418068053726444, 43.64874667556208 ], [ -73.418095679634931, 43.648707636184909 ], [ -73.418340473987371, 43.648361695516364 ], [ -73.418555360482131, 43.648129899760796 ], [ -73.418896433086317, 43.64788448333087 ], [ -73.419080308321071, 43.647768345711938 ], [ -73.419371097963392, 43.647584677020255 ], [ -73.419416844793162, 43.647555782317447 ], [ -73.420125521488956, 43.647191623905456 ], [ -73.421104273609032, 43.64680527659408 ], [ -73.421285429706856, 43.646733766184468 ], [ -73.421858397660941, 43.646478723243192 ], [ -73.422327653183345, 43.646269842192531 ], [ -73.423483379629431, 43.645755376001929 ], [ -73.42421904545337, 43.64529048108507 ], [ -73.424224641287694, 43.645285495344268 ], [ -73.425157059969578, 43.644454657359738 ], [ -73.425494192708285, 43.64412408791587 ], [ -73.425530823276446, 43.644088170857017 ], [ -73.425901071948758, 43.643555666578472 ], [ -73.42623630790159, 43.643075919026202 ], [ -73.426517805299383, 43.642472289544067 ], [ -73.426636258974739, 43.642080846560162 ], [ -73.426699890568614, 43.641754871611361 ], [ -73.426764522305717, 43.641299630428648 ], [ -73.426764970518434, 43.641296470823576 ], [ -73.426823322676, 43.641032722949404 ], [ -73.426862101112832, 43.640857443657779 ], [ -73.427037173705557, 43.64029247184012 ], [ -73.427200071436914, 43.639907842596763 ], [ -73.427725639102832, 43.63866684891039 ], [ -73.427765940014524, 43.638571687209172 ], [ -73.428010129535352, 43.637954399102902 ], [ -73.428197696295314, 43.63748023588996 ], [ -73.428382523388009, 43.637031011520804 ], [ -73.428426248343598, 43.636924735387247 ], [ -73.42851632510127, 43.636705796688695 ], [ -73.428520846943329, 43.636567519970278 ], [ -73.428525972479747, 43.636410790816058 ], [ -73.428437533997908, 43.635927450936293 ], [ -73.428042379701523, 43.63497369047581 ], [ -73.428008672805063, 43.634892332939742 ], [ -73.427589042187762, 43.634232891935646 ], [ -73.427153523108402, 43.63366858941346 ], [ -73.427043474566588, 43.633525996927872 ], [ -73.4268219932259, 43.633276582267925 ], [ -73.426231345083863, 43.632611428021789 ], [ -73.425859415396957, 43.632192572964023 ], [ -73.424839027476352, 43.63104854976293 ], [ -73.424752857908175, 43.630951497336561 ], [ -73.424558600142944, 43.630732705716774 ], [ -73.422736145087768, 43.628679985917231 ], [ -73.422177674258876, 43.628005242031527 ], [ -73.420547516331595, 43.626035590432103 ], [ -73.419916807236234, 43.625273490134461 ], [ -73.419721855533169, 43.625037920624429 ], [ -73.41866582438162, 43.623660540021163 ], [ -73.418295885178793, 43.623085792385943 ], [ -73.418273341066168, 43.623050766617219 ], [ -73.418070765939035, 43.622709412225852 ], [ -73.417996137366643, 43.622583656729525 ], [ -73.417990990498268, 43.62256686247661 ], [ -73.417866803839658, 43.622161609509085 ], [ -73.417815967240344, 43.621554743613501 ], [ -73.41782758647507, 43.621111774760017 ], [ -73.417871230400905, 43.620965400440028 ], [ -73.417916617662854, 43.620813176962614 ], [ -73.417957040477731, 43.620677604158566 ], [ -73.418081961847932, 43.620377441999928 ], [ -73.418121138649553, 43.620283306918935 ], [ -73.418365886710475, 43.619873281852641 ], [ -73.418592847372281, 43.619493051762781 ], [ -73.418850884854621, 43.619060750943717 ], [ -73.418895930636225, 43.618985283603621 ], [ -73.418965382615099, 43.618868925717095 ], [ -73.419299173571829, 43.618419119105688 ], [ -73.419309415268899, 43.618405318146849 ], [ -73.419437720217786, 43.618232415181453 ], [ -73.419452621415644, 43.618213519386913 ], [ -73.419896524007143, 43.617650605348487 ], [ -73.419937530956744, 43.617598604542714 ], [ -73.420074702276779, 43.617446566695605 ], [ -73.420228164532674, 43.617276469547328 ], [ -73.420665750401142, 43.616791446470856 ], [ -73.421132665041767, 43.616240444337208 ], [ -73.421173519549541, 43.616188223071532 ], [ -73.42189601088991, 43.615264684610281 ], [ -73.421947141227562, 43.615173618748216 ], [ -73.422349917209786, 43.61445623869551 ], [ -73.422748386311, 43.613889960503322 ], [ -73.423055490508858, 43.613507238089049 ], [ -73.423360328594967, 43.613127334210311 ], [ -73.423582152813765, 43.612850882534218 ], [ -73.423687787499645, 43.61267769793254 ], [ -73.423709395699916, 43.612642272768333 ], [ -73.423854623308273, 43.612404173516794 ], [ -73.423887797889364, 43.612349784326732 ], [ -73.424017952893394, 43.61213639634034 ], [ -73.424107485320064, 43.611943324659627 ], [ -73.424117238882573, 43.611870076025298 ], [ -73.424134902195675, 43.611737425720001 ], [ -73.42415313118731, 43.611600526139192 ], [ -73.424140372017845, 43.61152798814522 ], [ -73.424131981767545, 43.611480286566668 ], [ -73.424128359520282, 43.611459695903896 ], [ -73.424097089327006, 43.61128191387003 ], [ -73.423921712675309, 43.610790078467765 ], [ -73.423453489875598, 43.609868853204979 ], [ -73.423110854350952, 43.609154372475025 ], [ -73.423058373498421, 43.609044934619376 ], [ -73.422949756591152, 43.608818435167144 ], [ -73.422618058484204, 43.607963380005195 ], [ -73.422477906541658, 43.607434083801756 ], [ -73.422276161895525, 43.606672167135059 ], [ -73.421886606753716, 43.604615279577843 ], [ -73.421965549578815, 43.603185387517996 ], [ -73.422126639731133, 43.602703335935338 ], [ -73.423403522166467, 43.600863067932856 ], [ -73.423811931837577, 43.600364562279481 ], [ -73.423982516239093, 43.600156343247917 ], [ -73.424539815615177, 43.599527961674887 ], [ -73.424618326981943, 43.59941906394765 ], [ -73.424968379314706, 43.598933528415891 ], [ -73.425354390122607, 43.598325388450242 ], [ -73.425814700049926, 43.597401426891665 ], [ -73.42596898950157, 43.597060496753706 ], [ -73.426184143347243, 43.596585065722763 ], [ -73.426307729122414, 43.596384233750108 ], [ -73.427309527022345, 43.594756217574307 ], [ -73.428231391909875, 43.593476715707816 ], [ -73.428341891825625, 43.593323342425705 ], [ -73.429057110384989, 43.59235662014531 ], [ -73.429486304166403, 43.591844331912078 ], [ -73.429636352949714, 43.591611922637604 ], [ -73.430699794436364, 43.58996471528426 ], [ -73.430893215722563, 43.589665106049324 ], [ -73.431261158342437, 43.588890771496146 ], [ -73.431335130092336, 43.588657855013395 ], [ -73.43136444696151, 43.588565542393496 ], [ -73.431365132041563, 43.588543555951546 ], [ -73.431382892416778, 43.587973460009231 ], [ -73.431389488066358, 43.587761740672519 ], [ -73.4313614167515, 43.587679792779014 ], [ -73.43109938027979, 43.586914841331975 ], [ -73.431072094959205, 43.586835185757465 ], [ -73.430853469564482, 43.586504285304365 ], [ -73.430814657897713, 43.586445542564832 ], [ -73.430764603942933, 43.58636978188715 ], [ -73.430424270410725, 43.585854661718827 ], [ -73.430099012289688, 43.585407346844562 ], [ -73.429649580738115, 43.584789248068248 ], [ -73.429541938395005, 43.584712960332801 ], [ -73.429383079326968, 43.584600375030291 ], [ -73.428816909169086, 43.584107836631269 ], [ -73.428682111557393, 43.58399056857693 ], [ -73.428593750204357, 43.583931983042397 ], [ -73.42843963203768, 43.583829800885745 ], [ -73.428233746953609, 43.583726855341403 ], [ -73.427925221441427, 43.58357258679812 ], [ -73.427381900079141, 43.583293562013473 ], [ -73.426661525787608, 43.583019186462387 ], [ -73.426123971093688, 43.582897449336393 ], [ -73.425105968487372, 43.582726170467225 ], [ -73.422882078494553, 43.582423955770082 ], [ -73.422115983216102, 43.58223161788581 ], [ -73.421242757929051, 43.581951034469796 ], [ -73.420748598479378, 43.581672665274638 ], [ -73.420439780589817, 43.581453976783656 ], [ -73.419893200318441, 43.580924686262506 ], [ -73.419358594355316, 43.580316953785207 ], [ -73.419056079813302, 43.579855365886282 ], [ -73.418260496786402, 43.578870991447033 ], [ -73.417913489620361, 43.578506504231065 ], [ -73.417206442893928, 43.577906513022057 ], [ -73.416468089160404, 43.577378781079076 ], [ -73.416079620910963, 43.577141193376399 ], [ -73.415578483162022, 43.576859803900525 ], [ -73.415440164327649, 43.576782137566013 ], [ -73.414945175941313, 43.576518475698407 ], [ -73.41427241903682, 43.57616011755448 ], [ -73.411830032270259, 43.575002491296189 ], [ -73.410794815432382, 43.574454072274179 ], [ -73.409776858461356, 43.573830425916306 ], [ -73.408924333768496, 43.573353991102131 ], [ -73.408143641621365, 43.572764225572776 ], [ -73.408133991158664, 43.572754572134336 ], [ -73.4073104178173, 43.571930732444322 ], [ -73.406841055671734, 43.571529646430257 ], [ -73.406371992852399, 43.571300004369391 ], [ -73.405809767287948, 43.571059320502016 ], [ -73.404341544055242, 43.570515096985197 ], [ -73.403289599383839, 43.570087888053997 ], [ -73.400749108225767, 43.568968735279476 ], [ -73.400731441367441, 43.568960952633041 ], [ -73.400639147368395, 43.568920293000076 ], [ -73.39982757398478, 43.568562751479028 ], [ -73.398244986400954, 43.567947014222732 ], [ -73.397930396156028, 43.567852758733629 ], [ -73.397786528190835, 43.567809654139786 ], [ -73.397234926576161, 43.567732066675461 ], [ -73.397226509727048, 43.567732957100098 ], [ -73.396994995606022, 43.56775744012117 ], [ -73.396694958040854, 43.567789170463897 ], [ -73.396693260537177, 43.567789582446956 ], [ -73.3962466380313, 43.567898024241252 ], [ -73.396030627684581, 43.568049410172797 ], [ -73.395826717214149, 43.568325294687 ], [ -73.395780815493012, 43.56855003073926 ], [ -73.395740625900714, 43.569062331454198 ], [ -73.395722308899067, 43.569295818440885 ], [ -73.395597318380609, 43.569498898943756 ], [ -73.395557192279171, 43.569515040833174 ], [ -73.395281957997369, 43.56962576021629 ], [ -73.395279949885222, 43.569625555544775 ], [ -73.395268433473149, 43.569624382708831 ], [ -73.394397389766908, 43.569535644083935 ], [ -73.393956359743981, 43.569528446718991 ], [ -73.393956064147829, 43.569528479481953 ], [ -73.393237238291789, 43.56960734550551 ], [ -73.393236086202535, 43.56960768766961 ], [ -73.39299338812107, 43.5696798193243 ], [ -73.392444412313282, 43.569842976799407 ], [ -73.392283113731722, 43.56991158226532 ], [ -73.391957379137878, 43.570050126884091 ], [ -73.391889390141657, 43.570106746473414 ], [ -73.391757366793499, 43.570216692581923 ], [ -73.391734392555662, 43.570235825180639 ], [ -73.391594445837725, 43.570352369396467 ], [ -73.39159052006589, 43.570362471573318 ], [ -73.391443730757089, 43.570740176851579 ], [ -73.391521192233128, 43.571108981537783 ], [ -73.391848229140436, 43.571812160812364 ], [ -73.391861702180464, 43.571841126269945 ], [ -73.392050128050641, 43.572246265163308 ], [ -73.392050709387547, 43.572697217246194 ], [ -73.391985927937768, 43.572837295971802 ], [ -73.391872146685387, 43.57308333947902 ], [ -73.391543195751424, 43.573539398813629 ], [ -73.391148388428775, 43.573976672561272 ], [ -73.391145397302608, 43.573979986249903 ], [ -73.390598016786512, 43.574461703356775 ], [ -73.390321638944613, 43.57460155130277 ], [ -73.390320278124292, 43.574602239852645 ], [ -73.390196678062523, 43.574664780472965 ], [ -73.390189660402996, 43.574666337470504 ], [ -73.389594899849172, 43.574798289219267 ], [ -73.389593535052327, 43.574798336619615 ], [ -73.388789506261475, 43.574826379962801 ], [ -73.388775037608752, 43.574826884619561 ], [ -73.388713874324722, 43.574829018038976 ], [ -73.388664779247677, 43.574825040368808 ], [ -73.388653165381228, 43.574824099595745 ], [ -73.387998470809578, 43.574771050987721 ], [ -73.387883316119797, 43.574761720333733 ], [ -73.387880802553042, 43.574761516506527 ], [ -73.387752599339109, 43.574751128290103 ], [ -73.387738236372385, 43.574751060751581 ], [ -73.38725420743512, 43.574748778287528 ], [ -73.38702808772203, 43.574747711576521 ], [ -73.38701067731597, 43.574747629754107 ], [ -73.386996947130868, 43.574747564749423 ], [ -73.386773705257681, 43.574746510235016 ], [ -73.386079825323876, 43.574813292729473 ], [ -73.386077591770928, 43.574813779821582 ], [ -73.385357576310909, 43.574970793418053 ], [ -73.384503090734455, 43.575262666367784 ], [ -73.384183371156752, 43.57556592974327 ], [ -73.384065950534136, 43.575756851719426 ], [ -73.383909214176541, 43.576011697100455 ], [ -73.383689131316771, 43.576654529056128 ], [ -73.38362955073751, 43.576828553095339 ], [ -73.383441993587326, 43.577376361587639 ], [ -73.383005026894267, 43.579095075526745 ], [ -73.382977236099208, 43.579204378892364 ], [ -73.383006964547974, 43.579572594509592 ], [ -73.383184998665001, 43.579949388247179 ], [ -73.383502087371539, 43.580404252831265 ], [ -73.383590326714611, 43.580530830894034 ], [ -73.384494176133472, 43.581381364252479 ], [ -73.384592922709942, 43.581495416923261 ], [ -73.385271310206079, 43.582278942418199 ], [ -73.385598106170761, 43.582828895140942 ], [ -73.385665907827914, 43.582999020596972 ], [ -73.385665950593705, 43.583190712473375 ], [ -73.385567504458038, 43.583392257420279 ], [ -73.385510557364626, 43.583444897094871 ], [ -73.385387252083262, 43.583558875421737 ], [ -73.384535187791471, 43.584099294914374 ], [ -73.384447039866757, 43.584166487391435 ], [ -73.383949383712135, 43.584545829259561 ], [ -73.383850975629201, 43.58464423257427 ], [ -73.383348997984186, 43.585146180046145 ], [ -73.382731970341794, 43.585791420981302 ], [ -73.382651286424675, 43.58591627021255 ], [ -73.382575509932494, 43.586033530042769 ], [ -73.382549069346723, 43.586119313173889 ], [ -73.382518724601496, 43.586217759171042 ], [ -73.382513227905946, 43.586235589402087 ], [ -73.382667370689276, 43.586658724797715 ], [ -73.382880043300801, 43.586827101098002 ], [ -73.383135064748046, 43.586958502474872 ], [ -73.383325113222327, 43.587002606399388 ], [ -73.383618108899668, 43.587070601154188 ], [ -73.383881738088874, 43.587108369549554 ], [ -73.383914121202565, 43.587113008881637 ], [ -73.383914548162238, 43.587113069842879 ], [ -73.383914870233326, 43.587113115815086 ], [ -73.384200158512968, 43.58715398635735 ], [ -73.385107645520478, 43.587441162217495 ], [ -73.385660471143069, 43.587651921462687 ], [ -73.385910091296836, 43.587790787488089 ], [ -73.386184422494239, 43.58797503528293 ], [ -73.386228995339437, 43.588025191013763 ], [ -73.386318204929253, 43.588125576256765 ], [ -73.386340007400776, 43.588150110177928 ], [ -73.386724414161009, 43.588471261203409 ], [ -73.386949973629086, 43.588737530179436 ], [ -73.386994669718391, 43.588790443464305 ], [ -73.387017465079936, 43.58881742954388 ], [ -73.387031730206246, 43.588834317029878 ], [ -73.38720059717933, 43.589034228365058 ], [ -73.387220987205296, 43.589083333850205 ], [ -73.387311026508527, 43.589300177560055 ], [ -73.387343557290109, 43.589378520064678 ], [ -73.387356021406276, 43.589408537809575 ], [ -73.387378604073206, 43.589516560214506 ], [ -73.387434035688344, 43.589781710777025 ], [ -73.38744171796489, 43.589863741849854 ], [ -73.387450930804476, 43.589962122326973 ], [ -73.387451358745565, 43.589966693380916 ], [ -73.387459066804354, 43.590049012941193 ], [ -73.387470474512682, 43.59017082931711 ], [ -73.3874720871287, 43.590188048763501 ], [ -73.387442489550338, 43.59035730482092 ], [ -73.387442164868006, 43.590359164963608 ], [ -73.387441638581478, 43.590362172970103 ], [ -73.38741437007468, 43.590518102675837 ], [ -73.387311504125805, 43.590699766066962 ], [ -73.387262360394558, 43.590786554377537 ], [ -73.386953502327572, 43.59102874726608 ], [ -73.386871553346495, 43.591093007278545 ], [ -73.386427870056778, 43.591248315359763 ], [ -73.386262164035344, 43.591295209614564 ], [ -73.385896398586581, 43.591398720066877 ], [ -73.385893174466958, 43.591399120231976 ], [ -73.385472966483732, 43.591451253625145 ], [ -73.385459590234078, 43.591452913188853 ], [ -73.38521674942011, 43.591483041272106 ], [ -73.385202161125463, 43.591482588456898 ], [ -73.384772403067444, 43.59146925150786 ], [ -73.383974112127845, 43.59134899395481 ], [ -73.38369292615225, 43.591328746836112 ], [ -73.383349310596515, 43.591304003614333 ], [ -73.383323859215366, 43.591302170564845 ], [ -73.3833177643521, 43.591302680417769 ], [ -73.38305436387347, 43.591324676932238 ], [ -73.383052568530374, 43.591325152154354 ], [ -73.382825222056539, 43.591385336222253 ], [ -73.382580110379664, 43.591524526817096 ], [ -73.382451997877666, 43.59159727570232 ], [ -73.382422441700015, 43.591623763983264 ], [ -73.382399521235556, 43.591644305404792 ], [ -73.382344730616268, 43.591693409262106 ], [ -73.382166274275747, 43.591853343868401 ], [ -73.381969823558876, 43.592063244011314 ], [ -73.381926726733411, 43.592109288884544 ], [ -73.381771215528104, 43.592544067995846 ], [ -73.381770224590454, 43.592546837093558 ], [ -73.38177027114719, 43.59255295775246 ], [ -73.381770420347522, 43.592572628141106 ], [ -73.381772497079908, 43.592847492975288 ], [ -73.381892970503714, 43.593176222849344 ], [ -73.38222006815829, 43.593707027231552 ], [ -73.382493950338727, 43.594187942883067 ], [ -73.382606222889507, 43.594507325915338 ], [ -73.382608858951784, 43.594514825708089 ], [ -73.382685846784796, 43.594733831901031 ], [ -73.382729138757199, 43.595010945565754 ], [ -73.382776802916268, 43.595316045073346 ], [ -73.382911822328282, 43.595511929745136 ], [ -73.383279183222328, 43.595892307650658 ], [ -73.383288596647418, 43.595902054340975 ], [ -73.383974860984424, 43.596539449520726 ], [ -73.384140740777397, 43.596718428306872 ], [ -73.384194308352477, 43.596839423680791 ], [ -73.384157099481357, 43.597071956302443 ], [ -73.383930745468462, 43.597253773078826 ], [ -73.383915247928655, 43.597266222529491 ], [ -73.383894435167335, 43.59728294033475 ], [ -73.383874815078627, 43.597298700771482 ], [ -73.382567943499581, 43.598286011873078 ], [ -73.38210542104656, 43.598561319330983 ], [ -73.381845061833744, 43.59862908536153 ], [ -73.381843956444158, 43.598628956261699 ], [ -73.381746949882313, 43.598617592021569 ], [ -73.381589061067913, 43.598599097060401 ], [ -73.381587271349503, 43.598598152413253 ], [ -73.381585482845495, 43.598597208683664 ], [ -73.381544829972398, 43.598575751937588 ], [ -73.381269033243029, 43.598430186849924 ], [ -73.381089975391262, 43.59830349689102 ], [ -73.380853560303507, 43.598136223607149 ], [ -73.380815496774474, 43.598109291956504 ], [ -73.380371425726665, 43.597884437807721 ], [ -73.380224879940016, 43.597856492670061 ], [ -73.380149234310522, 43.597842067718553 ], [ -73.380144337509392, 43.597842412500178 ], [ -73.380138159703819, 43.597842848074237 ], [ -73.379838345658285, 43.597863980669523 ], [ -73.379836829768067, 43.597864467905183 ], [ -73.379732516340553, 43.597897973176323 ], [ -73.379535771345871, 43.597961164938489 ], [ -73.379185765836766, 43.598091540593714 ], [ -73.377507639611139, 43.598571350167376 ], [ -73.377452463215604, 43.598603858131831 ], [ -73.377339471645797, 43.598670428417087 ], [ -73.377275019949906, 43.598759733060518 ], [ -73.377272124028437, 43.598796715335439 ], [ -73.377267080696512, 43.598861085985725 ], [ -73.377317748412281, 43.598964147078746 ], [ -73.377321058785526, 43.598970879519037 ], [ -73.378005576670134, 43.599672136995395 ], [ -73.378145862245745, 43.599839503509159 ], [ -73.378160748863365, 43.599878912594136 ], [ -73.378188655164379, 43.599952791705334 ], [ -73.378208663642795, 43.600005761394279 ], [ -73.37819296067525, 43.600091175238752 ], [ -73.378178348833387, 43.600170653845659 ], [ -73.378143620261369, 43.600218019792415 ], [ -73.378062982890242, 43.600327997870096 ], [ -73.377082983237131, 43.60083310265329 ], [ -73.376774181745915, 43.601037743392901 ], [ -73.376714698183818, 43.601104997314728 ], [ -73.376714294371141, 43.601105454382918 ], [ -73.376712472163135, 43.601107514719629 ], [ -73.376712090082947, 43.601107946885406 ], [ -73.376682302234002, 43.601141626302713 ], [ -73.376682045376768, 43.601141917083986 ], [ -73.376603466704282, 43.601230760445759 ], [ -73.376429447982517, 43.601400171450464 ], [ -73.37634850969836, 43.601478967811715 ], [ -73.376008984847928, 43.601878269538012 ], [ -73.375871540244049, 43.602039910302139 ], [ -73.375630189646529, 43.602227948648441 ], [ -73.375087443211285, 43.602556445908448 ], [ -73.374790019303418, 43.602697106883191 ], [ -73.374439842310878, 43.602907058565407 ], [ -73.373855013955804, 43.603378452811889 ], [ -73.37369437925598, 43.603547896027955 ], [ -73.373589125814149, 43.603658919812283 ], [ -73.373588646288226, 43.603659426213916 ], [ -73.373588314704762, 43.603659776251199 ], [ -73.373561912327546, 43.603687626131602 ], [ -73.373534749861363, 43.603716277345804 ], [ -73.373456244172615, 43.603816962432482 ], [ -73.373198546858333, 43.604147458478963 ], [ -73.372977104640412, 43.604517320294605 ], [ -73.372881190439784, 43.604774548371658 ], [ -73.372876080333867, 43.604788251668694 ], [ -73.372716121894044, 43.605217238393166 ], [ -73.372696647590928, 43.60536648703777 ], [ -73.372680420177716, 43.605490852665952 ], [ -73.372752164934127, 43.605921371614578 ], [ -73.373214826998108, 43.606827793707616 ], [ -73.373498834298914, 43.607203304507237 ], [ -73.374086140160856, 43.607867266382144 ], [ -73.374173789520412, 43.607934384325162 ], [ -73.374294808239199, 43.608027053749929 ], [ -73.37455077470544, 43.608185709024795 ], [ -73.376276827735708, 43.608650003709229 ], [ -73.376622860205757, 43.608778004052084 ], [ -73.376830728144668, 43.608921697065355 ], [ -73.376860299912124, 43.609016019200546 ], [ -73.376888198648956, 43.609105007039545 ], [ -73.376865404932303, 43.60926599624058 ], [ -73.376508355543905, 43.609381551764358 ], [ -73.376119061116739, 43.609474891794278 ], [ -73.375664942890594, 43.609583772040999 ], [ -73.375617914486227, 43.609599410702323 ], [ -73.375613535743966, 43.609600866534315 ], [ -73.375246559183296, 43.609722894009209 ], [ -73.375101294598977, 43.609771196931639 ], [ -73.374904578661429, 43.609967597913688 ], [ -73.374805307589185, 43.610172238929998 ], [ -73.374738959271994, 43.610671151229155 ], [ -73.37502475378659, 43.6110148869314 ], [ -73.3758355687972, 43.611481847719197 ], [ -73.375846440324921, 43.611488108684945 ], [ -73.375924631582421, 43.6115484189284 ], [ -73.376076012847292, 43.611665182035068 ], [ -73.376419595998541, 43.611930189962635 ], [ -73.376581457791957, 43.612238973485567 ], [ -73.376500306473801, 43.612564808820657 ], [ -73.376440032322037, 43.612671955794795 ], [ -73.376380763974012, 43.612777315334711 ], [ -73.375951264312476, 43.613386738667685 ], [ -73.374946216952466, 43.614515402934259 ], [ -73.374625074331718, 43.614862362646619 ], [ -73.374534903725575, 43.614959782326835 ], [ -73.37441991901342, 43.615084008478213 ], [ -73.373975204214815, 43.615463872921879 ], [ -73.373361107785485, 43.615988407906578 ], [ -73.373148503467704, 43.616169828348667 ], [ -73.372565921356781, 43.616666952085502 ], [ -73.372271492440788, 43.617005837917169 ], [ -73.372071166350452, 43.617297303483745 ], [ -73.371840983194389, 43.617669803732795 ], [ -73.371649809898599, 43.617897460184288 ], [ -73.371576902236797, 43.617984281784913 ], [ -73.371547521188305, 43.618019269320222 ], [ -73.371232557945319, 43.618379342279809 ], [ -73.370727995518536, 43.618791976884836 ], [ -73.370464810836154, 43.618975839642431 ], [ -73.370096332645829, 43.619233258796598 ], [ -73.369944679298797, 43.619419102516126 ], [ -73.3697977088312, 43.619599204387661 ], [ -73.369787305988226, 43.619723696503705 ], [ -73.369780324604932, 43.619807251532244 ], [ -73.369927422206274, 43.619965613720709 ], [ -73.370168134579643, 43.620116594046237 ], [ -73.370589368273613, 43.6203241361263 ], [ -73.370626917618736, 43.620342636994444 ], [ -73.370819827497613, 43.620437682726454 ], [ -73.37092561602725, 43.620501995778852 ], [ -73.371267910623587, 43.620710090267536 ], [ -73.371614241696378, 43.620959920422656 ], [ -73.371717155124216, 43.62103415822321 ], [ -73.371820382025746, 43.621154875071696 ], [ -73.371930223500129, 43.62128332588356 ], [ -73.372121231533427, 43.621559656211673 ], [ -73.372340453237868, 43.6219016052654 ], [ -73.372374719736456, 43.621955055267456 ], [ -73.372407352793729, 43.622164071654183 ], [ -73.372465117211377, 43.622534060649045 ], [ -73.372468548640171, 43.622556036775634 ], [ -73.372403365336766, 43.622735916357819 ], [ -73.372402073101227, 43.622739480617206 ], [ -73.372393512445939, 43.623405228703156 ], [ -73.372393160948917, 43.623432583924128 ], [ -73.372309174256685, 43.623976971630348 ], [ -73.372156235185443, 43.624342592873994 ], [ -73.372090976294842, 43.62439764075188 ], [ -73.372024115387049, 43.624454038870411 ], [ -73.371779611294357, 43.624660279683191 ], [ -73.371419626082854, 43.624870413667537 ], [ -73.371418833967184, 43.624870875986474 ], [ -73.371229834966698, 43.624981198090538 ], [ -73.371225933216323, 43.624981698027362 ], [ -73.370627543839561, 43.625058385317011 ], [ -73.370610609412608, 43.625056481764325 ], [ -73.370608801539703, 43.625056278612654 ], [ -73.370485722926077, 43.625042445981983 ], [ -73.370273345768425, 43.625018575465049 ], [ -73.370117498348847, 43.625001058058238 ], [ -73.370101107580339, 43.625000824307207 ], [ -73.369340609096412, 43.624989976146267 ], [ -73.368465482653207, 43.62497037350672 ], [ -73.368299137466678, 43.624855230001117 ], [ -73.368063342042191, 43.624692012181129 ], [ -73.367736224294958, 43.624405668382892 ], [ -73.367654737420452, 43.624334338799081 ], [ -73.367119350946481, 43.6237830087547 ], [ -73.366993737422661, 43.623683019922993 ], [ -73.366821694963548, 43.623546074482434 ], [ -73.36669272771239, 43.623483415380939 ], [ -73.366535161285213, 43.623406859508854 ], [ -73.366518769740125, 43.623406625233251 ], [ -73.366251979096845, 43.623402811806521 ], [ -73.365963116302041, 43.623398682184401 ], [ -73.365959433992359, 43.623399365157439 ], [ -73.365465545292068, 43.623490969541777 ], [ -73.365413398419847, 43.623507690448598 ], [ -73.365331260216848, 43.623534027148096 ], [ -73.36503879717003, 43.623627801874449 ], [ -73.363822755486211, 43.623846257071222 ], [ -73.363196108650968, 43.624018024414049 ], [ -73.362980275877078, 43.624077184446492 ], [ -73.362976074240279, 43.624077864386521 ], [ -73.362923986150321, 43.624086302287708 ], [ -73.362737985221429, 43.624116433739459 ], [ -73.362733783554972, 43.624117114570531 ], [ -73.36262956862798, 43.624133996775861 ], [ -73.362575125029537, 43.624142815852082 ], [ -73.361340565307742, 43.624318104393126 ], [ -73.360823372496355, 43.624364240389589 ], [ -73.36056917852828, 43.624386915512346 ], [ -73.360443089121233, 43.624398163320627 ], [ -73.360440297546674, 43.62439785495652 ], [ -73.360440018270211, 43.624397823938317 ], [ -73.360434580929891, 43.624397223707909 ], [ -73.360206883232962, 43.62437210715531 ], [ -73.360070388559805, 43.624357049769223 ], [ -73.360067426466074, 43.624357861738169 ], [ -73.360066297565751, 43.624358171481447 ], [ -73.360038121410199, 43.624365896817118 ], [ -73.360035396582504, 43.624366643759998 ], [ -73.359934736363797, 43.624394242357042 ], [ -73.359723474059209, 43.624452167048354 ], [ -73.359389785107297, 43.624573337785641 ], [ -73.359325963944926, 43.62459651250591 ], [ -73.358946028811246, 43.624819757272483 ], [ -73.358802308139602, 43.624969870565245 ], [ -73.358723269541002, 43.625052425165386 ], [ -73.358605216417089, 43.625089587079586 ], [ -73.35837593956721, 43.625161760358715 ], [ -73.357797956844294, 43.625432210059415 ], [ -73.357307111859953, 43.625601307849841 ], [ -73.356907211127009, 43.625673174860836 ], [ -73.356269947440779, 43.625787695433843 ], [ -73.356112537540014, 43.625815982600365 ], [ -73.355431299388229, 43.625941101952094 ], [ -73.355430943116076, 43.625941167056006 ], [ -73.355305040022046, 43.62596429073254 ], [ -73.355304369899315, 43.625964319805796 ], [ -73.354191986393189, 43.626012217036859 ], [ -73.354157821222472, 43.625998030978273 ], [ -73.354131745078021, 43.625987204611071 ], [ -73.353832870210695, 43.625863115599223 ], [ -73.353781232937834, 43.625816247455191 ], [ -73.353572264366136, 43.625626578848234 ], [ -73.353564366177153, 43.625619410497841 ], [ -73.353416777740691, 43.625405433766083 ], [ -73.353416555936363, 43.625405113632574 ], [ -73.353306879668835, 43.625246099937662 ], [ -73.353150626815648, 43.624843604524905 ], [ -73.352933021829372, 43.624525996949089 ], [ -73.352740535519004, 43.624313265783108 ], [ -73.352369553359168, 43.6239032594967 ], [ -73.352244528383423, 43.623730262786147 ], [ -73.351974467842481, 43.623356576062655 ], [ -73.351905041495598, 43.623260507928407 ], [ -73.351797183999736, 43.62309695037883 ], [ -73.351778726417123, 43.623068960220301 ], [ -73.351686078064063, 43.622928465748558 ], [ -73.351319685170481, 43.622372850424966 ], [ -73.351145054386876, 43.622217636332707 ], [ -73.350889875102837, 43.621990826557152 ], [ -73.350627539602854, 43.621834242568696 ], [ -73.350161097634796, 43.621555826645043 ], [ -73.349760690742656, 43.621449994200709 ], [ -73.349748146447894, 43.621450773788943 ], [ -73.349175735167236, 43.621486366136537 ], [ -73.349173551172839, 43.621486915343205 ], [ -73.348820895796294, 43.621575630089815 ], [ -73.348565059820857, 43.621639986174905 ], [ -73.348423100842595, 43.621684050213695 ], [ -73.348420578272822, 43.621684833117129 ], [ -73.348412876790917, 43.621687224013144 ], [ -73.34805905723691, 43.621797047280431 ], [ -73.34789445406669, 43.621971360028944 ], [ -73.347826032835414, 43.622043816829859 ], [ -73.347640670709282, 43.622323217302167 ], [ -73.347495861325839, 43.622541489147473 ], [ -73.347347517238148, 43.622991266202334 ], [ -73.347346200659445, 43.622995257510077 ], [ -73.347345227405683, 43.62299820842729 ], [ -73.347208022052726, 43.623414210562636 ], [ -73.346914677238331, 43.624067469217565 ], [ -73.34691021581483, 43.624074138717155 ], [ -73.346545390871384, 43.624619587662274 ], [ -73.345882210001704, 43.625196649526046 ], [ -73.344593709444851, 43.626025542855295 ], [ -73.344201694720496, 43.626233130753143 ], [ -73.34419981935531, 43.626234123726391 ], [ -73.344035262171573, 43.626321262724638 ], [ -73.344031276656594, 43.62632182264521 ], [ -73.343951873911422, 43.626332969660005 ], [ -73.343725830991531, 43.626364705757268 ], [ -73.343489328985726, 43.626361826428912 ], [ -73.343388662714659, 43.6263605960051 ], [ -73.343388543346165, 43.626360564561942 ], [ -73.342705514452774, 43.626157715269457 ], [ -73.342538383618191, 43.626114552459562 ], [ -73.342412419673749, 43.626082020444507 ], [ -73.342182319081999, 43.62586426279659 ], [ -73.342108120902537, 43.625698812812765 ], [ -73.342103901828679, 43.625680185537071 ], [ -73.342064261812695, 43.625505194760798 ], [ -73.342038332618813, 43.625269629140497 ], [ -73.342024868070339, 43.625147311002927 ], [ -73.34200165883415, 43.625120302004532 ], [ -73.341869594486994, 43.624966617839014 ], [ -73.341685046124439, 43.624756778995874 ], [ -73.341672005518618, 43.62474195210978 ], [ -73.341441435393875, 43.62458062266893 ], [ -73.341437270078245, 43.62458132395269 ], [ -73.341428524194384, 43.624582817735778 ], [ -73.341134203957068, 43.624632943276701 ], [ -73.34085715324953, 43.624680124175576 ], [ -73.340856694878141, 43.624680160740091 ], [ -73.34036352028437, 43.624719869131518 ], [ -73.34034583596906, 43.624721292457252 ], [ -73.340226622002973, 43.62473089083278 ], [ -73.339979341684369, 43.624760262711725 ], [ -73.339976644579167, 43.624760758369092 ], [ -73.339382818433606, 43.624869878444592 ], [ -73.338855278445436, 43.624966813183832 ], [ -73.338854502519482, 43.624966858630607 ], [ -73.338329752856581, 43.62499727815716 ], [ -73.338083621781848, 43.625011545063714 ], [ -73.338082780599336, 43.625012024445411 ], [ -73.338067688202798, 43.62502063331663 ], [ -73.337926474354049, 43.625101180761106 ], [ -73.337837566779598, 43.625151894364905 ], [ -73.337796389258045, 43.625195136446095 ], [ -73.337752980510814, 43.625240720392448 ], [ -73.337683624379892, 43.625313552729907 ], [ -73.337788912777839, 43.625718866434902 ], [ -73.337770427970966, 43.625990450052669 ], [ -73.337669548769398, 43.626106062479373 ], [ -73.337490205680666, 43.626189225941545 ], [ -73.337486178290561, 43.6261898192394 ], [ -73.336739415670763, 43.626299792627826 ], [ -73.33673907811, 43.626299897562951 ], [ -73.336409618303946, 43.626402447002619 ], [ -73.335894497965697, 43.626562784174084 ], [ -73.335891057393056, 43.62656322208889 ], [ -73.335781641252268, 43.626577128190561 ], [ -73.335668784488462, 43.626591472094645 ], [ -73.334623901097203, 43.626662015063715 ], [ -73.334468388013818, 43.626686205940423 ], [ -73.334463973734856, 43.626686892536398 ], [ -73.334319819821019, 43.626709319211606 ], [ -73.334319770952504, 43.626709338307975 ], [ -73.334134546642787, 43.626813303443541 ], [ -73.33412087116244, 43.626947238976335 ], [ -73.334142741194128, 43.627067361098341 ], [ -73.334157350375278, 43.627076463603139 ], [ -73.334312057453417, 43.627172861591646 ], [ -73.334506721612442, 43.627216642058826 ], [ -73.334679613907241, 43.627255525561559 ], [ -73.334768112862719, 43.627352508642879 ], [ -73.33476412238717, 43.627426140305751 ], [ -73.334756238558342, 43.627571635775141 ], [ -73.334465942015612, 43.627837567908998 ], [ -73.334423923999609, 43.627864994638465 ], [ -73.334348542216844, 43.627914197271657 ], [ -73.334343090341719, 43.627917756294387 ], [ -73.334244263790112, 43.627982259656491 ], [ -73.334146103450067, 43.628046330550887 ], [ -73.333766396160442, 43.628143216557483 ], [ -73.333765683209492, 43.628142999973569 ], [ -73.33375848109398, 43.62814081506783 ], [ -73.333411810755777, 43.6280356287023 ], [ -73.332969421134479, 43.62772739446752 ], [ -73.332726899012599, 43.62766353860524 ], [ -73.332305473806926, 43.627554569729632 ], [ -73.332219912195015, 43.627532445603798 ], [ -73.331966901481195, 43.627395143240648 ], [ -73.33179479694023, 43.627213975638213 ], [ -73.331705622758989, 43.627079659192901 ], [ -73.331678583598105, 43.626765897780864 ], [ -73.331659581036433, 43.626545397326126 ], [ -73.331537864700024, 43.626184791187342 ], [ -73.331528502869773, 43.626157053923784 ], [ -73.331254450384051, 43.625964827744959 ], [ -73.331185581853603, 43.62591652280171 ], [ -73.330722226318315, 43.625797504207412 ], [ -73.33042353524138, 43.625780174607613 ], [ -73.329832607245407, 43.62574588830708 ], [ -73.329570488140988, 43.625714769303016 ], [ -73.329125685165309, 43.625661960050792 ], [ -73.328457606658077, 43.625637431608425 ], [ -73.32845579128012, 43.625637727397113 ], [ -73.328453404486709, 43.625638112970947 ], [ -73.328140165828742, 43.625689097904676 ], [ -73.328123933313066, 43.625691739895835 ], [ -73.328111670210689, 43.625693735846696 ], [ -73.327918161115079, 43.625725231383697 ], [ -73.327730268290196, 43.625781434468806 ], [ -73.327633090254963, 43.625810501546702 ], [ -73.327630270618926, 43.625810761917897 ], [ -73.327367983933328, 43.625834965344559 ], [ -73.3273670489355, 43.625835337928336 ], [ -73.327227491068328, 43.625890946507866 ], [ -73.326548360540144, 43.62616154819866 ], [ -73.32558477722543, 43.626453017648593 ], [ -73.325258249515343, 43.626646822568858 ], [ -73.324374414029606, 43.627461869735789 ], [ -73.324209820919123, 43.627547767652565 ], [ -73.324157454291125, 43.627559905088468 ], [ -73.324000778355483, 43.627596222625122 ], [ -73.323999630252416, 43.627596188680904 ], [ -73.323985326704516, 43.627595763726866 ], [ -73.323980363973348, 43.627595617116263 ], [ -73.32395183488714, 43.627594770146366 ], [ -73.323266809620932, 43.627574450337498 ], [ -73.32311284787302, 43.627556334634043 ], [ -73.32305210632498, 43.627549186563542 ], [ -73.323049410479513, 43.627548869686557 ], [ -73.323044856470418, 43.62754833376102 ], [ -73.322981478342854, 43.62754087774897 ], [ -73.322981442511221, 43.627540873621612 ], [ -73.322981379521153, 43.627540865494176 ], [ -73.322802268404359, 43.627519789008254 ], [ -73.322789943325589, 43.62751739767328 ], [ -73.322526377657539, 43.627466262506012 ], [ -73.321673535806269, 43.627300793023402 ], [ -73.320622515080075, 43.627200707966423 ], [ -73.320617205048279, 43.627201105344732 ], [ -73.320614751898972, 43.627201288091904 ], [ -73.320211315189567, 43.627231462947712 ], [ -73.320209153818169, 43.627231984019708 ], [ -73.319996928499762, 43.627283154485127 ], [ -73.319988579967102, 43.627285168389385 ], [ -73.319983034253084, 43.627286505883177 ], [ -73.319808415566129, 43.627328609035139 ], [ -73.319661994314572, 43.627376640498355 ], [ -73.31948629017522, 43.62743428054663 ], [ -73.319233721696932, 43.627588764150133 ], [ -73.31876223570724, 43.627964592493441 ], [ -73.318433337106455, 43.628313012026553 ], [ -73.318238760243105, 43.628387422248963 ], [ -73.318236408545374, 43.628387387642945 ], [ -73.318207906910743, 43.628386968227851 ], [ -73.318154695105221, 43.628386185171827 ], [ -73.318015944954482, 43.628384143231244 ], [ -73.317810322023263, 43.628307554927503 ], [ -73.317732827287259, 43.628181260861545 ], [ -73.317720524246226, 43.627799342059049 ], [ -73.317780681796705, 43.627595954126434 ], [ -73.317781192283306, 43.627594228388425 ], [ -73.317827389698323, 43.627438036007327 ], [ -73.317828318222396, 43.627404749624937 ], [ -73.317828691549664, 43.627391366310313 ], [ -73.317830378749747, 43.627330882187962 ], [ -73.317747499082387, 43.62711057919288 ], [ -73.317484328289908, 43.62691902587391 ], [ -73.31731525619746, 43.626832733716931 ], [ -73.317209634049362, 43.626778825332188 ], [ -73.316903239257712, 43.626682327749947 ], [ -73.316650857670211, 43.626631593146023 ], [ -73.316646277327237, 43.626630673011114 ], [ -73.316551740966332, 43.626611668880464 ], [ -73.316080781968381, 43.626547491013774 ], [ -73.315963660108437, 43.626531530080968 ], [ -73.315700323474161, 43.626449035438995 ], [ -73.315233463422672, 43.626214788349309 ], [ -73.315024547462784, 43.626109963342984 ], [ -73.314698958585893, 43.625976381488314 ], [ -73.314437014812285, 43.625933383008437 ], [ -73.314434105430834, 43.625932905210448 ], [ -73.314433930224169, 43.625932876515073 ], [ -73.314433626691127, 43.625932827018836 ], [ -73.314427297100806, 43.625931788255777 ], [ -73.314058511063621, 43.625871250050963 ], [ -73.313892012493895, 43.625834568108296 ], [ -73.313745818422902, 43.625802358821183 ], [ -73.313691981667603, 43.625790497764697 ], [ -73.313495904160433, 43.625701030978725 ], [ -73.313216661294291, 43.625538658114181 ], [ -73.313044082534475, 43.625370529874182 ], [ -73.312793458870289, 43.624914175789115 ], [ -73.312747745048739, 43.624865465954123 ], [ -73.312586812632674, 43.624693986618617 ], [ -73.312415444060875, 43.624564348086693 ], [ -73.312395405831708, 43.624549189442043 ], [ -73.31220976405298, 43.624408755738855 ], [ -73.312083854349112, 43.624367250215826 ], [ -73.311426746858757, 43.624150635372942 ], [ -73.310882451423979, 43.62405056501661 ], [ -73.310867169975083, 43.624050526442709 ], [ -73.310583564621879, 43.624049810878915 ], [ -73.310515428039949, 43.624053918767856 ], [ -73.310289204121162, 43.624067556584762 ], [ -73.310288533078207, 43.624068016667614 ], [ -73.310166522692199, 43.624151818273084 ], [ -73.309928725618249, 43.624562814963014 ], [ -73.309838085917079, 43.624800574252063 ], [ -73.309754832941394, 43.624941783946241 ], [ -73.309579855310901, 43.625238569626561 ], [ -73.309573698560143, 43.625249014034424 ], [ -73.309317924947479, 43.625682833993494 ], [ -73.308992798688891, 43.626039296587585 ], [ -73.308059239548186, 43.626993313077179 ], [ -73.30771871547131, 43.627508983331715 ], [ -73.307672020202148, 43.627552522666072 ], [ -73.30742924334676, 43.627778892526173 ], [ -73.307156188004228, 43.627940474173357 ], [ -73.306953168641755, 43.628012623283318 ], [ -73.306951497901153, 43.628012396845314 ], [ -73.306897537940515, 43.628005078635887 ], [ -73.305477816965947, 43.62781253444485 ], [ -73.30499587323645, 43.627654517321893 ], [ -73.304673981450804, 43.627392133920019 ], [ -73.304147536621301, 43.626835974817624 ], [ -73.303204903077912, 43.626306772871338 ], [ -73.30294627729721, 43.626074358746905 ], [ -73.302880944484443, 43.625975917712161 ], [ -73.302714702499031, 43.625725430056818 ], [ -73.302484801119462, 43.625364700907198 ], [ -73.30232166788241, 43.625108732237216 ], [ -73.302096214856704, 43.624370516509387 ], [ -73.302092407476081, 43.624358048057957 ], [ -73.302020204163142, 43.624121621291344 ], [ -73.30201816305474, 43.624075077677404 ], [ -73.30201378830057, 43.623975343919007 ], [ -73.301992423875063, 43.623488260794986 ], [ -73.302036398878045, 43.623230425417567 ], [ -73.302060521530294, 43.623088991141422 ], [ -73.302071310668012, 43.623025731495943 ], [ -73.302097070872918, 43.622969078039787 ], [ -73.30212209650837, 43.622914037069194 ], [ -73.302191026686288, 43.622762434918613 ], [ -73.302560588221894, 43.6222013254337 ], [ -73.302675756564923, 43.621994935713403 ], [ -73.302690444409748, 43.621968614819579 ], [ -73.302896625323484, 43.621599120038198 ], [ -73.303197073059309, 43.621003722489654 ], [ -73.303275430071878, 43.620559605396522 ], [ -73.303243895786238, 43.620455690366342 ], [ -73.303197583708695, 43.620303073449335 ], [ -73.303189985415713, 43.620278036004265 ], [ -73.303128103675476, 43.620164218959914 ], [ -73.303057179071772, 43.620033770640283 ], [ -73.302845166917436, 43.619787254775893 ], [ -73.302678207823192, 43.619679378205404 ], [ -73.302441005232225, 43.619526115574992 ], [ -73.30159259259149, 43.618977923504893 ], [ -73.301507400372671, 43.618905747108677 ], [ -73.301414042456656, 43.618826654031693 ], [ -73.300969190019003, 43.618449770859421 ], [ -73.300877374361676, 43.618364637030751 ], [ -73.300773682750545, 43.618268490343304 ], [ -73.300594060246027, 43.61810193749325 ], [ -73.300503023142028, 43.617916578836123 ], [ -73.3004951867632, 43.617828294152929 ], [ -73.300493686262726, 43.61781139039627 ], [ -73.30048765042163, 43.617743393099701 ], [ -73.300590664753443, 43.61746144289981 ], [ -73.300646779013704, 43.617307852894676 ], [ -73.300763196547663, 43.617138656185887 ], [ -73.300796940217793, 43.617089613826053 ], [ -73.300942556990307, 43.616877975292887 ], [ -73.301073872767176, 43.616596837022492 ], [ -73.301111605498576, 43.616516054723292 ], [ -73.301604006908022, 43.61440232327557 ], [ -73.301630616046992, 43.614288095172107 ], [ -73.301620072164241, 43.614209878081432 ], [ -73.30161199680569, 43.614149977435666 ], [ -73.301564170756677, 43.614091983749354 ], [ -73.301539199714099, 43.614061700721685 ], [ -73.301414860606656, 43.613955703553501 ], [ -73.301274164218484, 43.613916769245805 ], [ -73.301015310489333, 43.613907848665072 ], [ -73.300971748508488, 43.613906347501832 ], [ -73.300956220904794, 43.613905812332256 ], [ -73.300899661872791, 43.613903864012066 ], [ -73.30077384176623, 43.613876198063082 ], [ -73.300744812891551, 43.613851978998035 ], [ -73.300731921552455, 43.613841223024565 ], [ -73.300716302276896, 43.613828191716038 ], [ -73.300695084305033, 43.613810488761814 ], [ -73.30068275358677, 43.613800200318451 ], [ -73.300687303442189, 43.61378354858482 ], [ -73.3006923852396, 43.613764950008608 ], [ -73.300722971515697, 43.613653001608967 ], [ -73.300723373608292, 43.613651529143276 ], [ -73.300741545483305, 43.613585016330873 ], [ -73.300893515475522, 43.613403269772768 ], [ -73.301053848362599, 43.613255489471051 ], [ -73.301423943555406, 43.612914365541101 ], [ -73.301876413246717, 43.612133551152084 ], [ -73.302374175021782, 43.611544757267673 ], [ -73.302403038659037, 43.611451862103955 ], [ -73.302404916284544, 43.611445819546219 ], [ -73.30240495438612, 43.611445698559159 ], [ -73.302406003559497, 43.611442322364056 ], [ -73.302424255344377, 43.611383579931569 ], [ -73.302446648689738, 43.611292324605316 ], [ -73.302484995215337, 43.611136061069615 ], [ -73.302485304487504, 43.611134802412245 ], [ -73.302493143846107, 43.611102860367041 ], [ -73.302504331352978, 43.611057268575259 ], [ -73.302404891737567, 43.610566851321046 ], [ -73.302401878348292, 43.610538387464501 ], [ -73.302389296649764, 43.610419520708668 ], [ -73.302337625232241, 43.609931344439879 ], [ -73.302273524128722, 43.60972161996218 ], [ -73.302142309674267, 43.609557022865964 ], [ -73.302099873362536, 43.609546586252847 ], [ -73.301970362947813, 43.609514733088055 ], [ -73.301956027208078, 43.609514993703137 ], [ -73.301928867026049, 43.609515487860676 ], [ -73.301723817426648, 43.609519216570959 ], [ -73.301723014598906, 43.609519827713243 ], [ -73.30151301929078, 43.609679756544487 ], [ -73.301414110156301, 43.609790568271954 ], [ -73.301412584968659, 43.609792277059753 ], [ -73.301402375706942, 43.609803714283565 ], [ -73.301401913784503, 43.609804232347358 ], [ -73.301379075640185, 43.609829818829418 ], [ -73.301082576710101, 43.610295146657009 ], [ -73.30104805682609, 43.610473305649016 ], [ -73.30100670419904, 43.610536721447069 ], [ -73.300954831338686, 43.610616269838445 ], [ -73.30074534418516, 43.610751431370574 ], [ -73.300741588514967, 43.610751816723365 ], [ -73.300291374098947, 43.61079795614215 ], [ -73.300285788724025, 43.610796605323102 ], [ -73.300236059550841, 43.610784574810786 ], [ -73.300220761975183, 43.610780873581064 ], [ -73.300159558091948, 43.610766067539252 ], [ -73.300008055642309, 43.610729416410116 ], [ -73.299797625822208, 43.610593794287119 ], [ -73.299470431364384, 43.610388136077255 ], [ -73.299424677326826, 43.610359376536131 ], [ -73.299345927411494, 43.610309877960468 ], [ -73.299328007861831, 43.610306310470719 ], [ -73.299086919742876, 43.610258314440983 ], [ -73.298427329212515, 43.610162122351731 ], [ -73.298313232466825, 43.610082851145947 ], [ -73.298258271560229, 43.610044666501508 ], [ -73.298223151507699, 43.61000945413295 ], [ -73.298129156785294, 43.60991521230148 ], [ -73.298061389006108, 43.609482341456228 ], [ -73.297901863059167, 43.609163818921793 ], [ -73.297770921110924, 43.609006982254535 ], [ -73.29769588391072, 43.608971333652583 ], [ -73.297610974247718, 43.608930994564183 ], [ -73.297249662114481, 43.608837466314469 ], [ -73.297249325016907, 43.608837380256816 ], [ -73.297248986731503, 43.608837292380677 ], [ -73.297245211009383, 43.608835230052122 ], [ -73.297243735606884, 43.608834424728748 ], [ -73.297062781637905, 43.608735640479331 ], [ -73.296971358499462, 43.608685731728897 ], [ -73.296955525275905, 43.608664549955499 ], [ -73.296904121163308, 43.608595779084261 ], [ -73.296857446737548, 43.608533338203138 ], [ -73.296847079849115, 43.608494448810589 ], [ -73.296765843608654, 43.608189714820391 ], [ -73.296727728571497, 43.608129064467775 ], [ -73.296614432220025, 43.60794878118282 ], [ -73.29649859381496, 43.607788295550101 ], [ -73.296364187443857, 43.607676716987754 ], [ -73.296241296921053, 43.607574698336734 ], [ -73.296091982636824, 43.607473205812305 ], [ -73.295630383650959, 43.607159441147509 ], [ -73.295583363830261, 43.60711839512777 ], [ -73.295564144562547, 43.60710161600516 ], [ -73.295481807493147, 43.607029738708377 ], [ -73.295481285495896, 43.607028916967892 ], [ -73.295480242740041, 43.607027273505395 ], [ -73.295400999356431, 43.606902468559859 ], [ -73.295373244054403, 43.606858753786121 ], [ -73.295372077881311, 43.606856917598471 ], [ -73.295335380198807, 43.606799115146124 ], [ -73.295319572962256, 43.606672651457338 ], [ -73.295311456152618, 43.606607711987053 ], [ -73.295289575206837, 43.606562257012158 ], [ -73.295189147940192, 43.606353632570773 ], [ -73.295013788651588, 43.606136278288552 ], [ -73.294911560347472, 43.606009567912054 ], [ -73.294572897576103, 43.605860675264132 ], [ -73.29423414211773, 43.605746421058271 ], [ -73.294149847124515, 43.605659283416749 ], [ -73.294059588269704, 43.605565979938504 ], [ -73.294043381509567, 43.605535808954194 ], [ -73.294020666394417, 43.605493522368747 ], [ -73.293978709999948, 43.605415414539827 ], [ -73.29394163034128, 43.605272932038986 ], [ -73.293883428152085, 43.605049286987402 ], [ -73.293863479019166, 43.604855084968591 ], [ -73.293850371521472, 43.604727479128357 ], [ -73.293754587309294, 43.604444966173006 ], [ -73.293208528991428, 43.603874272057887 ], [ -73.293017300729446, 43.603766913741218 ], [ -73.292463079701719, 43.603455764012935 ], [ -73.292340107979143, 43.603290494460502 ], [ -73.292264110087828, 43.603188356362608 ], [ -73.292233162048959, 43.603093538081126 ], [ -73.292226745134414, 43.603073876643577 ], [ -73.292211959284018, 43.603028574797968 ], [ -73.292268470167329, 43.602823327204511 ], [ -73.292521847512504, 43.602437968166939 ], [ -73.292548908490517, 43.602396810277554 ], [ -73.292588860941052, 43.602336045313571 ], [ -73.29261697439172, 43.602293287824075 ], [ -73.2926188543005, 43.602290429245798 ], [ -73.292649441920545, 43.602243908147578 ], [ -73.292729024354443, 43.602113874497235 ], [ -73.29280344401765, 43.601992276893128 ], [ -73.292794368627284, 43.601858224861267 ], [ -73.292781995554222, 43.6016754887942 ], [ -73.292692933803266, 43.601361387681699 ], [ -73.292666326851588, 43.601267550939824 ], [ -73.292661003636766, 43.601248778341009 ], [ -73.292478089636418, 43.600603675870303 ], [ -73.29243481745479, 43.600487999533449 ], [ -73.292369649728045, 43.600313790965366 ], [ -73.292365437396967, 43.60030252982785 ], [ -73.292364939665745, 43.600302167635917 ], [ -73.292042609719275, 43.600067278002662 ], [ -73.29159475316979, 43.599838081674307 ], [ -73.291353727219999, 43.599714732472961 ], [ -73.291097632619937, 43.599460628220811 ], [ -73.291022195543434, 43.59931493836352 ], [ -73.291001608623816, 43.599275178857837 ], [ -73.29099168679285, 43.599074287620788 ], [ -73.290995785970495, 43.599067303332205 ], [ -73.29099905464723, 43.59906173374965 ], [ -73.291002249166027, 43.59905628911325 ], [ -73.291082566615501, 43.598919429940054 ], [ -73.291365918337362, 43.598747036944573 ], [ -73.291660017037017, 43.598583150532598 ], [ -73.291750901366783, 43.598532504903666 ], [ -73.291777518359254, 43.598517672563446 ], [ -73.29181993602613, 43.598489422795218 ], [ -73.291824067690015, 43.598486670814623 ], [ -73.291825829220215, 43.598485496916688 ], [ -73.291999089425232, 43.598370105847962 ], [ -73.292278902839072, 43.598157147145244 ], [ -73.29235629338325, 43.598064044800068 ], [ -73.29245718290737, 43.597942671750026 ], [ -73.292483525416074, 43.597897933045587 ], [ -73.292792248060621, 43.597373612783535 ], [ -73.292855243953255, 43.597246748169482 ], [ -73.29295050189593, 43.597054910310206 ], [ -73.292959328935169, 43.596942011126416 ], [ -73.292963544216605, 43.596888102637344 ], [ -73.292928612534268, 43.596756874224567 ], [ -73.292908094503673, 43.596679789318259 ], [ -73.292754555029617, 43.596425158517469 ], [ -73.29264731308858, 43.596247305178714 ], [ -73.292629553627961, 43.596213006759967 ], [ -73.292627597719886, 43.596209229198301 ], [ -73.292612511931893, 43.596180094863918 ], [ -73.292612172423347, 43.596179439707115 ], [ -73.292554074320392, 43.596067237073271 ], [ -73.292526695452679, 43.59595092654623 ], [ -73.292526425545702, 43.595949781713891 ], [ -73.292517062274669, 43.59591000285527 ], [ -73.292510178569117, 43.595880760542016 ], [ -73.292565017078317, 43.595172826909831 ], [ -73.292569436972272, 43.595115763792705 ], [ -73.292591796330612, 43.594827123319476 ], [ -73.292598760309247, 43.594737222988641 ], [ -73.292606274578816, 43.594640216857194 ], [ -73.292692626878477, 43.594273487544186 ], [ -73.292801261223815, 43.593972950364773 ], [ -73.292940169928926, 43.593588653105336 ], [ -73.292983704791851, 43.593468210110075 ], [ -73.293038538721561, 43.593342994481326 ], [ -73.293203762230604, 43.592965694267733 ], [ -73.29340357669335, 43.592509399108735 ], [ -73.293464047656229, 43.592371305336265 ], [ -73.293538546389485, 43.592201176921257 ], [ -73.293690539359005, 43.592060014127632 ], [ -73.293894641633841, 43.591870452118513 ], [ -73.294089136368513, 43.591689813316741 ], [ -73.294203058324541, 43.591584005547503 ], [ -73.294205004747056, 43.591582197791212 ], [ -73.294206127173837, 43.591580177849075 ], [ -73.294558984743418, 43.590945190519491 ], [ -73.29493218111692, 43.590273582930443 ], [ -73.295371496156477, 43.589639617097319 ], [ -73.295396632483445, 43.58960334228987 ], [ -73.295484365573486, 43.589443525843123 ], [ -73.295510381678284, 43.58939613343879 ], [ -73.295767822621471, 43.588927169284311 ], [ -73.295797758310414, 43.588881376732793 ], [ -73.295907820674984, 43.588713015883805 ], [ -73.296127148135412, 43.58847709478281 ], [ -73.296420500832923, 43.588244215201428 ], [ -73.296535112429837, 43.588153230423949 ], [ -73.296555831991768, 43.588136781967279 ], [ -73.296602213994831, 43.588099961852997 ], [ -73.296623200847762, 43.588083302172933 ], [ -73.296625258624644, 43.588081668009266 ], [ -73.296643461674122, 43.58806721782635 ], [ -73.297025191045392, 43.5876919028413 ], [ -73.297168306100119, 43.587476855172376 ], [ -73.297163987760584, 43.587429156285161 ], [ -73.297156385910824, 43.587345206254973 ], [ -73.297101035972204, 43.587215742009128 ], [ -73.29693819904, 43.587063230505038 ], [ -73.296879264917223, 43.58703395473119 ], [ -73.296814456265395, 43.587001760540112 ], [ -73.296666971168008, 43.586928494373488 ], [ -73.296057193839744, 43.586827376524106 ], [ -73.295590173902411, 43.586691592416145 ], [ -73.295477609105802, 43.586624710642006 ], [ -73.295474206509596, 43.586622688929971 ], [ -73.295321057046479, 43.586531691486812 ], [ -73.294892527067873, 43.586172251156775 ], [ -73.294730340709592, 43.586036211742666 ], [ -73.294643748293993, 43.585963578651565 ], [ -73.294299469119906, 43.585801762343273 ], [ -73.294109141097778, 43.58575246580606 ], [ -73.294099124154741, 43.585749871721376 ], [ -73.293918812131494, 43.585703169838098 ], [ -73.29356526891408, 43.585615210286498 ], [ -73.292971927630902, 43.585467586305846 ], [ -73.292676506570089, 43.585352722956237 ], [ -73.29259585180867, 43.58529749072553 ], [ -73.292467798427765, 43.585209801445004 ], [ -73.292425143127005, 43.585135267753358 ], [ -73.292376805801069, 43.585050804219399 ], [ -73.292370187666975, 43.585039238793676 ], [ -73.292342444968114, 43.584990762943285 ], [ -73.292351046513488, 43.584825951474755 ], [ -73.292352925328927, 43.584789950190221 ], [ -73.292356312821227, 43.584725036312342 ], [ -73.292370987387258, 43.584674078839875 ], [ -73.292461548148893, 43.584359590840677 ], [ -73.292663237074407, 43.584031391294218 ], [ -73.292841363833844, 43.583816946670886 ], [ -73.292879203212749, 43.583785074176674 ], [ -73.292884075588816, 43.583780969112517 ], [ -73.292953857920736, 43.583722190841272 ], [ -73.293090332556531, 43.583607236987035 ], [ -73.293117702349122, 43.583585679664992 ], [ -73.294536802457444, 43.582467930776623 ], [ -73.294537639980945, 43.582467177036413 ], [ -73.295282910496539, 43.581796236741226 ], [ -73.295312895932611, 43.581764098617839 ], [ -73.295584021046722, 43.581473521480575 ], [ -73.295881254946508, 43.581287348610303 ], [ -73.296049448492639, 43.581182001308427 ], [ -73.296625291147123, 43.580559638863107 ], [ -73.296633311309265, 43.580550970516413 ], [ -73.297292127743518, 43.579838911884032 ], [ -73.297471213030605, 43.579591310703613 ], [ -73.297451483047055, 43.579392294654575 ], [ -73.297401593816531, 43.579311690759837 ], [ -73.29735952179675, 43.579243717915745 ], [ -73.297005468995437, 43.579054482907047 ], [ -73.296571423978264, 43.578926699769134 ], [ -73.296307603979187, 43.5788490304002 ], [ -73.296016367517367, 43.578777677648148 ], [ -73.295904414138647, 43.578750249048582 ], [ -73.295826394923807, 43.578703296979683 ], [ -73.295747742555079, 43.578655963552279 ], [ -73.295711309419275, 43.57863403765657 ], [ -73.295692644325399, 43.578509562141029 ], [ -73.295691783412849, 43.578503816474289 ], [ -73.295681446029789, 43.578434877380701 ], [ -73.295809589666121, 43.577840633293917 ], [ -73.29583115634918, 43.577436146112021 ], [ -73.295830423355483, 43.577430739101281 ], [ -73.295808551032678, 43.57726941471703 ], [ -73.295739086196022, 43.577110891327244 ], [ -73.295596826214677, 43.576964683884377 ], [ -73.295502925759024, 43.576868179088137 ], [ -73.295301778828289, 43.576821003873235 ], [ -73.295296370210721, 43.576821359896748 ], [ -73.295289800265053, 43.576821790439318 ], [ -73.295215459660895, 43.576826673767933 ], [ -73.295198246198922, 43.576827804528634 ], [ -73.295119260039627, 43.576832993967955 ], [ -73.295118558928053, 43.576833437310128 ], [ -73.29509138998985, 43.576850603297068 ], [ -73.294846098379054, 43.577005584200705 ], [ -73.294750304133984, 43.577121828853237 ], [ -73.294743032799332, 43.577130652308753 ], [ -73.294674734658386, 43.577213531421677 ], [ -73.294615412047108, 43.577285519050136 ], [ -73.294503559810323, 43.577482565952636 ], [ -73.294461983245824, 43.577610132411124 ], [ -73.29442598229555, 43.57772058986815 ], [ -73.294453575704722, 43.577927701337501 ], [ -73.294501149598304, 43.578284774073794 ], [ -73.294446458795164, 43.57843116480911 ], [ -73.294225062792833, 43.578600477771126 ], [ -73.294221153675451, 43.578600928154259 ], [ -73.293878253887442, 43.578640457150684 ], [ -73.293489138691228, 43.57868531154508 ], [ -73.29337746489432, 43.578698184620642 ], [ -73.29312718465637, 43.578704977352473 ], [ -73.292699404992817, 43.578716585224548 ], [ -73.292613359191719, 43.578718920358071 ], [ -73.292230985178705, 43.578729295016764 ], [ -73.292126674221123, 43.578728802440189 ], [ -73.292103189936597, 43.578728691023215 ], [ -73.291871586537837, 43.578727596188685 ], [ -73.2916045430553, 43.578683133862313 ], [ -73.29152692215699, 43.578625635762776 ], [ -73.291381449861333, 43.578517878780673 ], [ -73.291038392206445, 43.57806995338624 ], [ -73.291025068726711, 43.578052557483197 ], [ -73.290749406039623, 43.577776074183518 ], [ -73.290530110959537, 43.577655059417772 ], [ -73.29027427976618, 43.577641339171358 ], [ -73.29021445416744, 43.577638131106568 ], [ -73.290213152661721, 43.577638694193723 ], [ -73.290212608474633, 43.577638930060608 ], [ -73.290006644391667, 43.577728165581973 ], [ -73.28979417850833, 43.577883511448384 ], [ -73.289789583877393, 43.577886871410534 ], [ -73.289499436541902, 43.578121718211854 ], [ -73.289170221769737, 43.578320129272882 ], [ -73.289026586363136, 43.578421816550424 ], [ -73.288932219860158, 43.578488622439124 ], [ -73.288653808379578, 43.57861554378573 ], [ -73.288604013132328, 43.5786382445214 ], [ -73.288447778452635, 43.578677834707577 ], [ -73.288206276745214, 43.578739030349418 ], [ -73.288203678173204, 43.578739297565328 ], [ -73.287945973477889, 43.578765754870446 ], [ -73.287828902755336, 43.57877777453799 ], [ -73.287424493056207, 43.578819292582793 ], [ -73.286942949071417, 43.57881894797368 ], [ -73.286649995894066, 43.578818735513941 ], [ -73.286646428415139, 43.578819408655185 ], [ -73.285984976220448, 43.578944230078704 ], [ -73.285718776531326, 43.579097398375218 ], [ -73.285478919702996, 43.579235406860967 ], [ -73.285361807537654, 43.579305166727089 ], [ -73.28523178926018, 43.579382614014079 ], [ -73.285227870945789, 43.579383122477019 ], [ -73.285003116360272, 43.579412274357551 ], [ -73.284741090194615, 43.579283662562865 ], [ -73.284731638753669, 43.579276994644104 ], [ -73.28471492019969, 43.579265201551422 ], [ -73.284461600284757, 43.579086505541191 ], [ -73.284240236924518, 43.578826758657122 ], [ -73.283862401654375, 43.578377109313912 ], [ -73.283734842639589, 43.578273888465752 ], [ -73.28360587119198, 43.578169524368491 ], [ -73.283519176466015, 43.578160148550722 ], [ -73.28351707991331, 43.578159921678299 ], [ -73.283514298093493, 43.578159620586192 ], [ -73.283368693640412, 43.578143873804997 ], [ -73.283364687153636, 43.578144567262065 ], [ -73.28336327075408, 43.578144812506011 ], [ -73.283358532417765, 43.578145632731626 ], [ -73.283114339313855, 43.57818790216232 ], [ -73.28264223279227, 43.57833420099179 ], [ -73.282583453772759, 43.578352415194644 ], [ -73.282577833497854, 43.57835162663212 ], [ -73.282571630938648, 43.578350757287943 ], [ -73.282570356623594, 43.578350578769296 ], [ -73.282442137409873, 43.578332597944112 ], [ -73.282381526928518, 43.578324098556052 ], [ -73.28232160147877, 43.578305098197013 ], [ -73.282219899754921, 43.578272852675816 ], [ -73.282210973728539, 43.57827002273342 ], [ -73.281667278618812, 43.578020174393245 ], [ -73.2816604165576, 43.578017020681692 ], [ -73.281660316323084, 43.578016974154892 ], [ -73.28165628318979, 43.578015120828795 ], [ -73.281586055713205, 43.577962966549713 ], [ -73.281578572210179, 43.577957408433896 ], [ -73.281424655841789, 43.577843102806867 ], [ -73.281214656607744, 43.577687145802635 ], [ -73.281207337161533, 43.577658935240351 ], [ -73.281206486525235, 43.577655663011015 ], [ -73.281186018882138, 43.577576794669781 ], [ -73.281142088057891, 43.577407514853746 ], [ -73.281137607207384, 43.5772287492643 ], [ -73.281134744406486, 43.577114557470843 ], [ -73.281127560535694, 43.576827998897976 ], [ -73.281120769430302, 43.576557105025614 ], [ -73.281023631284782, 43.575960129508275 ], [ -73.281090041061475, 43.57561572778696 ], [ -73.281156376047363, 43.575334692146178 ], [ -73.281159550154328, 43.575321243824867 ], [ -73.281235367372716, 43.5750000255264 ], [ -73.281227817249729, 43.574571481283549 ], [ -73.281173937941858, 43.574331445325896 ], [ -73.2810694562706, 43.573822031815276 ], [ -73.280939034268457, 43.573699626784702 ], [ -73.280935808852419, 43.573696599757326 ], [ -73.280830348623681, 43.573597622918172 ], [ -73.280686915630682, 43.573481393104316 ], [ -73.280626052836823, 43.573454436242507 ], [ -73.280525992870366, 43.573410118859201 ], [ -73.28052361265452, 43.57341159751951 ], [ -73.280519406934076, 43.573414210229338 ], [ -73.2804042714953, 43.573485732592019 ], [ -73.2803999573336, 43.57348841299649 ], [ -73.280382786499032, 43.573499078278338 ], [ -73.280375613055867, 43.573503534465807 ], [ -73.280358464879001, 43.57351418657889 ], [ -73.280284787651951, 43.573559953630586 ], [ -73.28017809980885, 43.573713844280185 ], [ -73.280140760035337, 43.573767704241739 ], [ -73.279998274757531, 43.573973226879396 ], [ -73.279922475141149, 43.574054144785492 ], [ -73.279891887557909, 43.574086796571521 ], [ -73.279860506706711, 43.574120297190419 ], [ -73.279857267112916, 43.574119944099998 ], [ -73.279845435893293, 43.574118655848608 ], [ -73.279647264880865, 43.574097067355183 ], [ -73.279632196555696, 43.574095426022716 ], [ -73.279617772698828, 43.574093854715514 ], [ -73.279429902114103, 43.574073388815719 ], [ -73.279127393330214, 43.574043765639026 ], [ -73.279122001115795, 43.574044594753111 ], [ -73.278858477962245, 43.574085107247114 ], [ -73.278858446271173, 43.574085132881414 ], [ -73.278752005435493, 43.574169074920995 ], [ -73.278697769469559, 43.57421184726909 ], [ -73.278489998554605, 43.574375700308686 ], [ -73.278431516030437, 43.574497599418414 ], [ -73.278421485867796, 43.574518505031548 ], [ -73.278339286174784, 43.574689883839405 ], [ -73.278241558180241, 43.574758105141342 ], [ -73.2782060754448, 43.574782875382958 ], [ -73.278203617770444, 43.574782331435486 ], [ -73.278196963483111, 43.574780858085397 ], [ -73.278196900708565, 43.574780844534182 ], [ -73.278193373596665, 43.57478006297805 ], [ -73.278184429017514, 43.574778082416159 ], [ -73.278171298916689, 43.574775174417958 ], [ -73.278095534664018, 43.574758396715715 ], [ -73.278092275829664, 43.574757675022845 ], [ -73.278049104876871, 43.57474811518933 ], [ -73.277988067061685, 43.574682891004194 ], [ -73.277934044469717, 43.574625163845987 ], [ -73.277891891338754, 43.574580118420975 ], [ -73.277717925734834, 43.5745354314341 ], [ -73.277700611042818, 43.574534260219274 ], [ -73.277468464833007, 43.574518552393116 ], [ -73.277463011566439, 43.574519044660384 ], [ -73.277335401175264, 43.574530562499753 ], [ -73.277099798103464, 43.574551827962296 ], [ -73.277097686378568, 43.574552312057349 ], [ -73.27694266819465, 43.574587832377688 ], [ -73.276746467500445, 43.574632788110755 ], [ -73.276745524694704, 43.574632713569144 ], [ -73.276658266758304, 43.574625844268901 ], [ -73.276658057936558, 43.574625827614327 ], [ -73.276601692942265, 43.57462139054099 ], [ -73.276530174989361, 43.574615759720338 ], [ -73.276529707712101, 43.57461520883416 ], [ -73.276529468089322, 43.574614926097681 ], [ -73.276528762375875, 43.574614094293693 ], [ -73.27650688204244, 43.574588291212173 ], [ -73.2764966679336, 43.574576246541717 ], [ -73.276479862899322, 43.574556429295527 ], [ -73.276476466169768, 43.574552424429271 ], [ -73.276431375644123, 43.574499251304566 ], [ -73.276413037288862, 43.574388670680861 ], [ -73.276406560108072, 43.574349607406845 ], [ -73.276403332050862, 43.57433014075707 ], [ -73.276433641537139, 43.574253695789835 ], [ -73.276558767200456, 43.573938109698354 ], [ -73.276534628857235, 43.573782347921153 ], [ -73.276524052822396, 43.5737140985864 ], [ -73.276510153908035, 43.573678980590735 ], [ -73.276474262877514, 43.573588303281305 ], [ -73.276441530212153, 43.57350560338822 ], [ -73.276333784737233, 43.573445716519593 ], [ -73.276135540778469, 43.573335528925448 ], [ -73.276056163278128, 43.573330276285844 ], [ -73.275903665370762, 43.573320184868635 ], [ -73.275847631329924, 43.573316476336295 ], [ -73.275675573886289, 43.573214700107641 ], [ -73.27562060488431, 43.57318218400659 ], [ -73.275620167677772, 43.573181925299075 ], [ -73.275607046531846, 43.573174163998594 ], [ -73.27559868962804, 43.573169220788827 ], [ -73.275582045438441, 43.573165139380208 ], [ -73.275281531790284, 43.573091447260552 ], [ -73.275204822894182, 43.573072636495844 ], [ -73.275060315338479, 43.573036455762711 ], [ -73.274784915101677, 43.572967501972002 ], [ -73.274714138314778, 43.572949781661684 ], [ -73.274614832483593, 43.572907599028333 ], [ -73.274405918865696, 43.572818856902792 ], [ -73.274229060641701, 43.572743730711878 ], [ -73.274032198606307, 43.572726056370591 ], [ -73.273772051677071, 43.572654378974981 ], [ -73.273406727672523, 43.572553721183638 ], [ -73.273397992652747, 43.572551314823464 ], [ -73.273387875409227, 43.572552684558346 ], [ -73.273271074500869, 43.572568499387913 ], [ -73.2731809081004, 43.572580707938052 ], [ -73.27318059557598, 43.572580853582672 ], [ -73.272868003460289, 43.572726847004134 ], [ -73.272856883073246, 43.572724144341926 ], [ -73.272855151422661, 43.572723723800301 ], [ -73.272731415347295, 43.572693651664856 ], [ -73.272561324878112, 43.57265231354436 ], [ -73.272553628736148, 43.572648310209246 ], [ -73.272476785696099, 43.572608339845708 ], [ -73.27247385830934, 43.572606817146514 ], [ -73.272408428378597, 43.572572783586686 ], [ -73.272370005702498, 43.572560096066979 ], [ -73.272329106080619, 43.572546591348726 ], [ -73.272325999781316, 43.57254556566194 ], [ -73.272256283507119, 43.572522545713824 ], [ -73.272253012148923, 43.572523524516043 ], [ -73.272248086982216, 43.572524998747895 ], [ -73.272103826846603, 43.572568179054386 ], [ -73.271932919742341, 43.572701379614635 ], [ -73.271773666817722, 43.572770450648633 ], [ -73.271770513797691, 43.572770668589648 ], [ -73.271672114795138, 43.572777476934824 ], [ -73.271570563989641, 43.57278450314908 ], [ -73.271562508651584, 43.572780893191442 ], [ -73.271535842330081, 43.572768936922735 ], [ -73.271459428365333, 43.572734678184077 ], [ -73.271400655903236, 43.57270832788037 ], [ -73.271511620665336, 43.572600796853045 ], [ -73.271519554614017, 43.572593108591477 ], [ -73.27153742994777, 43.572575784251541 ], [ -73.271608430202434, 43.572518977703666 ], [ -73.271896873325943, 43.572288197728383 ], [ -73.271920802517755, 43.572093711693128 ], [ -73.271864051926158, 43.572018897681616 ], [ -73.271848790847841, 43.57199877895107 ], [ -73.271816605169093, 43.57195634727276 ], [ -73.271801236832644, 43.571957427675883 ], [ -73.271649161766263, 43.571968113651138 ], [ -73.271647475758684, 43.571968609485722 ], [ -73.271510384211751, 43.572008893724032 ], [ -73.271351079787422, 43.5721408867836 ], [ -73.271090645486268, 43.572298522990479 ], [ -73.27108856261134, 43.572297913428073 ], [ -73.271084558971282, 43.572296741775226 ], [ -73.271079330921012, 43.57229521125047 ], [ -73.270940877897829, 43.572254680635382 ], [ -73.270796818757219, 43.572212509148834 ], [ -73.2706324704953, 43.57213735146366 ], [ -73.270569382693793, 43.572063470079257 ], [ -73.270513510756544, 43.57199803823142 ], [ -73.27044145941403, 43.571913657564103 ], [ -73.270405533833454, 43.571779375162123 ], [ -73.270382965442209, 43.571695020239062 ], [ -73.27038248222037, 43.571693212131279 ], [ -73.270380977542843, 43.57168758978834 ], [ -73.270369424951738, 43.571644406570499 ], [ -73.270356496374319, 43.571596081066552 ], [ -73.270209792553615, 43.571520091299483 ], [ -73.270132312289391, 43.571511608322503 ], [ -73.269997326202727, 43.571496828184166 ], [ -73.269956433114814, 43.571492351001943 ], [ -73.269955620590139, 43.571493091435443 ], [ -73.269955324313159, 43.571493361572053 ], [ -73.269954919933355, 43.571493730916885 ], [ -73.269852756117672, 43.571586845050646 ], [ -73.269850555037436, 43.571588851132155 ], [ -73.269848702352519, 43.571590540145159 ], [ -73.269818557338809, 43.571618014150857 ], [ -73.269939938631012, 43.57207069771583 ], [ -73.269834937730735, 43.572162216593568 ], [ -73.269647065924858, 43.572194009872341 ], [ -73.269646963749864, 43.572193988516716 ], [ -73.269639092691278, 43.572192339577875 ], [ -73.269432212487104, 43.572148991977627 ], [ -73.269392435072703, 43.572140657075529 ], [ -73.269316815785146, 43.572124812160887 ], [ -73.269084777321197, 43.572110326085543 ], [ -73.268926478311386, 43.572100443639037 ], [ -73.268923980168822, 43.572100627300657 ], [ -73.268923796502349, 43.572100640726028 ], [ -73.268920778384029, 43.572100862432436 ], [ -73.268665748694644, 43.572119591401886 ], [ -73.268552437697849, 43.572127912542285 ], [ -73.268550029631768, 43.572128453217296 ], [ -73.268308550321663, 43.572182651630762 ], [ -73.268192039587205, 43.572208801325559 ], [ -73.2681909094253, 43.572208784201187 ], [ -73.268175663999443, 43.572208553199069 ], [ -73.268147201993045, 43.572208121930942 ], [ -73.268126324326346, 43.57220780557936 ], [ -73.268072201582655, 43.572206985459616 ], [ -73.268019158250922, 43.572206181671298 ], [ -73.267995531310078, 43.572205823634199 ], [ -73.267990944406662, 43.572204135210129 ], [ -73.267988639298636, 43.572203287219786 ], [ -73.267677903344364, 43.572088945530368 ], [ -73.267563537018361, 43.572016032040437 ], [ -73.267533434663605, 43.571996842085483 ], [ -73.26753215030844, 43.571970156445126 ], [ -73.267527905655768, 43.571882032328752 ], [ -73.267527303383659, 43.571869522080533 ], [ -73.267619570045909, 43.571810843393941 ], [ -73.267642283796434, 43.571796398638064 ], [ -73.267642370833542, 43.571796343232229 ], [ -73.26764365367022, 43.571795527107213 ], [ -73.267758817238914, 43.571803647390709 ], [ -73.268000389824479, 43.571820680196176 ], [ -73.268012717794846, 43.571821549512606 ], [ -73.268014529615215, 43.571821676912514 ], [ -73.268223517165453, 43.571751676449765 ], [ -73.26825664361921, 43.571674475864498 ], [ -73.268169968415677, 43.571634281598989 ], [ -73.268165365849086, 43.571632147247705 ], [ -73.268141810409659, 43.571621223258852 ], [ -73.267714615253283, 43.571480958380391 ], [ -73.267652557816106, 43.571439444986822 ], [ -73.267605202814281, 43.5714077670536 ], [ -73.267587572135966, 43.571395972929558 ], [ -73.267581525963863, 43.571391927639269 ], [ -73.267583918603719, 43.571372704401327 ], [ -73.26759472185546, 43.571285859129823 ], [ -73.267595598890452, 43.571278809704616 ], [ -73.267601175423721, 43.571233972493218 ], [ -73.267456987105575, 43.571104179846706 ], [ -73.267395710883392, 43.570972822072171 ], [ -73.267338854186775, 43.570850937714994 ], [ -73.267368153454854, 43.570774082736911 ], [ -73.26739946379189, 43.570740715029444 ], [ -73.267432033634378, 43.570706004104011 ], [ -73.267439760615758, 43.570697769146392 ], [ -73.267448496701789, 43.57068846000368 ], [ -73.267449826463604, 43.57068704312632 ], [ -73.26761562345753, 43.570730056145202 ], [ -73.267818275052335, 43.57084522799822 ], [ -73.2678494577642, 43.570857385940897 ], [ -73.268004184803118, 43.570917712749804 ], [ -73.26800981468179, 43.570919906794828 ], [ -73.268010063277998, 43.570920004203344 ], [ -73.268167832005958, 43.570889298958718 ], [ -73.26820170163478, 43.570754526505858 ], [ -73.268224957858891, 43.570661984852251 ], [ -73.26820508526464, 43.570602424069556 ], [ -73.268190209925152, 43.570557840584222 ], [ -73.268315658047882, 43.570371654537254 ], [ -73.268323680830349, 43.570359746776425 ], [ -73.268439541209375, 43.570290523757343 ], [ -73.268461242162616, 43.57027755815033 ], [ -73.26846367380594, 43.570276105731168 ], [ -73.26864205004604, 43.570354844732407 ], [ -73.268648097221813, 43.57035751417461 ], [ -73.269030999737097, 43.570614218617777 ], [ -73.269306470953296, 43.570718829598363 ], [ -73.269441462571493, 43.570744635105321 ], [ -73.269566423942251, 43.570768524715398 ], [ -73.269576398813712, 43.570770432411251 ], [ -73.269578291816686, 43.57077079421844 ], [ -73.269699406054926, 43.570716486221855 ], [ -73.269744742931906, 43.570615104376778 ], [ -73.269586824593091, 43.570472845831787 ], [ -73.269263849965483, 43.570261862627838 ], [ -73.26908472211592, 43.56997944953212 ], [ -73.268861031215948, 43.569836277614904 ], [ -73.268472884028711, 43.569611583304358 ], [ -73.268468142160742, 43.569612154350807 ], [ -73.268459688508614, 43.569613174287774 ], [ -73.268368424228171, 43.569624189199253 ], [ -73.268315069071846, 43.569630629030115 ], [ -73.268314917697836, 43.569630812218591 ], [ -73.268233605859052, 43.569729455063275 ], [ -73.268127439196064, 43.569844161597999 ], [ -73.268064217952343, 43.569912468513209 ], [ -73.267993889819451, 43.56996841508289 ], [ -73.267940494531658, 43.570010889850089 ], [ -73.267936465684457, 43.570011425759418 ], [ -73.267929442233694, 43.570012360183341 ], [ -73.267891406240523, 43.570017419354429 ], [ -73.267797689804212, 43.570029885904148 ], [ -73.267793957856284, 43.570028142899332 ], [ -73.267793645027581, 43.570027996795794 ], [ -73.267745382467993, 43.570005463106526 ], [ -73.267722131639232, 43.569994607574372 ], [ -73.267719121875075, 43.569993202357068 ], [ -73.267642874529088, 43.569957604692981 ], [ -73.267552394430638, 43.569833483828745 ], [ -73.267544858970254, 43.569707759611418 ], [ -73.267544084165095, 43.56969483166035 ], [ -73.267617925612257, 43.569667779260016 ], [ -73.267705350617177, 43.569635749999691 ], [ -73.267705507045378, 43.569635692944317 ], [ -73.267927269314001, 43.569601985355256 ], [ -73.267931442364855, 43.569601342683356 ], [ -73.267958024466466, 43.569573135373453 ], [ -73.267959416571884, 43.569571659107957 ], [ -73.267961272316924, 43.569569690147688 ], [ -73.268030574850556, 43.569496153186513 ], [ -73.268017153507358, 43.56926130971933 ], [ -73.268017100885089, 43.569260380611667 ], [ -73.267853476297518, 43.569143829581691 ], [ -73.26771529866329, 43.56913656622676 ], [ -73.267249155939922, 43.569112061395742 ], [ -73.267242984510077, 43.569112349603415 ], [ -73.267102737954417, 43.569118897759637 ], [ -73.266942877194651, 43.569126362071337 ], [ -73.266942129450769, 43.569126872964077 ], [ -73.266883892292626, 43.569166671675703 ], [ -73.266803255426595, 43.569221777799392 ], [ -73.266787336213767, 43.569625239673577 ], [ -73.266773213324797, 43.569983163230582 ], [ -73.266660354754634, 43.570091536159616 ], [ -73.266569048217065, 43.570125829673913 ], [ -73.266564834545605, 43.570127411695061 ], [ -73.266513802081377, 43.570146578816527 ], [ -73.266511865452514, 43.57014640087845 ], [ -73.266500114755601, 43.570145321359178 ], [ -73.266321991868764, 43.570128956111205 ], [ -73.266242972463132, 43.569977480197231 ], [ -73.266231638415363, 43.569955752746544 ], [ -73.266202029752463, 43.569898993625984 ], [ -73.266179892709175, 43.569851318502828 ], [ -73.266112334159573, 43.569705822115068 ], [ -73.265842269978165, 43.569562326157509 ], [ -73.26571335027333, 43.569549770547866 ], [ -73.265435647914373, 43.569522724128049 ], [ -73.265426822978426, 43.569521146860914 ], [ -73.265421087921695, 43.569520122509786 ], [ -73.265413666250765, 43.569518796139512 ], [ -73.265303754212496, 43.569499157877864 ], [ -73.26491975206028, 43.569430543452562 ], [ -73.264902942574977, 43.569419600549246 ], [ -73.264648178900742, 43.569253752065357 ], [ -73.26461361315971, 43.569231250335108 ], [ -73.26434910197554, 43.569059054842334 ], [ -73.264321639179755, 43.569041177281996 ], [ -73.264321385333844, 43.569040400885775 ], [ -73.264321132725698, 43.569039624508342 ], [ -73.264298177472455, 43.568969237561852 ], [ -73.264296420253231, 43.568963849907632 ], [ -73.26425839449287, 43.568847254370858 ], [ -73.26429291342663, 43.568821580611136 ], [ -73.264409060406706, 43.568735191829319 ], [ -73.264498226076498, 43.568599494426564 ], [ -73.264547491138629, 43.568524520812439 ], [ -73.264582030415724, 43.568471955087567 ], [ -73.264604344342644, 43.568437995934502 ], [ -73.264584784189566, 43.568375593994269 ], [ -73.264550316921259, 43.568265645288051 ], [ -73.264425242997206, 43.568170817832964 ], [ -73.264384206247328, 43.568139703604757 ], [ -73.264377168631398, 43.568134368124618 ], [ -73.264293711176009, 43.567967410419534 ], [ -73.264294223695146, 43.567807083429734 ], [ -73.264294407678676, 43.567749720065081 ], [ -73.264294418294057, 43.567746591343145 ], [ -73.264294417766607, 43.567746394147981 ], [ -73.264294418832662, 43.567746270809636 ], [ -73.264294431387569, 43.567742341663319 ], [ -73.264294983343376, 43.567569992251492 ], [ -73.264141236728207, 43.567460914239128 ], [ -73.264088443591064, 43.567334383546253 ], [ -73.264065514031969, 43.56727942614723 ], [ -73.263928894652693, 43.567237181609848 ], [ -73.263927121437206, 43.567238603416371 ], [ -73.263924561117221, 43.567240656151483 ], [ -73.263827374380782, 43.567318563500152 ], [ -73.263740053506112, 43.567388562074846 ], [ -73.263684854857615, 43.567439346060453 ], [ -73.263566881671068, 43.567547884985856 ], [ -73.263173583062965, 43.567670693939107 ], [ -73.2631719197812, 43.567670573221726 ], [ -73.263167359925959, 43.567670243715128 ], [ -73.26315964032031, 43.567669685212529 ], [ -73.26292956455022, 43.56765304651897 ], [ -73.262643508386688, 43.567449204664477 ], [ -73.262472904513302, 43.567408902585633 ], [ -73.262414500823098, 43.567395105705565 ], [ -73.262399499262386, 43.567391561475766 ], [ -73.262377067642618, 43.567386261959555 ], [ -73.262253503293792, 43.567287951622831 ], [ -73.262227370208677, 43.567267159375966 ], [ -73.262219877820755, 43.567261199175135 ], [ -73.262207510364973, 43.567251360669601 ], [ -73.262262660280726, 43.567037554185227 ], [ -73.262272585851719, 43.566999075313646 ], [ -73.262317231214368, 43.56682599706221 ], [ -73.26231454914614, 43.566823583736472 ], [ -73.262105781522251, 43.566635700983326 ], [ -73.262048748997771, 43.56658437366071 ], [ -73.261789177995425, 43.56635076723046 ], [ -73.261785846262057, 43.566281439926136 ], [ -73.261782260075393, 43.566206838720611 ], [ -73.261780958673597, 43.566179759262063 ], [ -73.26177978821805, 43.566155402798167 ], [ -73.261797828110545, 43.566103627831367 ], [ -73.26184408579455, 43.565970864380652 ], [ -73.262000447518375, 43.565522094007605 ], [ -73.261901298830168, 43.56548219420845 ], [ -73.261810357734518, 43.565445598449699 ], [ -73.261806402866512, 43.565446369372204 ], [ -73.261799744616042, 43.565447666432675 ], [ -73.261365895032483, 43.565532242879243 ], [ -73.26132075534214, 43.56556091820449 ], [ -73.261215523022187, 43.56562776652337 ], [ -73.26114538817481, 43.565683451637632 ], [ -73.261143298546671, 43.565685110794597 ], [ -73.261094277844009, 43.565724031142068 ], [ -73.261033747190183, 43.565919210634867 ], [ -73.260998331839986, 43.566033407738416 ], [ -73.260843784181461, 43.566531737893712 ], [ -73.260839838321701, 43.566531590513478 ], [ -73.260752395796587, 43.566528334870775 ], [ -73.260638828946341, 43.566524104445485 ], [ -73.260624329425269, 43.566523564147595 ], [ -73.260503215950152, 43.566519053067516 ], [ -73.260469217725202, 43.56643964635154 ], [ -73.260326964055864, 43.566107384454305 ], [ -73.260060329365402, 43.565753376978456 ], [ -73.259963710861811, 43.565682443976641 ], [ -73.259691143791756, 43.565482335917125 ], [ -73.259148537249857, 43.565242503760629 ], [ -73.259138600516295, 43.565238111536566 ], [ -73.259098173780188, 43.565220242348857 ], [ -73.259097578328394, 43.565219979366873 ], [ -73.259050027033638, 43.565198961899014 ], [ -73.258833185579249, 43.56507692234252 ], [ -73.258798711047717, 43.565042987877597 ], [ -73.258645671830337, 43.564892346340251 ], [ -73.258535950888628, 43.564775086898017 ], [ -73.258380902662481, 43.564609386743328 ], [ -73.258365610984001, 43.564587669325391 ], [ -73.258295748800833, 43.564488449621038 ], [ -73.258295088572012, 43.564487513050175 ], [ -73.25820517335778, 43.564359811541514 ], [ -73.258156623716332, 43.564198223598993 ], [ -73.258179320361833, 43.564140655864875 ], [ -73.258214026402783, 43.564052630583404 ], [ -73.258274541028712, 43.563932839953871 ], [ -73.258283350805939, 43.56391540202798 ], [ -73.25832867748062, 43.56382567652809 ], [ -73.258441693558325, 43.563688604023127 ], [ -73.258573096651304, 43.563529226855898 ], [ -73.258581530587051, 43.563517823052372 ], [ -73.25880831116784, 43.563211196128641 ], [ -73.258822518753263, 43.563161842025693 ], [ -73.258822712761926, 43.563161167881503 ], [ -73.258841085205418, 43.563097344790251 ], [ -73.25875406584467, 43.562996156818507 ], [ -73.258533396621971, 43.562900294163548 ], [ -73.258432299666723, 43.56288380263922 ], [ -73.258424334604967, 43.562882503551101 ], [ -73.258254490287129, 43.562854798815764 ], [ -73.258248502870899, 43.562855725924663 ], [ -73.258247190710236, 43.562855929227517 ], [ -73.257980161383259, 43.562897262258872 ], [ -73.257980086138033, 43.56289729532719 ], [ -73.257879310113253, 43.562941670645806 ], [ -73.257875141423412, 43.562943506046274 ], [ -73.257591617937081, 43.563068355336455 ], [ -73.257588987310299, 43.563068335942418 ], [ -73.257239978404499, 43.563065793486629 ], [ -73.257092343494719, 43.563018691632067 ], [ -73.257011352371308, 43.56299285137159 ], [ -73.256961682552259, 43.562920654485538 ], [ -73.256952224202038, 43.562906906121562 ], [ -73.256940384276021, 43.562889698121538 ], [ -73.256939677289182, 43.562887121203858 ], [ -73.256936152560314, 43.562874269185286 ], [ -73.256936021537143, 43.562873789075496 ], [ -73.256930239288849, 43.562852703599333 ], [ -73.256916276188818, 43.562801782008584 ], [ -73.256914825321815, 43.562796490749591 ], [ -73.256906047230601, 43.562764480067663 ], [ -73.25695522567095, 43.562727783387814 ], [ -73.257005092414602, 43.56269057405143 ], [ -73.257077329252368, 43.562657670276458 ], [ -73.257123353277862, 43.562636707607261 ], [ -73.257165248154834, 43.562617625016514 ], [ -73.257166107598891, 43.56261723384273 ], [ -73.257407057780014, 43.562597015625805 ], [ -73.257410755304747, 43.562596705537182 ], [ -73.257476501669899, 43.562549397920307 ], [ -73.257504398670108, 43.56252932475207 ], [ -73.257457487677129, 43.562497012774152 ], [ -73.257298841298962, 43.562387736452941 ], [ -73.256999061864335, 43.5623123326829 ], [ -73.256984575862646, 43.562312561971304 ], [ -73.256876344533296, 43.562314277080198 ], [ -73.256856379494337, 43.562314593867356 ], [ -73.256789849630621, 43.562315648307631 ], [ -73.256787433951274, 43.562316291265283 ], [ -73.256678719276096, 43.56234523767391 ], [ -73.256420454892506, 43.562414003539629 ], [ -73.256418614935583, 43.562414046602626 ], [ -73.25619383681574, 43.56241934315922 ], [ -73.256063705059816, 43.562373736961931 ], [ -73.256046067084029, 43.562367555821716 ], [ -73.256034979716915, 43.562349768548188 ], [ -73.256020024972216, 43.562325777042922 ], [ -73.255989437459391, 43.562276705003008 ], [ -73.255948981562327, 43.562211801930687 ], [ -73.255963822384899, 43.562075437015359 ], [ -73.255989199465247, 43.561842242821982 ], [ -73.255845660961114, 43.561214976824957 ], [ -73.255845049690961, 43.561212303217069 ], [ -73.255678668182057, 43.56082223248486 ], [ -73.255623939809524, 43.560693927779127 ], [ -73.255607039306838, 43.560508448799517 ], [ -73.255583167390654, 43.560246457364627 ], [ -73.255573519769868, 43.560140574476954 ], [ -73.255557714702832, 43.560038430607371 ], [ -73.255533325628576, 43.559880816300598 ], [ -73.25537231656088, 43.559671095925623 ], [ -73.254827999724512, 43.55932541744771 ], [ -73.254610872694698, 43.559187524729815 ], [ -73.254484449657369, 43.559107235963829 ], [ -73.254481973257683, 43.559105311808707 ], [ -73.254168421387888, 43.558861587571656 ], [ -73.254168391124409, 43.558861563699033 ], [ -73.254027556210829, 43.558752091152314 ], [ -73.253684959296237, 43.558485784678084 ], [ -73.253588990612911, 43.558372741794493 ], [ -73.253353063612494, 43.558094838180708 ], [ -73.253310473587931, 43.558007917381126 ], [ -73.253272584867858, 43.557930590133168 ], [ -73.253032624292828, 43.557440852106687 ], [ -73.252911781386928, 43.557284889985681 ], [ -73.252640123651062, 43.556934282496229 ], [ -73.252435271531169, 43.556669891588385 ], [ -73.252554010484332, 43.556533424580863 ], [ -73.252556315276578, 43.55653224247812 ], [ -73.252742348401313, 43.55643687095877 ], [ -73.252743534701125, 43.556436263316201 ], [ -73.252833488064439, 43.556434370848649 ], [ -73.252940206344135, 43.556432127698734 ], [ -73.253428141239169, 43.556518747990744 ], [ -73.253862808485806, 43.556567039992501 ], [ -73.253865487745117, 43.556567337537871 ], [ -73.253869866372042, 43.55656782401698 ], [ -73.254114159814208, 43.556553819794857 ], [ -73.254114266475327, 43.556553813320512 ], [ -73.254261661476619, 43.556545363437927 ], [ -73.254263608472073, 43.55654525181307 ], [ -73.254498667055046, 43.556486822274252 ], [ -73.254620537019647, 43.556354557165449 ], [ -73.254459506366942, 43.556240937410678 ], [ -73.254309664581513, 43.55613521014476 ], [ -73.254313105080072, 43.556132040162801 ], [ -73.254538333634869, 43.555924453290423 ], [ -73.254513669715607, 43.55587160225668 ], [ -73.254510990455799, 43.555865860010798 ], [ -73.254439843904024, 43.555713399209843 ], [ -73.254221461878743, 43.555622652156984 ], [ -73.254015380625319, 43.555612364109223 ], [ -73.254013660681693, 43.555612845660931 ], [ -73.254012709592118, 43.555613112056868 ], [ -73.253797427868093, 43.555673351825916 ], [ -73.253795280761949, 43.555673448680459 ], [ -73.253207030550499, 43.55570006630937 ], [ -73.253126665882391, 43.555689058835185 ], [ -73.25304630124532, 43.555678051304923 ], [ -73.252795925403888, 43.555643758286486 ], [ -73.252478228380156, 43.55562869263278 ], [ -73.252128602588215, 43.555612113179158 ], [ -73.251939445488119, 43.555617810174212 ], [ -73.251813861994279, 43.555621592558865 ], [ -73.251713852629635, 43.55558180398652 ], [ -73.251713693497919, 43.555581741225701 ], [ -73.251641852633711, 43.555553160333204 ], [ -73.251570981242637, 43.555524964289987 ], [ -73.251368311840437, 43.555487360519585 ], [ -73.251296740540369, 43.555474080420687 ], [ -73.25121878917659, 43.555459616778343 ], [ -73.251207534283878, 43.555457426779071 ], [ -73.251192509689659, 43.555454503800625 ], [ -73.25101278474942, 43.555419536574675 ], [ -73.251006417413606, 43.55541829743418 ], [ -73.250955242282572, 43.555408341061714 ], [ -73.250770218442469, 43.555152256899611 ], [ -73.250756830327944, 43.55513372707324 ], [ -73.25060676830438, 43.555024975237366 ], [ -73.250594621582636, 43.555016172499641 ], [ -73.250565832819348, 43.555005968829654 ], [ -73.250309894883841, 43.554915255337129 ], [ -73.249975536003504, 43.554743821795157 ], [ -73.249968180818811, 43.554736124212546 ], [ -73.249829164091153, 43.554590648398076 ], [ -73.249794776298799, 43.554523387817135 ], [ -73.24978475483168, 43.554503788430857 ], [ -73.249783577264992, 43.55450148608525 ], [ -73.249738889272379, 43.55441408069084 ], [ -73.249726109717486, 43.554389086188287 ], [ -73.249699599221913, 43.554337236790381 ], [ -73.24939483195746, 43.554150223976443 ], [ -73.249222608255494, 43.554044542491233 ], [ -73.249170535216763, 43.554012589209115 ], [ -73.249168686495182, 43.554009010614273 ], [ -73.249168354718137, 43.554008368949496 ], [ -73.249166174219795, 43.554004148689828 ], [ -73.249002920331193, 43.553688171871698 ], [ -73.249134174135804, 43.553498289382418 ], [ -73.24913063699772, 43.55345682761731 ], [ -73.249130505899672, 43.553455284124773 ], [ -73.249130180720158, 43.553451465050365 ], [ -73.24912297310631, 43.553366947569685 ], [ -73.24906082547939, 43.55321693616353 ], [ -73.248914657428287, 43.553099372799224 ], [ -73.248890013459487, 43.553079551107615 ], [ -73.248700421124838, 43.552927059258991 ], [ -73.248757369205492, 43.552683856849541 ], [ -73.248758773335609, 43.552677864593043 ], [ -73.248759249425134, 43.552675831581631 ], [ -73.248803434386176, 43.55266801689509 ], [ -73.248832973152531, 43.552662792445751 ], [ -73.249212988415437, 43.552595581751341 ], [ -73.249233811601613, 43.552591898437896 ], [ -73.249543453003355, 43.552466730400909 ], [ -73.249654950673474, 43.552122289094285 ], [ -73.249624379366949, 43.551991927430898 ], [ -73.249611215458444, 43.551935797493982 ], [ -73.249581515127659, 43.551898809823157 ], [ -73.249464576913738, 43.551753181814803 ], [ -73.249376505444914, 43.551739571267873 ], [ -73.249301144334041, 43.551727925524894 ], [ -73.24928940762139, 43.551726112427311 ], [ -73.249156192571576, 43.551705525440276 ], [ -73.249083874390905, 43.55166772002579 ], [ -73.24896244912722, 43.551604244587843 ], [ -73.248838958735362, 43.551453886599901 ], [ -73.248871636286424, 43.551380573359339 ], [ -73.248929004963884, 43.551251860406069 ], [ -73.248944138166536, 43.551217907662796 ], [ -73.248958318284579, 43.55120741734617 ], [ -73.249197881401074, 43.55103020043768 ], [ -73.249585188105456, 43.55095398540908 ], [ -73.249624964943095, 43.550946157816355 ], [ -73.249628134845835, 43.550945533761876 ], [ -73.249697828351188, 43.550942316932932 ], [ -73.249698327912341, 43.550942293969371 ], [ -73.249769466808232, 43.550939010091106 ], [ -73.249944809963154, 43.550930917179642 ], [ -73.250063931695905, 43.550925419880642 ], [ -73.250378289108866, 43.550882568781432 ], [ -73.25038235200573, 43.550882015100754 ], [ -73.250457533902761, 43.550817038740618 ], [ -73.250519699871944, 43.5507633125927 ], [ -73.250601045577383, 43.550637993823422 ], [ -73.250642040246774, 43.550574839619316 ], [ -73.25070806171162, 43.550365965895637 ], [ -73.250600023157773, 43.550241561692879 ], [ -73.250529953267119, 43.550222090431255 ], [ -73.250359846326489, 43.55017482135748 ], [ -73.250322174990217, 43.550158078904083 ], [ -73.250273432760622, 43.550136417349293 ], [ -73.250169192029105, 43.550090089653665 ], [ -73.250182555373939, 43.550005696234678 ], [ -73.250203776943209, 43.54987168500616 ], [ -73.25022513653407, 43.549736793491384 ], [ -73.250217987022666, 43.549631573113537 ], [ -73.250213830824109, 43.549570415526603 ], [ -73.249827735713978, 43.549146060219009 ], [ -73.24934497146117, 43.548666326822477 ], [ -73.249348992337318, 43.548653622531603 ], [ -73.249374470931031, 43.54857310909491 ], [ -73.249439782646007, 43.548493798194905 ], [ -73.249463935275728, 43.548464469299802 ], [ -73.249783000323703, 43.548375343788379 ], [ -73.249842502144475, 43.548358723210235 ], [ -73.250172403071161, 43.548163662937434 ], [ -73.250191474225517, 43.548112752727619 ], [ -73.250192800991314, 43.548109211054886 ], [ -73.250214996379626, 43.548049965040796 ], [ -73.25021137391893, 43.547869702525034 ], [ -73.250198660537379, 43.547850373484096 ], [ -73.250065926078108, 43.547648557792982 ], [ -73.249993960182707, 43.547539138669194 ], [ -73.249713479479283, 43.547384757055902 ], [ -73.249699919725444, 43.547376031620985 ], [ -73.249655747873476, 43.547347607545483 ], [ -73.249649016612068, 43.547343276182872 ], [ -73.24964403164509, 43.547340069150813 ], [ -73.249269757304958, 43.547099234235382 ], [ -73.249202169965344, 43.547009333928862 ], [ -73.249191736619693, 43.546995456509279 ], [ -73.249186545574005, 43.54698855195668 ], [ -73.249185959739023, 43.546983432308942 ], [ -73.249185132123486, 43.546976188514122 ], [ -73.249161413340346, 43.546768820379661 ], [ -73.249276709932232, 43.546681719603242 ], [ -73.249281734158089, 43.546677923936429 ], [ -73.24928195942978, 43.546677753609593 ], [ -73.249357664013388, 43.546668210093237 ], [ -73.249568339363279, 43.5466416532322 ], [ -73.249675731295184, 43.546628115284513 ], [ -73.249679390153602, 43.54662765448478 ], [ -73.249816507252447, 43.546574285871188 ], [ -73.249903557934545, 43.546540403218742 ], [ -73.249918078269985, 43.546534751333333 ], [ -73.249929470511645, 43.54651579675172 ], [ -73.249945548382982, 43.546489046210361 ], [ -73.249997359610617, 43.546402839173069 ], [ -73.249993199071781, 43.546390051909086 ], [ -73.249987417447144, 43.546372284919428 ], [ -73.249961945161033, 43.546293990440468 ], [ -73.249677314619603, 43.546086194632657 ], [ -73.249384047677921, 43.545872090887322 ], [ -73.24936177941251, 43.545847692912673 ], [ -73.249207728083363, 43.545678909524099 ], [ -73.249207718651945, 43.545659310354978 ], [ -73.249207715088815, 43.545651993643339 ], [ -73.249207680559479, 43.54558426136262 ], [ -73.249207679771814, 43.545583390662941 ], [ -73.249207679529334, 43.545582757677458 ], [ -73.24920764346092, 43.54551165787327 ], [ -73.249294864807709, 43.545387857958907 ], [ -73.249335750615074, 43.545378840002321 ], [ -73.249370637834843, 43.545371147386312 ], [ -73.249386266342839, 43.54536770051422 ], [ -73.250000023647345, 43.545232336387862 ], [ -73.250073228289509, 43.545138990719458 ], [ -73.25007583202904, 43.544906252630639 ], [ -73.250044153112896, 43.544734550074182 ], [ -73.250036886598721, 43.544695166932151 ], [ -73.249974361003126, 43.544356258513133 ], [ -73.249975068633063, 43.544354048058267 ], [ -73.249975777474177, 43.544351838522346 ], [ -73.24999561044234, 43.544289961386824 ], [ -73.250021533535872, 43.544209087187326 ], [ -73.250112615006344, 43.544117568370297 ], [ -73.250212932613294, 43.544065201650859 ], [ -73.250230283960391, 43.54405614362544 ], [ -73.250232326235022, 43.54405507820146 ], [ -73.250295770189837, 43.544066682262923 ], [ -73.250495250747491, 43.544103168553058 ], [ -73.250691794908533, 43.544139117035172 ], [ -73.250700772313763, 43.544140759901481 ], [ -73.250701447057352, 43.544140883678679 ], [ -73.250879472888514, 43.544100720244032 ], [ -73.250970943547571, 43.543994922731173 ], [ -73.250958181399227, 43.543934667986342 ], [ -73.250946344973315, 43.54387878534677 ], [ -73.250611849568955, 43.543586304147503 ], [ -73.250435689838881, 43.543432269300766 ], [ -73.250378055050035, 43.543381873116665 ], [ -73.249800808063299, 43.543055961942585 ], [ -73.249541564874761, 43.542909591753755 ], [ -73.249264756851616, 43.54286056713272 ], [ -73.249262314712198, 43.54286154988074 ], [ -73.249260185686907, 43.542862405966169 ], [ -73.249033428172353, 43.542953617752524 ], [ -73.249029392771163, 43.542954223130856 ], [ -73.248850046869777, 43.542981143778135 ], [ -73.248774183288859, 43.542992531258093 ], [ -73.248684429894411, 43.542979228459586 ], [ -73.248520917405443, 43.542954993590143 ], [ -73.248370292065616, 43.542932669445818 ], [ -73.248359168871261, 43.542933195893454 ], [ -73.247969606498046, 43.542951635945535 ], [ -73.24796936850413, 43.542951647604283 ], [ -73.247941962100441, 43.542952944568178 ], [ -73.24794186637763, 43.542952916088851 ], [ -73.247940458574831, 43.542952503734938 ], [ -73.247940078105913, 43.542952391655518 ], [ -73.247939868231995, 43.542952329912339 ], [ -73.247938955075313, 43.542952062001675 ], [ -73.247729902897589, 43.542890673383624 ], [ -73.24758494125787, 43.542802633713045 ], [ -73.247540351009178, 43.542755646923474 ], [ -73.247495235933528, 43.54270810732659 ], [ -73.247450116109633, 43.54266056313682 ], [ -73.247427376668654, 43.542636601449153 ], [ -73.247347954431632, 43.542552913176706 ], [ -73.247318272483355, 43.542486702632253 ], [ -73.247317176164273, 43.542484255638222 ], [ -73.247306121872782, 43.54245959791723 ], [ -73.247272568509459, 43.542384749872156 ], [ -73.247060676898727, 43.542163638427425 ], [ -73.247056250812534, 43.542159019018733 ], [ -73.247029246023061, 43.542130840084923 ], [ -73.246964696391927, 43.542063480612171 ], [ -73.24680805689114, 43.541858525615268 ], [ -73.246789510582829, 43.541821616415859 ], [ -73.246755083875385, 43.54175310354654 ], [ -73.246742120938123, 43.54172730539662 ], [ -73.246717736277049, 43.541678777890702 ], [ -73.246701714679531, 43.541543717736964 ], [ -73.246676077994053, 43.54132762252835 ], [ -73.246741208413724, 43.541114220714185 ], [ -73.24665253921161, 43.540659355374693 ], [ -73.246644709956229, 43.540619193520158 ], [ -73.246638733041465, 43.540588530502681 ], [ -73.246648177552061, 43.540581424448355 ], [ -73.246648383806317, 43.540581269141605 ], [ -73.246651253575507, 43.540579110781685 ], [ -73.2467032945451, 43.540539953758824 ], [ -73.246925208004967, 43.540372983606318 ], [ -73.246887399286706, 43.540339485027971 ], [ -73.246580127078246, 43.540067237208135 ], [ -73.246462199658609, 43.539807904222677 ], [ -73.246432812810937, 43.539787990297697 ], [ -73.246346343233142, 43.539729397221819 ], [ -73.246259735446841, 43.539670710118671 ], [ -73.246243909016229, 43.539670825647143 ], [ -73.245787602787956, 43.539674161822461 ], [ -73.245361902971581, 43.539351127444519 ], [ -73.245137019830537, 43.539222951364991 ], [ -73.244462346964283, 43.53883840299617 ], [ -73.244434913589103, 43.538617777602937 ], [ -73.244433920127975, 43.538609788386538 ], [ -73.244396044257201, 43.538305200394966 ], [ -73.244395504730704, 43.537853062554056 ], [ -73.24439545263796, 43.537809311229417 ], [ -73.244395267710459, 43.537654821043496 ], [ -73.2443307831185, 43.537527313301645 ], [ -73.244251732783525, 43.537385170847763 ], [ -73.244216241849202, 43.53732135262964 ], [ -73.243956760858495, 43.536854766910295 ], [ -73.243908008201629, 43.536503824551779 ], [ -73.243873011563565, 43.536152618091798 ], [ -73.243862358509162, 43.536045709951601 ], [ -73.243799363408229, 43.535858034688154 ], [ -73.243583053123118, 43.535595206033022 ], [ -73.243194301955782, 43.535353614332188 ], [ -73.243161249598103, 43.535333073263146 ], [ -73.243069336965704, 43.535275952615443 ], [ -73.242779322787058, 43.535089123338587 ], [ -73.242751105568487, 43.535070945306657 ], [ -73.242744866319086, 43.535043134105223 ], [ -73.242738287368923, 43.535013809507085 ], [ -73.242717697061693, 43.534922027393165 ], [ -73.242710272115389, 43.534922084316548 ], [ -73.242701414905397, 43.534922152534179 ], [ -73.242480314267411, 43.534923843911514 ], [ -73.24247919892295, 43.534924491258444 ], [ -73.242240502701435, 43.535063094189042 ], [ -73.242236959564863, 43.535063385455636 ], [ -73.242056870267461, 43.535078178165662 ], [ -73.241829328949379, 43.535013884997319 ], [ -73.24170881759791, 43.53487436874002 ], [ -73.241669267454171, 43.534712786427768 ], [ -73.241715072964837, 43.534658455779059 ], [ -73.241717490486238, 43.534655587369819 ], [ -73.241770849606141, 43.534592296840437 ], [ -73.241777385549, 43.534584544071258 ], [ -73.241791132904495, 43.534568238560055 ], [ -73.242168940420996, 43.534431755326509 ], [ -73.242170971616147, 43.534431022122767 ], [ -73.24217156196994, 43.534430808802448 ], [ -73.242538744847423, 43.534441623424748 ], [ -73.242552114536934, 43.534442017177433 ], [ -73.242554618575255, 43.534442090794357 ], [ -73.242784571135388, 43.534340998586309 ], [ -73.242820590771771, 43.534172555826366 ], [ -73.242751945767594, 43.534027499162775 ], [ -73.24271264246353, 43.533988104678151 ], [ -73.242682750701917, 43.533958144328935 ], [ -73.242583292467884, 43.533858458703769 ], [ -73.242579961278352, 43.533855120116471 ], [ -73.242577987847511, 43.533853141303481 ], [ -73.242541934082098, 43.533817006656768 ], [ -73.242369870059406, 43.533750797012146 ], [ -73.242359180331164, 43.53374668346838 ], [ -73.242156768414461, 43.533668795919247 ], [ -73.242060907631654, 43.533606731750147 ], [ -73.242008739056132, 43.533572955753392 ], [ -73.241911764995322, 43.533471870705682 ], [ -73.24193296820026, 43.533433346273185 ], [ -73.241986123801354, 43.533336764621545 ], [ -73.242148519345591, 43.533191191067424 ], [ -73.242168104008911, 43.53307273998459 ], [ -73.242171756952388, 43.533050647163257 ], [ -73.242098869072947, 43.533021087889409 ], [ -73.242025980054876, 43.532991527651099 ], [ -73.24200802630088, 43.532984246385688 ], [ -73.242007605520172, 43.532984076040663 ], [ -73.241996502762603, 43.532979573439128 ], [ -73.241442853780384, 43.532763794863854 ], [ -73.241331348347799, 43.532667841337322 ], [ -73.241312996164496, 43.532652048630361 ], [ -73.241311980781433, 43.532651174023215 ], [ -73.24129909076737, 43.532640082621356 ], [ -73.241302853493323, 43.532618480434522 ], [ -73.241312625097464, 43.53256237723911 ], [ -73.241322678936854, 43.532504653158412 ], [ -73.241411425793089, 43.532395862472043 ], [ -73.241455109310664, 43.532342313220681 ], [ -73.241471385440718, 43.532328448020692 ], [ -73.241475678450058, 43.532324790904369 ], [ -73.241492925375979, 43.532310097860218 ], [ -73.241636405242943, 43.532187867757258 ], [ -73.241756230373824, 43.532039207848165 ], [ -73.241769956051073, 43.532022179875568 ], [ -73.241819855594358, 43.531960272218086 ], [ -73.241868986132801, 43.531899314339462 ], [ -73.241913369625223, 43.531849545659796 ], [ -73.241949263952591, 43.53180929690722 ], [ -73.242029477640799, 43.531719348661916 ], [ -73.242033513664126, 43.531714822284734 ], [ -73.242055767317368, 43.531689868634899 ], [ -73.242055872203792, 43.531689751394893 ], [ -73.242058961562208, 43.531686287338694 ], [ -73.242067222900133, 43.531677023197425 ], [ -73.242285930222735, 43.531524753871849 ], [ -73.242404631716994, 43.531442109715321 ], [ -73.242546146549714, 43.531367242727164 ], [ -73.242652017572141, 43.531311232133476 ], [ -73.242682927702688, 43.53129487883681 ], [ -73.242957505506354, 43.531234729294674 ], [ -73.24312592898761, 43.531032749378092 ], [ -73.243131123144522, 43.531026520993265 ], [ -73.243240176268785, 43.530895738890386 ], [ -73.243274892168984, 43.530461724546441 ], [ -73.243268936611628, 43.530450830880923 ], [ -73.24318445711684, 43.53029629109664 ], [ -73.243128199296507, 43.530249306863332 ], [ -73.242992652636218, 43.53013610374132 ], [ -73.242851428667265, 43.530048001951705 ], [ -73.242765571367727, 43.529994439764508 ], [ -73.242182213648221, 43.529630510381331 ], [ -73.242172639453059, 43.529619034271711 ], [ -73.242049330431641, 43.529471230255957 ], [ -73.242092948374136, 43.529268623411674 ], [ -73.242106681527204, 43.52925041777776 ], [ -73.242326769722411, 43.528958658390181 ], [ -73.242553007858248, 43.52865874362687 ], [ -73.242642805473096, 43.528567993229558 ], [ -73.242644048505881, 43.528566737370028 ], [ -73.242757042912103, 43.528452542266393 ], [ -73.242787826921344, 43.528421431185926 ], [ -73.242833528646472, 43.528375242575279 ], [ -73.242889709951356, 43.528350684256843 ], [ -73.243006686203728, 43.528299550420435 ], [ -73.243093102134765, 43.528274340249801 ], [ -73.243164953100262, 43.528253379351874 ], [ -73.243187305897109, 43.528246858241566 ], [ -73.243202633352809, 43.52824238651489 ], [ -73.243220837583607, 43.528237075705732 ], [ -73.243225716257243, 43.52823565241826 ], [ -73.24324557790176, 43.528229858351139 ], [ -73.243255490011776, 43.528226966431092 ], [ -73.243343123835274, 43.528201401121535 ], [ -73.24355188139603, 43.528129253594599 ], [ -73.243657372474729, 43.528048838865246 ], [ -73.2436998155938, 43.528016484950399 ], [ -73.243978894865606, 43.527665054080593 ], [ -73.244047621225988, 43.527578509668125 ], [ -73.244120719475831, 43.527486460677132 ], [ -73.244731084608816, 43.527286630212998 ], [ -73.244984049865295, 43.527235938421157 ], [ -73.245268928860867, 43.527178851518158 ], [ -73.245308461833801, 43.52717092978861 ], [ -73.245429492871025, 43.527146676015889 ], [ -73.24546192479805, 43.527140176815969 ], [ -73.245576565432629, 43.527117203311803 ], [ -73.245652911238693, 43.527072291571841 ], [ -73.245816590480871, 43.526976004192278 ], [ -73.245896116654706, 43.52685760514894 ], [ -73.246055539347424, 43.526620249818549 ], [ -73.24649964556879, 43.526305168519585 ], [ -73.246548895537117, 43.52627627646055 ], [ -73.246594166198847, 43.526249720211545 ], [ -73.24660764090946, 43.526241815178217 ], [ -73.246613342236273, 43.526238470297869 ], [ -73.246820044547135, 43.526117209634286 ], [ -73.246859146623109, 43.526094272829418 ], [ -73.246989891928934, 43.525926419658013 ], [ -73.247005686006887, 43.525871462641661 ], [ -73.247039009553561, 43.525755504693905 ], [ -73.246934182109953, 43.525303255773416 ], [ -73.246933957346158, 43.525301830588788 ], [ -73.246933731293353, 43.525300407185199 ], [ -73.246900930696114, 43.525093185833136 ], [ -73.246984494025895, 43.524837257212326 ], [ -73.246987410366003, 43.524831755451956 ], [ -73.247022535621397, 43.524765459878495 ], [ -73.247064659967648, 43.524685951957984 ], [ -73.247218512802149, 43.524395559438659 ], [ -73.24749852047421, 43.524072424629907 ], [ -73.247530687696852, 43.524035302543915 ], [ -73.247948217884968, 43.523553452944512 ], [ -73.247968578873284, 43.523529955656898 ], [ -73.247969439935105, 43.5234728544308 ], [ -73.247969474604972, 43.523470545426036 ], [ -73.247969495485336, 43.523469140215489 ], [ -73.247971205844095, 43.523355600278641 ], [ -73.247957696807873, 43.523328429714319 ], [ -73.247783064918394, 43.522977193814825 ], [ -73.247684059317351, 43.522787865279689 ], [ -73.247407664798061, 43.522259307086436 ], [ -73.247265381542348, 43.52209405589867 ], [ -73.247154281008889, 43.521965021565862 ], [ -73.247148973069017, 43.521958857037646 ], [ -73.246897425571078, 43.521735057526477 ], [ -73.246904247770772, 43.521553047306071 ], [ -73.246908707703113, 43.521434053457178 ], [ -73.246968980465311, 43.521301611779748 ], [ -73.247461055970675, 43.521013705153088 ], [ -73.247525702764804, 43.520951804880902 ], [ -73.247622681624534, 43.52085894553133 ], [ -73.247630583896509, 43.520848025922206 ], [ -73.247634960988051, 43.520841978380815 ], [ -73.247641203095938, 43.520833354561624 ], [ -73.247672940925241, 43.520789501610722 ], [ -73.247708359830767, 43.520740561072152 ], [ -73.247714262989064, 43.520732403864521 ], [ -73.247739054947331, 43.520698145369764 ], [ -73.247765914188065, 43.520661032764153 ], [ -73.247759423678929, 43.520482181387187 ], [ -73.247741390297207, 43.520223312393497 ], [ -73.247726033773276, 43.52000289657768 ], [ -73.247759263823369, 43.519725694234779 ], [ -73.247906422670326, 43.519223689281752 ], [ -73.247886884931617, 43.519112871437756 ], [ -73.247886602299275, 43.519111265285645 ], [ -73.247885813709189, 43.519106791692913 ], [ -73.247868478356892, 43.51900845839819 ], [ -73.247780217544445, 43.518950423167382 ], [ -73.2477599186807, 43.518937076836622 ], [ -73.247755866609964, 43.518937843091869 ], [ -73.24762728631039, 43.518962161034423 ], [ -73.247418932029575, 43.51900156654186 ], [ -73.247418450399323, 43.519001534846254 ], [ -73.247095192833555, 43.518980511169758 ], [ -73.247031218903828, 43.518842182362228 ], [ -73.247014290940172, 43.518805583323136 ], [ -73.246983043927017, 43.518648837084825 ], [ -73.246979991905718, 43.518633528418945 ], [ -73.246991989901375, 43.518512960958901 ], [ -73.247007687245201, 43.518355225699189 ], [ -73.247114759094586, 43.518128320705401 ], [ -73.247258801980877, 43.517823063846606 ], [ -73.24722920052416, 43.517707503988092 ], [ -73.247214689480174, 43.517650852202543 ], [ -73.2472143577682, 43.517575820886677 ], [ -73.247214347813596, 43.517573643555224 ], [ -73.24721433267058, 43.517570235290854 ], [ -73.247213717780653, 43.517431913778957 ], [ -73.247407932962759, 43.517082047441356 ], [ -73.247636159680965, 43.516925914664135 ], [ -73.247716512351204, 43.516870944125031 ], [ -73.247996409653993, 43.516769465841904 ], [ -73.24817038826049, 43.516727676681512 ], [ -73.248304849659533, 43.516631251967404 ], [ -73.248348661486901, 43.516474686548413 ], [ -73.248336541646751, 43.516405065186724 ], [ -73.248292320836683, 43.516151047759116 ], [ -73.248281295997657, 43.516087714490105 ], [ -73.248158228182234, 43.515928596974888 ], [ -73.248142809949627, 43.515924441209137 ], [ -73.248019930697311, 43.515891320113127 ], [ -73.247966478252494, 43.515876913705668 ], [ -73.247841461719844, 43.515852539507698 ], [ -73.247641067664361, 43.515813467520623 ], [ -73.247532090107256, 43.515802200256651 ], [ -73.247529460183927, 43.515801928531637 ], [ -73.247269104603802, 43.515775009551049 ], [ -73.247109575791782, 43.515740938316021 ], [ -73.247102543521535, 43.515739436646903 ], [ -73.246917417704282, 43.515699897919013 ], [ -73.246854148065154, 43.515638031342178 ], [ -73.246817047252051, 43.515601755838475 ], [ -73.246849196952539, 43.515529161260112 ], [ -73.246864664103569, 43.515494237668833 ], [ -73.247059976898171, 43.515358706672018 ], [ -73.247102111407997, 43.515307662369885 ], [ -73.247107342854733, 43.515301322707259 ], [ -73.247156779385236, 43.515241433132523 ], [ -73.247208697543059, 43.515060529320927 ], [ -73.24721207281263, 43.514746607991491 ], [ -73.247298247011742, 43.506729144217459 ], [ -73.2472982559039, 43.506728324083618 ], [ -73.247298263752498, 43.506727625488622 ], [ -73.247298265200584, 43.506727447230382 ], [ -73.24732060612962, 43.50464809387622 ], [ -73.247369741388738, 43.500073584054348 ], [ -73.24750769868534, 43.496325627692428 ], [ -73.247594107568332, 43.493767680338571 ], [ -73.247661473856937, 43.491773246966765 ], [ -73.247670049292424, 43.491534722445643 ], [ -73.247849610255031, 43.486539982207539 ], [ -73.248357858563125, 43.473033602424465 ], [ -73.248552831000111, 43.467559016876962 ], [ -73.248685419406286, 43.462861543207673 ], [ -73.248790415811698, 43.459140808568847 ], [ -73.249185516966008, 43.447872553959286 ], [ -73.249187298135652, 43.447836390864602 ], [ -73.249314210089494, 43.445263366290988 ], [ -73.249314267269938, 43.445262155207772 ], [ -73.249314268178637, 43.445262123707145 ], [ -73.249505086548382, 43.440824624906639 ], [ -73.249694347166781, 43.436422421190429 ], [ -73.249849378183711, 43.43181094990171 ], [ -73.249969776527038, 43.428321105748992 ], [ -73.250251836472032, 43.420143002781295 ], [ -73.250252654867126, 43.420134575681146 ], [ -73.250287025913281, 43.419780511377198 ], [ -73.250313614852089, 43.419506621898982 ], [ -73.250314832149115, 43.419476197364901 ], [ -73.250331519545099, 43.419058961795969 ], [ -73.250333250575153, 43.419015675433016 ], [ -73.250510449260958, 43.41458464950459 ], [ -73.250510453009582, 43.414584562221258 ], [ -73.250510457069183, 43.41458446413764 ], [ -73.250510462554246, 43.414584316552748 ], [ -73.250999819336442, 43.402342794551522 ], [ -73.251000952164617, 43.402322653246955 ], [ -73.251177454750305, 43.399183761426393 ], [ -73.251241809794593, 43.398039174974478 ], [ -73.251247847605143, 43.39793179565369 ], [ -73.251383133753635, 43.395249350489905 ], [ -73.251513903404003, 43.392656173077441 ], [ -73.251514268179065, 43.392647910973743 ], [ -73.251536160076483, 43.392152675542363 ], [ -73.251840628783043, 43.385263743940151 ], [ -73.252031872983295, 43.380935548300592 ], [ -73.252031873940268, 43.3809355149995 ], [ -73.252031874897256, 43.380935481698437 ], [ -73.252145296672481, 43.378368159948351 ], [ -73.25229479126115, 43.374700796743568 ], [ -73.252295249077321, 43.37469684817291 ], [ -73.252529448448101, 43.372676419807021 ], [ -73.25252997358011, 43.372651001611722 ], [ -73.252623596244604, 43.36811762310591 ], [ -73.252625314694797, 43.368083953613215 ], [ -73.252754492883668, 43.365553696869213 ], [ -73.252754534283326, 43.365551395110685 ], [ -73.252805040014664, 43.362746728294553 ], [ -73.252813768819706, 43.36226195733272 ], [ -73.252815461799699, 43.362230064859375 ], [ -73.252972481622578, 43.359272064979457 ], [ -73.252972486982657, 43.359271964213448 ], [ -73.253240756280675, 43.354217340402855 ], [ -73.253241954107992, 43.354194772356728 ], [ -73.253244451733281, 43.3541477163078 ], [ -73.253245969289409, 43.354119122076533 ], [ -73.253245890487889, 43.35411778283607 ], [ -73.253245264196806, 43.354107183329774 ], [ -73.25318604608033, 43.353104489830713 ], [ -73.253187566689618, 43.353068520231908 ], [ -73.253191899829176, 43.352968538915029 ], [ -73.253192303774824, 43.352963878165127 ], [ -73.253344053407901, 43.351212783540021 ], [ -73.253344800715311, 43.351188409542807 ], [ -73.253571923156585, 43.343780366514942 ], [ -73.253616868583961, 43.342393973020627 ], [ -73.253795447283906, 43.336884475667944 ], [ -73.253951192747209, 43.332078231649184 ], [ -73.254080745890121, 43.328079361499718 ], [ -73.254056165186171, 43.327152054232535 ], [ -73.254366521737097, 43.320449924603338 ], [ -73.254377171073173, 43.320219914824364 ], [ -73.254391982114569, 43.319900043192803 ], [ -73.254448081515008, 43.318688315620648 ], [ -73.254641712933122, 43.314505512913215 ], [ -73.254701185901681, 43.312711598601339 ], [ -73.254710142739, 43.312441424905451 ], [ -73.254907713086894, 43.306480756726224 ], [ -73.254965734425213, 43.304729909042237 ], [ -73.254965736176374, 43.304729847839354 ], [ -73.254965737154976, 43.304729813637735 ], [ -73.254965738159314, 43.304729778536064 ], [ -73.254965741580676, 43.304729702051262 ], [ -73.254965742688029, 43.304729663349441 ], [ -73.254965744155925, 43.304729612047005 ], [ -73.255048593836406, 43.302229296672685 ], [ -73.256101117048317, 43.269711508874629 ], [ -73.256538932376458, 43.258296041995983 ], [ -73.25653963641372, 43.258287475116632 ], [ -73.256580605259487, 43.257789488794572 ], [ -73.256581767038256, 43.257775372263062 ], [ -73.256584050247625, 43.257747603213033 ], [ -73.256696298352253, 43.256383099223271 ], [ -73.256878862228248, 43.254499534868181 ], [ -73.257299605931109, 43.250158061314849 ], [ -73.25744668127993, 43.248500851613052 ], [ -73.257740803756349, 43.245186428049685 ], [ -73.258143021508005, 43.240653231499273 ], [ -73.258390398164323, 43.23699081253276 ], [ -73.258390405344102, 43.236990603738761 ], [ -73.258391083498324, 43.236970560247798 ], [ -73.258601044765456, 43.230768953850941 ], [ -73.258605194744248, 43.230646365455776 ], [ -73.258643349765109, 43.229030386739005 ], [ -73.258643350610896, 43.229030357037153 ], [ -73.258643351482334, 43.229030326435222 ], [ -73.258681235168183, 43.227425703190171 ], [ -73.259538900786779, 43.207856073236975 ], [ -73.25958456835383, 43.206369666549335 ], [ -73.259736091760558, 43.201437010233896 ], [ -73.259737303359145, 43.201418638768921 ], [ -73.259967352623448, 43.197930057638452 ], [ -73.260056444053006, 43.196578891334688 ], [ -73.260074857495766, 43.196299613766811 ], [ -73.260105055330442, 43.195841603884865 ], [ -73.262137086875669, 43.164260468538338 ], [ -73.262267453245542, 43.162631797181596 ], [ -73.262790072720406, 43.154017905474674 ], [ -73.262791824299342, 43.153981739992936 ], [ -73.263037561810876, 43.148903283743138 ], [ -73.263185055315432, 43.144988944373878 ], [ -73.263318797870227, 43.141042200340067 ], [ -73.263665275124808, 43.13195086451821 ], [ -73.263927219711519, 43.125075052902311 ], [ -73.26392800308777, 43.125064307877317 ], [ -73.263991998402588, 43.124187021031183 ], [ -73.26399572668042, 43.124135916979021 ], [ -73.26405435765632, 43.123332121689657 ], [ -73.264218888184672, 43.120040503020533 ], [ -73.264269285476374, 43.119032138450663 ], [ -73.264357953165458, 43.117257950783632 ], [ -73.264949803407262, 43.106409275229929 ], [ -73.264955407296654, 43.106306530803565 ], [ -73.265112754593787, 43.103767529046976 ], [ -73.265193281588111, 43.102467998280027 ], [ -73.265749545424811, 43.094176435265261 ], [ -73.266147900926995, 43.088361200705798 ], [ -73.266322786337483, 43.086096149039136 ], [ -73.266352160572396, 43.085715683018151 ], [ -73.266413902188702, 43.084915967183143 ], [ -73.266431583079651, 43.084686951787354 ], [ -73.266469937053301, 43.084190154351141 ], [ -73.266472410251112, 43.084154168624011 ], [ -73.26674646117533, 43.080104977602701 ], [ -73.26674646540765, 43.080104914634042 ], [ -73.267119447979226, 43.074592889939105 ], [ -73.267124551558737, 43.074517453017911 ], [ -73.267512156876094, 43.068788001728251 ], [ -73.267886976457376, 43.063696654115105 ], [ -73.268389109954569, 43.056874318555899 ], [ -73.269819002612437, 43.035944574571509 ], [ -73.270130816262608, 43.030648579670299 ], [ -73.270131970992651, 43.030622417609408 ], [ -73.270155468925836, 43.030089964297083 ], [ -73.270155487219867, 43.030089356752768 ], [ -73.270187678594283, 43.028984609730045 ], [ -73.270187679807862, 43.028984566525558 ], [ -73.270187681021454, 43.028984523321093 ], [ -73.270195851076025, 43.028704150493859 ], [ -73.270254361426609, 43.026696044831439 ], [ -73.270255982516872, 43.026664065524756 ], [ -73.270522172949768, 43.021414792699716 ], [ -73.270522175288463, 43.021414753114101 ], [ -73.270813030008128, 43.015677764815834 ], [ -73.271089875870956, 43.010215760213754 ], [ -73.271089971621649, 43.010212085007659 ], [ -73.27113876798029, 43.008336582742004 ], [ -73.27117135836528, 43.007083900621673 ], [ -73.271479967675688, 43.00009084864795 ], [ -73.271480776400097, 43.00007583275795 ], [ -73.272172084081859, 42.987230920144526 ], [ -73.272172429956598, 42.987220676085172 ], [ -73.27221433546319, 42.985979323919793 ], [ -73.272285621275245, 42.983867450838751 ], [ -73.272287811282723, 42.983802578053613 ], [ -73.272348566098174, 42.982002505611604 ], [ -73.272349735508158, 42.981983261048519 ], [ -73.27269623991954, 42.976278987064418 ], [ -73.272697090722886, 42.976264980283759 ], [ -73.27296549597304, 42.971845488872539 ], [ -73.27309216852116, 42.969759441065342 ], [ -73.273092308550844, 42.969749617095204 ], [ -73.273177217743424, 42.963765827470851 ], [ -73.273178779143763, 42.963742141261463 ], [ -73.273627031234355, 42.956944216244743 ], [ -73.27368678989734, 42.955792282097839 ], [ -73.273686793211681, 42.955792207407484 ], [ -73.273686795317971, 42.95579217592222 ], [ -73.27368679757528, 42.955792139036355 ], [ -73.273970514766447, 42.950322355198836 ], [ -73.274174050006778, 42.946397612801142 ], [ -73.274213185813963, 42.945642894685953 ], [ -73.274213447967298, 42.945635179658957 ], [ -73.274276361356229, 42.943782892962354 ], [ -73.274280484056689, 42.943661524330835 ], [ -73.274281616105341, 42.9436431606415 ], [ -73.27436903698937, 42.942225970650398 ], [ -73.274369277730074, 42.942214062622924 ], [ -73.274400659297228, 42.94066225699698 ], [ -73.274400828422998, 42.940653921024548 ], [ -73.274397692816592, 42.940607602147118 ], [ -73.274405010566014, 42.940447562424076 ], [ -73.274679140334783, 42.934452455021216 ], [ -73.274679610776047, 42.934443990310214 ], [ -73.274890007459035, 42.930655350798098 ], [ -73.274890299452267, 42.93064519857451 ], [ -73.274933409151757, 42.929143923888283 ], [ -73.274934081153873, 42.92912050866893 ], [ -73.275001579414663, 42.926769656272825 ], [ -73.275001580595443, 42.926769613967565 ], [ -73.275001581675724, 42.926769575262746 ], [ -73.275001583032378, 42.926769526656734 ], [ -73.275057804633789, 42.924811169548605 ], [ -73.27510495840508, 42.92206951536501 ], [ -73.275104987806785, 42.922067803074093 ], [ -73.27511647787081, 42.921399689353137 ], [ -73.275293529098178, 42.91654317741407 ], [ -73.275489630748865, 42.911162808581587 ], [ -73.275608806333139, 42.908031410337045 ], [ -73.275680639870828, 42.906143692683315 ], [ -73.275681686234037, 42.906125625639952 ], [ -73.275714930394528, 42.905551397359666 ], [ -73.275774418742515, 42.904523895716437 ], [ -73.275774518470556, 42.904522163768604 ], [ -73.27597693534706, 42.90102557049601 ], [ -73.275976994990529, 42.901018332321968 ], [ -73.275996059302202, 42.898708616541036 ], [ -73.275996094240071, 42.898704418061541 ], [ -73.275999210287694, 42.898326735466974 ], [ -73.276001144777524, 42.898092319948503 ], [ -73.276004706373726, 42.897660490982489 ], [ -73.276039837925765, 42.896699409785853 ], [ -73.276066253509754, 42.895976709426961 ], [ -73.276067447155398, 42.895955320841892 ], [ -73.276071826539479, 42.895876872656793 ], [ -73.276152267112423, 42.894435927107281 ], [ -73.276173795506622, 42.894050264926157 ], [ -73.276173929121853, 42.894047842805634 ], [ -73.276386747691433, 42.890235168816112 ], [ -73.276387336789199, 42.890219514465109 ], [ -73.276387337541323, 42.890219487461565 ], [ -73.276752582564171, 42.880502493928375 ], [ -73.276929428224946, 42.875092426953827 ], [ -73.277068320882009, 42.870574445259088 ], [ -73.277068386830038, 42.870572294960709 ], [ -73.277145836198969, 42.868052530727446 ], [ -73.277145837200578, 42.868052494722576 ], [ -73.277145838202188, 42.868052458717706 ], [ -73.277145842405687, 42.868052351621607 ], [ -73.277145843131862, 42.868052325518057 ], [ -73.277145843883062, 42.868052298514399 ], [ -73.277421616748995, 42.859077688442078 ], [ -73.277464253758339, 42.8579649614123 ], [ -73.277576525255, 42.855034540802642 ], [ -73.27757652608075, 42.855034511098538 ], [ -73.277576526931512, 42.855034480494318 ], [ -73.277688160283816, 42.852120397376247 ], [ -73.277702866018046, 42.851736483718376 ], [ -73.277820136104026, 42.84867474920916 ], [ -73.277861456880203, 42.847537131185149 ], [ -73.277882268859699, 42.846964136134645 ], [ -73.277883832461725, 42.846932571849962 ], [ -73.277915584297361, 42.846291533694163 ], [ -73.278038142658659, 42.843816998024721 ], [ -73.278038144857135, 42.843816962938206 ], [ -73.278038147230617, 42.843816921550804 ], [ -73.278067664133061, 42.843220897945216 ], [ -73.278248537372221, 42.839568429195005 ], [ -73.278248701710012, 42.839565111512066 ], [ -73.278347182644225, 42.837576178092036 ], [ -73.278354855247244, 42.83749283393869 ], [ -73.278354865685316, 42.837492722433268 ], [ -73.278566340471954, 42.835195420712488 ], [ -73.27856656482281, 42.835192981019809 ], [ -73.278566567120464, 42.835192942332696 ], [ -73.278566573462143, 42.835192890198847 ], [ -73.27858369729465, 42.835006863209408 ], [ -73.278636460325487, 42.834433670149913 ], [ -73.278688590514435, 42.833867321230223 ], [ -73.278722657942424, 42.833497197795886 ], [ -73.27872299420963, 42.833493546806253 ], [ -73.2787230100393, 42.833493373247023 ], [ -73.278742654331026, 42.833498421494006 ], [ -73.280764390626274, 42.834017938739109 ], [ -73.280938779737781, 42.83406274817677 ], [ -73.281024975748508, 42.834084896466038 ], [ -73.284277141088779, 42.834920490055147 ], [ -73.284289549060219, 42.834923677409556 ], [ -73.28534758135639, 42.834097145984458 ], [ -73.285380369558766, 42.833816009852185 ], [ -73.285892240753839, 42.829426613360376 ], [ -73.286326505056138, 42.825846046052177 ], [ -73.286327771071484, 42.825835602933694 ], [ -73.286926578604934, 42.820897565465899 ], [ -73.287006125012454, 42.8202415178406 ], [ -73.287004120417194, 42.820236101016071 ], [ -73.28699517888343, 42.820211938108386 ], [ -73.28699516859939, 42.820211911839827 ], [ -73.286995159538137, 42.820211885589543 ], [ -73.286237398981868, 42.818164075064331 ], [ -73.28574740251203, 42.816839814343766 ], [ -73.285747283008178, 42.816839491073367 ], [ -73.285638472410511, 42.816545411270198 ], [ -73.283903160199415, 42.814439401100245 ], [ -73.28382870619285, 42.814349038410164 ], [ -73.283827605608906, 42.814347702668151 ], [ -73.283584105515615, 42.814052173370563 ], [ -73.283585349319907, 42.814050188391832 ], [ -73.283591230748854, 42.814040794237791 ], [ -73.283597718696441, 42.814030433027781 ], [ -73.285501558039741, 42.810989756525053 ], [ -73.285630213576368, 42.810784264012973 ], [ -73.286572747273084, 42.809278777591807 ], [ -73.286567201182649, 42.809254220582694 ], [ -73.286554756734574, 42.809199111454618 ], [ -73.286306513585899, 42.808099740566661 ], [ -73.286314151710286, 42.808089762914499 ], [ -73.286364068635905, 42.808024549736288 ], [ -73.286364097822585, 42.808024511451364 ], [ -73.286364121920343, 42.808024480294307 ], [ -73.287455611281587, 42.806598490719367 ], [ -73.287489778031443, 42.806553726984831 ], [ -73.288122358425937, 42.80572492845414 ], [ -73.289504323041285, 42.803914204366706 ], [ -73.29059872734463, 42.802473818915097 ], [ -73.290963517334347, 42.801993687531549 ], [ -73.290957538704561, 42.801967652815129 ], [ -73.290952537429348, 42.801945873185581 ], [ -73.290952532036044, 42.8019458469903 ], [ -73.290952525445078, 42.801945819876636 ], [ -73.290775717840432, 42.801175863720616 ], [ -73.290775154452319, 42.801173407725514 ], [ -73.290443032923022, 42.799727036027136 ], [ -73.290424049920077, 42.799647834621638 ], [ -73.290135881634612, 42.798445466340141 ], [ -73.289608061799484, 42.796446986495219 ], [ -73.287068592905541, 42.786820887829258 ], [ -73.286850651938863, 42.786010467218496 ], [ -73.28681560545904, 42.785880143110006 ], [ -73.286767397007935, 42.785700877357442 ], [ -73.28676545989606, 42.785693672195983 ], [ -73.284994220076612, 42.779106435098868 ], [ -73.283873727880191, 42.774860106079146 ], [ -73.283872415511141, 42.774855132687634 ], [ -73.281308989955178, 42.765138416626435 ], [ -73.281012432904546, 42.764012574243267 ], [ -73.279405900909055, 42.757598110928278 ], [ -73.27882287145033, 42.755325575405173 ], [ -73.278216831546345, 42.752963178925405 ], [ -73.277604231564169, 42.750880220593821 ], [ -73.277151193954026, 42.749416769611045 ], [ -73.276358849174528, 42.746857087755146 ], [ -73.276213658073686, 42.746388023834662 ], [ -73.276097532027379, 42.746012854715396 ], [ -73.276094080332101, 42.746001705681344 ], [ -73.276093348727542, 42.746001696466998 ], [ -73.276077932765986, 42.746001493172628 ], [ -73.276077201161456, 42.746001483958196 ], [ -73.265476453924791, 42.745861604582316 ], [ -73.265475722325675, 42.745861595300177 ], [ -73.264850885728166, 42.745853308366165 ], [ -73.264851281477576, 42.745852217535131 ], [ -73.264853008719328, 42.745847457468365 ], [ -73.264863957020523, 42.745817290404503 ], [ -73.26532628164334, 42.744543346743782 ], [ -73.26561580543212, 42.74374552678637 ], [ -73.267254512674484, 42.739355099218457 ], [ -73.273055750900568, 42.723806985965098 ], [ -73.273586388864373, 42.722253605731304 ], [ -73.276764114569289, 42.71392584091307 ], [ -73.278266863420441, 42.70983842891274 ], [ -73.278595587503531, 42.709000978958699 ], [ -73.27992687041862, 42.705407384638363 ], [ -73.279937674641943, 42.705378219618908 ], [ -73.279961442909837, 42.705314056916748 ], [ -73.28065526546149, 42.703441003175612 ], [ -73.281287766377147, 42.701739101514129 ], [ -73.282556867029768, 42.698323961295984 ], [ -73.283408825353547, 42.695965221066309 ], [ -73.286589751933818, 42.68739036083015 ], [ -73.286589836284321, 42.68739013425936 ], [ -73.286589850770071, 42.687390095753507 ], [ -73.286589870557108, 42.687390042018052 ], [ -73.286589889025024, 42.687389991864961 ], [ -73.286589924616962, 42.68738989604131 ], [ -73.286589958865022, 42.687389804700153 ], [ -73.286590036694065, 42.687389593340725 ], [ -73.286590127615511, 42.687389349758242 ], [ -73.286590140806865, 42.687389313934631 ], [ -73.286590155342125, 42.687389273628462 ], [ -73.286590193547582, 42.687389171540239 ], [ -73.290080501247402, 42.677977349618672 ], [ -73.290822327335619, 42.675976572861906 ], [ -73.298443063264642, 42.655453963349437 ], [ -73.299517340961941, 42.652577847580631 ], [ -73.301665574739715, 42.646825594265977 ], [ -73.303301315732313, 42.642454844645783 ], [ -73.306555494136873, 42.633757599234407 ], [ -73.307099319020367, 42.632293391126247 ], [ -73.307950764083586, 42.630000786684441 ], [ -73.309779812007378, 42.625086881581709 ], [ -73.310442763741591, 42.623277926675577 ], [ -73.31105518205537, 42.621667218918454 ], [ -73.311055214888142, 42.621667132050639 ], [ -73.311152835700781, 42.621410374436358 ], [ -73.311691181986987, 42.619994393816334 ], [ -73.311735104728484, 42.619875008810247 ], [ -73.311738447313971, 42.61986592484427 ], [ -73.311757066033749, 42.619815316298883 ], [ -73.311758241208338, 42.619812122309497 ], [ -73.311758659646216, 42.619810986597571 ], [ -73.311784507117309, 42.619740727738538 ], [ -73.312595857783322, 42.617597012778027 ], [ -73.313203577171208, 42.615991220511589 ], [ -73.313298374813883, 42.61571460560328 ], [ -73.313480896391354, 42.615181999904273 ], [ -73.313498598067184, 42.615136303462705 ], [ -73.31355116821814, 42.615000594871304 ], [ -73.314632693861356, 42.612070739648217 ], [ -73.314632708262394, 42.612070702938084 ], [ -73.314632777903071, 42.612070516651073 ], [ -73.320067960964437, 42.597416491139704 ], [ -73.323608670247296, 42.588062392802847 ], [ -73.32524881346977, 42.583561045120312 ], [ -73.325691424105273, 42.582311574773904 ], [ -73.328676981129718, 42.574207129580003 ], [ -73.32873826738917, 42.574040029200887 ], [ -73.330454245377723, 42.569360979204085 ], [ -73.331547783479351, 42.566345155626053 ], [ -73.333482733963734, 42.561008064702349 ], [ -73.33401105943851, 42.559550635783701 ], [ -73.335278453865527, 42.556149626639964 ], [ -73.335574211241578, 42.555355912357321 ], [ -73.337905223438838, 42.549043926492267 ], [ -73.341082430167958, 42.54063972958987 ], [ -73.343717524767925, 42.53366764320365 ], [ -73.343721090699702, 42.533657944505336 ], [ -73.343724816714712, 42.533647809553521 ], [ -73.346078019602999, 42.527246778169612 ], [ -73.34666736074044, 42.525636312045719 ], [ -73.347033992444281, 42.524634387318969 ], [ -73.349118866962257, 42.518936222475716 ], [ -73.350179297048626, 42.516075639809074 ], [ -73.351289225489182, 42.513081219928992 ], [ -73.351441008511088, 42.512675746180015 ], [ -73.351944507139279, 42.511330652573896 ], [ -73.352379116256017, 42.510199496343141 ], [ -73.35244270671113, 42.510033978606955 ], [ -73.352442719753483, 42.510033945474021 ], [ -73.352442736824429, 42.510033897990169 ], [ -73.353480952858362, 42.507171701405824 ], [ -73.354506644841649, 42.504343743955879 ], [ -73.355561459754156, 42.501450654983699 ], [ -73.355695979440242, 42.501086931492175 ], [ -73.35730493576402, 42.49673616861449 ], [ -73.357905603043349, 42.495110861813259 ], [ -73.357928863637028, 42.49504791941817 ], [ -73.357939166592246, 42.495020039974655 ], [ -73.358659491163337, 42.493070831175444 ], [ -73.359682555957178, 42.490268448786225 ], [ -73.361661863670832, 42.484990027626985 ], [ -73.36285042073726, 42.48175707418207 ], [ -73.36364376516272, 42.479598919731636 ], [ -73.364686154847035, 42.476779024796059 ], [ -73.365608870638511, 42.474282645274769 ], [ -73.366937839256693, 42.470662337892982 ], [ -73.367262627553131, 42.469777495905191 ], [ -73.367566093500656, 42.46897695309454 ], [ -73.372031833991045, 42.456918287299047 ], [ -73.372541476233522, 42.455518446898857 ], [ -73.373816371282288, 42.452016384281094 ], [ -73.373938507264654, 42.451680862087137 ], [ -73.375478913843352, 42.447448840358838 ], [ -73.377485593743927, 42.442004877864719 ], [ -73.379790129292175, 42.435751585532898 ], [ -73.381335369373346, 42.431538572857605 ], [ -73.382035799649856, 42.429628686435855 ], [ -73.382036314148436, 42.429627305026393 ], [ -73.382037994595947, 42.429622798902699 ], [ -73.382144952312188, 42.42933486417818 ], [ -73.382997943322763, 42.427038471607631 ], [ -73.383064741298284, 42.426815126140504 ], [ -73.383850935667212, 42.42469838607061 ], [ -73.384132972084714, 42.423877366066598 ], [ -73.38463296205299, 42.422421816726775 ], [ -73.385170616532619, 42.42101052346888 ], [ -73.385394767316541, 42.420422126604784 ], [ -73.38673755834165, 42.416766012715961 ], [ -73.389393521082624, 42.409533070818206 ], [ -73.392213404361641, 42.401872567513237 ], [ -73.392298213240466, 42.401642143899494 ], [ -73.39233014766927, 42.401556667491711 ], [ -73.39235530401838, 42.401489328054559 ], [ -73.394310233528799, 42.396256098113078 ], [ -73.398142848678063, 42.385928051275165 ], [ -73.402172796834265, 42.375133371704649 ], [ -73.403688254172181, 42.371017345610085 ], [ -73.404878281676687, 42.367871652543066 ], [ -73.405315736029991, 42.366699302852759 ], [ -73.405439365310826, 42.366388375933596 ], [ -73.405755056037563, 42.365553784632894 ], [ -73.406176069160338, 42.364494886757853 ], [ -73.407310984337499, 42.361387713681722 ], [ -73.409570617893479, 42.355275138439005 ], [ -73.410927057499123, 42.351688079015943 ], [ -73.412201065499104, 42.348228624095512 ], [ -73.41325747307171, 42.345350420866154 ], [ -73.414112047480842, 42.343073435174659 ], [ -73.414112610342357, 42.343071906571723 ], [ -73.414384813705624, 42.342332632979684 ], [ -73.414753718076653, 42.341327824225168 ], [ -73.416479159383755, 42.336627671342761 ], [ -73.418427233092757, 42.33112684895282 ], [ -73.421537936089706, 42.322639519133197 ], [ -73.422549463575379, 42.319878673470228 ], [ -73.422886958904698, 42.318957460657543 ], [ -73.425127610647735, 42.312830488765037 ], [ -73.428528654331686, 42.303586525567376 ], [ -73.43117041255924, 42.296177181094805 ], [ -73.431173198148826, 42.29616939670651 ], [ -73.431174871917463, 42.296164716740414 ], [ -73.431747522541173, 42.294677412315401 ], [ -73.436893403554564, 42.280762128633576 ], [ -73.437259906481984, 42.27986213127096 ], [ -73.440662967628668, 42.270742164608983 ], [ -73.442981223890698, 42.264454427899757 ], [ -73.442969764560715, 42.26445370311901 ], [ -73.442965476705496, 42.264453431453468 ], [ -73.442977851712968, 42.26441793691982 ], [ -73.443265018316637, 42.263594249676039 ], [ -73.443749207980943, 42.262159173568122 ], [ -73.447166877756061, 42.252821840760703 ], [ -73.447393773638112, 42.252231145637808 ], [ -73.447606153076677, 42.251678233359925 ], [ -73.447707406825614, 42.251362467709825 ], [ -73.447725040389116, 42.251307475632437 ], [ -73.448176407335637, 42.249899812792634 ], [ -73.448840155309242, 42.248097145053855 ], [ -73.450053409714897, 42.244856383949575 ], [ -73.451382088654938, 42.24128057782297 ], [ -73.451424483314383, 42.241166476481389 ], [ -73.451665710611366, 42.24051722366373 ], [ -73.452310388821516, 42.238782029632958 ], [ -73.452753283881748, 42.237558663397088 ], [ -73.452981434118001, 42.236928446950635 ], [ -73.453019769571611, 42.236822550438688 ], [ -73.454566300488779, 42.232550198224324 ], [ -73.454566331584772, 42.232550115788378 ], [ -73.456530462849543, 42.227123228066993 ], [ -73.456653447711105, 42.226797269723065 ], [ -73.456789270946032, 42.226437282845772 ], [ -73.456947111021734, 42.226018937818871 ], [ -73.456977465006631, 42.22593848685959 ], [ -73.457144583630168, 42.225495539515009 ], [ -73.457413917725916, 42.224781659896998 ], [ -73.462583145721922, 42.210803591723234 ], [ -73.463365650670653, 42.208452359208167 ], [ -73.465121120891638, 42.20371065140656 ], [ -73.467681163473216, 42.196794329430141 ], [ -73.470095360106143, 42.190195384187639 ], [ -73.472839236725306, 42.182830317522608 ], [ -73.474220233703576, 42.179084461644251 ], [ -73.476027238993709, 42.174182365846271 ], [ -73.476083691469753, 42.174029206598661 ], [ -73.477974522585455, 42.168891565802745 ], [ -73.479395004454673, 42.164989341819016 ], [ -73.480015079156004, 42.163285761150256 ], [ -73.482147319295692, 42.157470010737335 ], [ -73.483115685139197, 42.15491273185998 ], [ -73.488209373716515, 42.140920851259061 ], [ -73.488351314787522, 42.140546963632737 ], [ -73.488359316392319, 42.140525886661571 ], [ -73.488365788135013, 42.140508840486433 ], [ -73.488576329865268, 42.13995424252338 ], [ -73.489613004115228, 42.137104423301118 ], [ -73.49053212022676, 42.134482856820306 ], [ -73.491808619746678, 42.131061692563812 ], [ -73.494034171233608, 42.12509600828588 ], [ -73.494298502436507, 42.124409358918903 ], [ -73.494849478530128, 42.122978040477378 ], [ -73.495733474828867, 42.120423465416479 ], [ -73.497261778174689, 42.116292554673194 ], [ -73.498006199712492, 42.114280231024878 ], [ -73.49845167414702, 42.11307595537744 ], [ -73.498567028405162, 42.112764133155771 ], [ -73.498577089366236, 42.112736934693345 ], [ -73.498743192134384, 42.112287919817646 ], [ -73.498839552461632, 42.112029796606826 ], [ -73.498939700331775, 42.111761523365331 ], [ -73.500009443004487, 42.108925538942977 ], [ -73.500054627872672, 42.108805745006649 ], [ -73.500548529430844, 42.107496268605921 ], [ -73.501985535216107, 42.103436704375987 ], [ -73.503499040698429, 42.099160417223921 ], [ -73.504874588286711, 42.095441343539655 ], [ -73.50651351329978, 42.090998065092421 ], [ -73.507947859020618, 42.087058594213055 ], [ -73.507958825092544, 42.087028737117755 ], [ -73.508218076946392, 42.086322847122304 ], [ -73.508277807118219, 42.086160210428368 ], [ -73.508271951096575, 42.08614423741875 ], [ -73.508116697957519, 42.085720749462041 ], [ -73.507906131817265, 42.085146365080483 ], [ -73.50352735823563, 42.071027411583479 ], [ -73.503236946333587, 42.070089544417748 ], [ -73.503128837065006, 42.069740403262529 ], [ -73.50174494420439, 42.065248081148638 ], [ -73.500755389169314, 42.062024882896978 ], [ -73.500721960310116, 42.061915996467441 ], [ -73.500721932244105, 42.061915905137596 ], [ -73.49914985847613, 42.056794639083328 ], [ -73.497768217641507, 42.052461080961194 ], [ -73.497601525685241, 42.051938206963399 ], [ -73.497098240761872, 42.050359469564007 ], [ -73.496890877542029, 42.049708975192942 ], [ -73.493225041618501, 42.04967828760207 ], [ -73.487335047561047, 42.049628701223476 ], [ -73.487335049730476, 42.049628660723904 ], [ -73.487554633678101, 42.044344725432452 ], [ -73.487555088183456, 42.044335498196148 ], [ -73.487555089016439, 42.044335463082668 ], [ -73.487808837154503, 42.039187882138073 ], [ -73.488073618689057, 42.034218403033215 ], [ -73.4884090889406, 42.028096536962394 ], [ -73.488562402309199, 42.025002392817598 ], [ -73.488695722864364, 42.022789497855051 ], [ -73.488696512047596, 42.022766327830745 ], [ -73.488740541959203, 42.021474160202381 ], [ -73.488741399391088, 42.021458968854546 ], [ -73.488762264014881, 42.021089678071704 ], [ -73.488764358188533, 42.021052611387113 ], [ -73.488808768221531, 42.020266531562527 ], [ -73.488979927940775, 42.017227914737333 ], [ -73.48900577450236, 42.016747480229334 ], [ -73.489006732145427, 42.01672968195949 ], [ -73.489046770478396, 42.015985457482486 ], [ -73.489196938424541, 42.012932102130826 ], [ -73.489212284323841, 42.012641998170153 ], [ -73.489212303969737, 42.012641627368538 ], [ -73.489212328225307, 42.012641163862575 ], [ -73.489221736201003, 42.012463293184304 ], [ -73.489226053120021, 42.012381678935498 ], [ -73.489330437079659, 42.010408207077553 ], [ -73.489416324213124, 42.008784319973202 ], [ -73.48943148928889, 42.008618256574621 ], [ -73.489437419093449, 42.008553320687064 ], [ -73.48944564048432, 42.008463293626107 ], [ -73.489567532895236, 42.006251518171567 ], [ -73.489594574170383, 42.005760837461274 ], [ -73.489774613613648, 42.002583006367594 ], [ -73.489877721442454, 42.000665397371023 ], [ -73.489976095050622, 41.999572381534243 ], [ -73.490176515635952, 41.997157910100242 ], [ -73.490268491373229, 41.995964326346709 ], [ -73.490368505539806, 41.99466636903005 ], [ -73.490393823289921, 41.994303193424798 ], [ -73.490414730700508, 41.99400329239279 ], [ -73.490520431246921, 41.992604849848867 ], [ -73.490638428973256, 41.991043602327181 ], [ -73.49065314902839, 41.990848844490131 ], [ -73.49088624935311, 41.988078375181679 ], [ -73.491089628685856, 41.985433236695009 ], [ -73.491157004803483, 41.984614177373366 ], [ -73.491299117462361, 41.982886461575696 ], [ -73.491335165352268, 41.982448181535069 ], [ -73.491376579528747, 41.98194465964999 ], [ -73.491379508996616, 41.981909031160313 ], [ -73.491381902499484, 41.981876573070174 ], [ -73.491630559913744, 41.978503228064504 ], [ -73.491854206521609, 41.975700028151337 ], [ -73.491877216202241, 41.975411602426995 ], [ -73.492000978761439, 41.973820916193567 ], [ -73.492001795994412, 41.973810423697017 ], [ -73.492003272211477, 41.97379143964239 ], [ -73.49204624479249, 41.973239068656049 ], [ -73.492954884862087, 41.963528562231737 ], [ -73.493471138808374, 41.95771078341928 ], [ -73.494007745499786, 41.951577042233801 ], [ -73.49452305918706, 41.945814808519465 ], [ -73.494896903134887, 41.941304743976687 ], [ -73.494913820091369, 41.941100646063596 ], [ -73.495005407468554, 41.940063250335463 ], [ -73.495115307725612, 41.938818355787504 ], [ -73.495190838871679, 41.937962737409265 ], [ -73.495457588370201, 41.935046002372431 ], [ -73.495612717963624, 41.933311904812278 ], [ -73.495613621066809, 41.933301808725133 ], [ -73.495926808765773, 41.929800528603096 ], [ -73.496131517494049, 41.927506683025207 ], [ -73.49623386425408, 41.926359759660983 ], [ -73.496581499138941, 41.922535086136307 ], [ -73.496589274153081, 41.922493271031215 ], [ -73.496612733259099, 41.922367095241974 ], [ -73.496612869630383, 41.922366372008469 ], [ -73.496612891646052, 41.922364407089042 ], [ -73.496613199102839, 41.922336827956585 ], [ -73.496614574154364, 41.922213237817346 ], [ -73.496615504476949, 41.922129698947444 ], [ -73.496616824591783, 41.922115437406127 ], [ -73.496627215585278, 41.92200323960725 ], [ -73.496645173474377, 41.921809338891727 ], [ -73.496662825444901, 41.921618754840026 ], [ -73.496993203218722, 41.918390312661025 ], [ -73.497159910565458, 41.915858407007519 ], [ -73.497162373092593, 41.915831676543121 ], [ -73.497206995699869, 41.915347458137539 ], [ -73.497368046849772, 41.912842607012955 ], [ -73.497495857852186, 41.91110710519542 ], [ -73.497770985861322, 41.906842981712451 ], [ -73.497780316603468, 41.90669561376783 ], [ -73.497792420805482, 41.906504416070035 ], [ -73.497850505819102, 41.905586859556983 ], [ -73.497998057022642, 41.90354997190699 ], [ -73.498189432677734, 41.900633180998888 ], [ -73.498390076918824, 41.897638070243474 ], [ -73.498589997647571, 41.894679146151624 ], [ -73.498713282988675, 41.8925148881453 ], [ -73.49871349384351, 41.892511186530491 ], [ -73.498715626783081, 41.892473746494964 ], [ -73.498757525738412, 41.891738163634116 ], [ -73.498800009915797, 41.890960812575422 ], [ -73.498935847689793, 41.890171620697231 ], [ -73.499026842090046, 41.889521156677027 ], [ -73.49913569059747, 41.888743050684617 ], [ -73.499164632511011, 41.888536155168687 ], [ -73.499330952288062, 41.887348450261072 ], [ -73.499582137762459, 41.885554615435666 ], [ -73.499635124124467, 41.885159826709497 ], [ -73.499722168996499, 41.88451126346277 ], [ -73.500094871434371, 41.88184653643733 ], [ -73.50022066750229, 41.880290243731899 ], [ -73.500430591883244, 41.877998407946059 ], [ -73.50062345753615, 41.87595875047959 ], [ -73.500820335068411, 41.873626512456703 ], [ -73.501014709466006, 41.87148601109039 ], [ -73.501223817052292, 41.869234645881029 ], [ -73.501225054523232, 41.869220309224758 ], [ -73.501240857159829, 41.869037287511382 ], [ -73.501292368330752, 41.868440674553419 ], [ -73.501361343286149, 41.867641789237489 ], [ -73.501414447176614, 41.867026708254457 ], [ -73.501600615475184, 41.864825600352177 ], [ -73.501720766302824, 41.863539230367088 ], [ -73.501751237248783, 41.863232108639295 ], [ -73.501849782868533, 41.862238818259705 ], [ -73.502163104865531, 41.859080472881125 ], [ -73.502347239021745, 41.857224190523283 ], [ -73.502566292864529, 41.854905137620811 ], [ -73.502681696204675, 41.853808368859568 ], [ -73.502792825103413, 41.852752169916343 ], [ -73.502866046400385, 41.851974911213119 ], [ -73.503017258626372, 41.850369689156182 ], [ -73.503240074481951, 41.848128356572282 ], [ -73.503372554035352, 41.84679617413726 ], [ -73.503372985126902, 41.846791839491765 ], [ -73.503462603076514, 41.845890623371389 ], [ -73.503570773404377, 41.844676386841371 ], [ -73.503667307979768, 41.843592729609377 ], [ -73.503856367144778, 41.841386483375594 ], [ -73.5040749875714, 41.839092286373834 ], [ -73.504295002826311, 41.836688501531725 ], [ -73.504345060050781, 41.8361153045756 ], [ -73.504437449799923, 41.834838500778353 ], [ -73.504552300300773, 41.832762412330794 ], [ -73.50467733885435, 41.830571478475235 ], [ -73.504733294024192, 41.829716951116907 ], [ -73.504749267069101, 41.829473002107491 ], [ -73.504798712814917, 41.828717847806459 ], [ -73.50482554786943, 41.82830798650761 ], [ -73.505005680587914, 41.826327976480329 ], [ -73.505015246314557, 41.82622282650275 ], [ -73.505079850156875, 41.825478958808283 ], [ -73.505165227495468, 41.824495856101422 ], [ -73.505176401226848, 41.824357274696816 ], [ -73.505296233319953, 41.822870973735931 ], [ -73.505327340208765, 41.822595420819063 ], [ -73.505379598849061, 41.82213247798763 ], [ -73.505400544983942, 41.821946894835285 ], [ -73.505457129821707, 41.82130602151674 ], [ -73.505457188630558, 41.82130535669404 ], [ -73.505457280329651, 41.821304313121338 ], [ -73.505503636720093, 41.820779249522843 ], [ -73.505696497287829, 41.818782787885354 ], [ -73.505767499043714, 41.818027230459862 ], [ -73.505880083508089, 41.816829135489101 ], [ -73.50593640256335, 41.816212334385803 ], [ -73.505936727415943, 41.816208770192397 ], [ -73.506028747755181, 41.81520094748268 ], [ -73.506203031602155, 41.813273468071309 ], [ -73.506377490768358, 41.811349422458278 ], [ -73.506555324490847, 41.809500865591851 ], [ -73.506640501848722, 41.808688820176307 ], [ -73.506731388153966, 41.80769385311924 ], [ -73.506731752800277, 41.807689867025054 ], [ -73.50673205971313, 41.807686500736651 ], [ -73.50693317058969, 41.805484713913451 ], [ -73.507313169770143, 41.801278874957092 ], [ -73.507506000516472, 41.799030911740743 ], [ -73.507668184884622, 41.797140083952804 ], [ -73.508047913995412, 41.792964762846708 ], [ -73.508067245382762, 41.792753978312234 ], [ -73.508088097206425, 41.792526617867999 ], [ -73.508436392650836, 41.788728610288842 ], [ -73.508814765170627, 41.784650868145022 ], [ -73.5091322271211, 41.781263564908535 ], [ -73.509221070280034, 41.780033888773787 ], [ -73.509252974049559, 41.779552381337069 ], [ -73.509253534574952, 41.779543923245662 ], [ -73.509267828968575, 41.779328170320092 ], [ -73.5092764568126, 41.779197928799555 ], [ -73.509309739801068, 41.778695586940565 ], [ -73.509342130468625, 41.778206702922162 ], [ -73.509342876344519, 41.778195436252453 ], [ -73.509344027282594, 41.778178058410639 ], [ -73.509382111518832, 41.777603229127209 ], [ -73.509534901637039, 41.775967698157906 ], [ -73.509536309631912, 41.775952620344512 ], [ -73.509537437484511, 41.77594054712452 ], [ -73.509614433249808, 41.775116306175633 ], [ -73.509688847599691, 41.774194973836138 ], [ -73.509800926882875, 41.77280726436468 ], [ -73.509846710764251, 41.772613088934492 ], [ -73.510025603058978, 41.770072781680597 ], [ -73.51018705949383, 41.768035245925553 ], [ -73.510386522070007, 41.765568149882526 ], [ -73.510389705723284, 41.765525127490939 ], [ -73.510392416334341, 41.765488511726453 ], [ -73.510394057941596, 41.765466330627959 ], [ -73.510549892274511, 41.763360647278247 ], [ -73.51062626991849, 41.762405686227922 ], [ -73.510730371708888, 41.761104041165808 ], [ -73.51085821041309, 41.759147558994897 ], [ -73.510930324768736, 41.758145918610474 ], [ -73.510964576384367, 41.757670159492065 ], [ -73.51124799826367, 41.75427079011417 ], [ -73.511284269774137, 41.753835691415588 ], [ -73.511318169916564, 41.753281469867787 ], [ -73.511409370048682, 41.751790384390006 ], [ -73.511486861609924, 41.750523355504995 ], [ -73.511722857683736, 41.747666397342925 ], [ -73.511816176059114, 41.746536615885233 ], [ -73.512282032348523, 41.740563064350994 ], [ -73.512293615265008, 41.740376792243978 ], [ -73.512375325732734, 41.739062735867442 ], [ -73.512672768081245, 41.73533467625397 ], [ -73.512993732740455, 41.731311233012057 ], [ -73.513248385544259, 41.728014083014919 ], [ -73.513258031267043, 41.727889183420309 ], [ -73.513371397787594, 41.726421228714095 ], [ -73.513562899398963, 41.723764157779051 ], [ -73.513665887656217, 41.722579913482384 ], [ -73.513805523154801, 41.720974175570241 ], [ -73.513967340316142, 41.719011728506423 ], [ -73.514521990174842, 41.712590239592053 ], [ -73.515144218653234, 41.705504567318727 ], [ -73.515327844120193, 41.703404946069661 ], [ -73.515428161148449, 41.702257817209841 ], [ -73.515501633101579, 41.701417649986816 ], [ -73.51557782514621, 41.700546333543194 ], [ -73.515577827238246, 41.700546294841047 ], [ -73.515577833348885, 41.70054623817726 ], [ -73.515651279300329, 41.699706324266373 ], [ -73.51566193764684, 41.69958443800703 ], [ -73.51566361242854, 41.699565284193014 ], [ -73.515663656298983, 41.699564787585118 ], [ -73.515665120592786, 41.699548044870753 ], [ -73.515714798514239, 41.698979915194613 ], [ -73.51585569167159, 41.697443744858752 ], [ -73.516181508065486, 41.693891025290732 ], [ -73.5163521993356, 41.692226708986865 ], [ -73.516450877153801, 41.691264504188688 ], [ -73.516543632574042, 41.69011085427416 ], [ -73.516591384070765, 41.689516928159939 ], [ -73.516597546681012, 41.689440282372026 ], [ -73.516666465076582, 41.688583052518197 ], [ -73.516741623314871, 41.686962853674359 ], [ -73.517210448481791, 41.680061295346114 ], [ -73.517617330928459, 41.673744700406168 ], [ -73.517772204950248, 41.671550624670346 ], [ -73.51782607190907, 41.670731360197948 ], [ -73.517895613331419, 41.669673646427206 ], [ -73.51796508210019, 41.668446019367721 ], [ -73.518027371631248, 41.667351616806243 ], [ -73.51808337066926, 41.666375350327087 ], [ -73.518134405338387, 41.665502481195517 ], [ -73.518181123914474, 41.664717912452694 ], [ -73.51822462154469, 41.664006905055423 ], [ -73.51822568179854, 41.663990106558153 ], [ -73.518225955703286, 41.663985757083957 ], [ -73.518265779499444, 41.663354717190522 ], [ -73.518305699542438, 41.662746257710239 ], [ -73.518321885802024, 41.662509740465261 ], [ -73.518345227902444, 41.662168670363634 ], [ -73.518384437727576, 41.661616463729537 ], [ -73.51840106446204, 41.661389936194148 ], [ -73.518401745685907, 41.661380654416909 ], [ -73.518423370654418, 41.661086043720275 ], [ -73.518441253559487, 41.660848035115805 ], [ -73.518461844983335, 41.660573970086375 ], [ -73.518500357536865, 41.660076648300794 ], [ -73.518538272498276, 41.659590642164453 ], [ -73.518576090624194, 41.659112184266789 ], [ -73.518613402215024, 41.658637666588831 ], [ -73.5186372855798, 41.658334658018383 ], [ -73.518643048290443, 41.658261552554308 ], [ -73.518650696133179, 41.658164520375557 ], [ -73.518687510887858, 41.657692916212817 ], [ -73.518723834655205, 41.657224051860233 ], [ -73.518743112124923, 41.656973658593124 ], [ -73.518759654969713, 41.656758786411956 ], [ -73.51877419300429, 41.656567925865872 ], [ -73.518794728189931, 41.656298319143701 ], [ -73.518811353338279, 41.656079418325213 ], [ -73.518812584692427, 41.656063209251982 ], [ -73.518829270123931, 41.655843505787836 ], [ -73.51883134047047, 41.655816049861919 ], [ -73.518848584752504, 41.655587308005856 ], [ -73.518849692492111, 41.655572614091724 ], [ -73.518863041818634, 41.655395551085462 ], [ -73.518872798441109, 41.655264422657254 ], [ -73.518872961353821, 41.655262239694231 ], [ -73.518895799253158, 41.654955304842957 ], [ -73.518927762859903, 41.654523630959204 ], [ -73.518958735910189, 41.654097952742113 ], [ -73.518977873796771, 41.653832956488671 ], [ -73.518989205367745, 41.65367604457051 ], [ -73.518999069191153, 41.653536541098205 ], [ -73.519018975081295, 41.653254989299008 ], [ -73.519048535066958, 41.652832217281855 ], [ -73.519063532399954, 41.652612516226661 ], [ -73.51907769844253, 41.652404982621654 ], [ -73.519106721049923, 41.651970714454393 ], [ -73.519135858697084, 41.651526842815279 ], [ -73.519153091461988, 41.651258959487102 ], [ -73.51916514233379, 41.651071648691328 ], [ -73.519194304560202, 41.650608049559203 ], [ -73.519223057406109, 41.650140333476038 ], [ -73.519251351185673, 41.649672609632177 ], [ -73.519262802827654, 41.649478294523973 ], [ -73.51927868354197, 41.64920882827019 ], [ -73.51930499877858, 41.648753100307381 ], [ -73.519330016892468, 41.648309368946578 ], [ -73.519353458105655, 41.647882092587636 ], [ -73.519357702900123, 41.647802816612405 ], [ -73.519358206829921, 41.647793396520107 ], [ -73.51937528020278, 41.647474532977853 ], [ -73.519395223730541, 41.647088741245796 ], [ -73.519413281108484, 41.646725575653406 ], [ -73.519417882380438, 41.646631668094749 ], [ -73.519429892351795, 41.646386589254327 ], [ -73.519444584748115, 41.646072972976086 ], [ -73.519448248043219, 41.645993383248388 ], [ -73.519448497072005, 41.645987961620214 ], [ -73.519448733438892, 41.645982830750768 ], [ -73.519457801797287, 41.645785760220633 ], [ -73.519469297206143, 41.645526322267528 ], [ -73.519473961441037, 41.64541874757586 ], [ -73.519479280843484, 41.645296036272704 ], [ -73.519480809358782, 41.645259854656601 ], [ -73.519487767317983, 41.645094895222684 ], [ -73.51948816893831, 41.645085535954884 ], [ -73.519495457640645, 41.644919135174 ], [ -73.519496096310817, 41.644906187920903 ], [ -73.519503127525326, 41.644763616894842 ], [ -73.519511751392457, 41.644623542370518 ], [ -73.519521837850391, 41.644494109386088 ], [ -73.519534142050716, 41.64437018384627 ], [ -73.519549870124521, 41.644246968016596 ], [ -73.519569539582108, 41.644119322036332 ], [ -73.519924596198152, 41.640940375485023 ], [ -73.520028243816924, 41.640170444281495 ], [ -73.520299059317011, 41.637541837798544 ], [ -73.520705423904317, 41.633583834953178 ], [ -73.520822319290176, 41.632157908141984 ], [ -73.520913817794153, 41.630404700275626 ], [ -73.520972607973036, 41.629183173852226 ], [ -73.520978126000188, 41.629068513256371 ], [ -73.521101509636665, 41.62650466613438 ], [ -73.521102012707246, 41.626490009379253 ], [ -73.521164097177248, 41.624680540544134 ], [ -73.52125750357898, 41.621957919249645 ], [ -73.521258794086634, 41.621928969650583 ], [ -73.521305879897852, 41.62087267102811 ], [ -73.521438081085293, 41.619787682240258 ], [ -73.521500485938731, 41.619241114533061 ], [ -73.521742506481544, 41.616690509210365 ], [ -73.521806600605146, 41.616015249482139 ], [ -73.521854369685983, 41.615511977471499 ], [ -73.521882739384168, 41.61521308039913 ], [ -73.521883144179114, 41.615208809122088 ], [ -73.521924082982466, 41.614777479271893 ], [ -73.52194683655992, 41.614537749304489 ], [ -73.521953327426047, 41.614480555999911 ], [ -73.521962392141077, 41.614400681253251 ], [ -73.5220796603884, 41.613367332374267 ], [ -73.522247952134549, 41.611764063503962 ], [ -73.522376529358723, 41.610539064065321 ], [ -73.522492822079087, 41.60933696673451 ], [ -73.522798018958298, 41.606534139788259 ], [ -73.52292314270035, 41.605300200796037 ], [ -73.523276349338474, 41.602035446369776 ], [ -73.523327017275676, 41.601345750001165 ], [ -73.523495642440693, 41.59956085172773 ], [ -73.523648020864655, 41.59794782968558 ], [ -73.523936674982522, 41.59508350022675 ], [ -73.523943979160933, 41.595011018763849 ], [ -73.524023592695102, 41.594220958363593 ], [ -73.524097640153556, 41.593390573385236 ], [ -73.524278632236346, 41.591360821432382 ], [ -73.524331671836691, 41.590814580491362 ], [ -73.524332353769822, 41.590807554817005 ], [ -73.524332680203784, 41.590804179599608 ], [ -73.524482074613303, 41.589265505025352 ], [ -73.526942609701791, 41.561837827711322 ], [ -73.527063074363241, 41.560717335523996 ], [ -73.529032059292589, 41.542396751589401 ], [ -73.529389834192841, 41.539066534353019 ], [ -73.529401076402394, 41.538987660380805 ], [ -73.529544337839269, 41.53798252293042 ], [ -73.529564080560391, 41.537788493762768 ], [ -73.530726438230303, 41.52636299281474 ], [ -73.530845009265363, 41.525102942701757 ], [ -73.53089418239486, 41.524700534289387 ], [ -73.530896941591948, 41.524677960043448 ], [ -73.531026835701283, 41.523614968945239 ], [ -73.531293415276537, 41.521001677208254 ], [ -73.531308729625877, 41.520851533331395 ], [ -73.531695607506109, 41.517058510538199 ], [ -73.532703903978003, 41.500102797436845 ], [ -73.532843421888899, 41.497994179491478 ], [ -73.53304718597964, 41.494291549587459 ], [ -73.533722483132067, 41.482844347662372 ], [ -73.533856619075678, 41.480754978450193 ], [ -73.533962201168308, 41.479110288848439 ], [ -73.534134981709471, 41.476503119116842 ], [ -73.534406282689829, 41.472408844856112 ], [ -73.534553250010035, 41.470190641680695 ], [ -73.534557261542517, 41.470130095506427 ], [ -73.534702840727888, 41.467932667465973 ], [ -73.535366562159851, 41.458805284251532 ], [ -73.535596496645368, 41.455496354092851 ], [ -73.535875797560564, 41.451247145789502 ], [ -73.536166649290266, 41.447109702067856 ], [ -73.536458422571059, 41.442929745342298 ], [ -73.53658649450044, 41.441104795339164 ], [ -73.536811752879757, 41.437894690306557 ], [ -73.53725667697698, 41.433170242053635 ], [ -73.537256687940584, 41.433170126901018 ], [ -73.53740015832021, 41.43164651789337 ], [ -73.53753526407958, 41.430211663322439 ], [ -73.538204105257719, 41.423697439307901 ], [ -73.538218733310771, 41.423551433785256 ], [ -73.538704586581559, 41.418701447648246 ], [ -73.540282933931238, 41.404984923648911 ], [ -73.540766211486655, 41.400110954427845 ], [ -73.541078246924258, 41.395314545105919 ], [ -73.541266394205195, 41.391951897454 ], [ -73.541461685481934, 41.388967450157601 ], [ -73.541527401804302, 41.387963085130764 ], [ -73.541634910430119, 41.386319923396087 ], [ -73.541937747333009, 41.381690815456196 ], [ -73.541937751695684, 41.381690727240269 ], [ -73.541937756348631, 41.381690679560712 ], [ -73.542124039690634, 41.37884280160393 ], [ -73.542233871389271, 41.377516555581586 ], [ -73.542293677149218, 41.376794326488159 ], [ -73.54229368649392, 41.376794229327992 ], [ -73.542336819692395, 41.376273358190915 ], [ -73.542370713043695, 41.375864046639016 ], [ -73.542373888056886, 41.375825696953832 ], [ -73.542375132285571, 41.375810675970953 ], [ -73.542422568664264, 41.375237810682755 ], [ -73.542830838033169, 41.371149731949515 ], [ -73.542945417473561, 41.370002316596569 ], [ -73.543001101885295, 41.369444663764973 ], [ -73.543274336864087, 41.366708207498696 ], [ -73.543395127524249, 41.365473266331868 ], [ -73.543395156943276, 41.365472965860754 ], [ -73.543395194106282, 41.365472586223532 ], [ -73.543395208117744, 41.365472440482797 ], [ -73.543395217498883, 41.365472341521347 ], [ -73.543395240791043, 41.365472101321537 ], [ -73.543547946679226, 41.363910773741225 ], [ -73.544639645248168, 41.352746282732234 ], [ -73.544644729900924, 41.352697421132476 ], [ -73.544865038257512, 41.350580082388262 ], [ -73.544962800114163, 41.349640476691079 ], [ -73.545084668634928, 41.348367866095259 ], [ -73.54555104287374, 41.343497227979192 ], [ -73.547012660462315, 41.328519045110248 ], [ -73.54725260722735, 41.326289315588788 ], [ -73.547273730803113, 41.326073143707276 ], [ -73.547279807122351, 41.326010954394299 ], [ -73.547836708267283, 41.320310794584103 ], [ -73.547954947915315, 41.319196724877223 ], [ -73.548193366759079, 41.316950179844518 ], [ -73.548307716874049, 41.315818993792575 ], [ -73.548410190414842, 41.314805253302318 ], [ -73.548716921734922, 41.31274309858189 ], [ -73.548717074448192, 41.312742084476156 ], [ -73.548973707606137, 41.311016636226285 ], [ -73.549429403300763, 41.308003655754725 ], [ -73.549766819945418, 41.305769018178751 ], [ -73.549798343522127, 41.305568986726811 ], [ -73.55033283819381, 41.302177147449058 ], [ -73.551404928497632, 41.295146791466934 ], [ -73.55140151974031, 41.295142857367189 ], [ -73.549411746752497, 41.292846398635774 ], [ -73.54079907442889, 41.282690076675351 ], [ -73.539328220271557, 41.281018102515013 ], [ -73.532180037262549, 41.272623404411739 ], [ -73.52789000929458, 41.267550204805403 ], [ -73.524470951555671, 41.263561840512608 ], [ -73.518741263231107, 41.256779299326759 ], [ -73.513162147802717, 41.250119916271977 ], [ -73.508435328813334, 41.244529860819256 ], [ -73.505880213400602, 41.241551183507141 ], [ -73.50272439226309, 41.23783801335717 ], [ -73.499554031420871, 41.234021079611153 ], [ -73.491651445445939, 41.224440311731918 ], [ -73.487615012636255, 41.219629402975485 ], [ -73.484245669342442, 41.215528863330547 ], [ -73.481938601962511, 41.212724725099719 ], [ -73.481924258209958, 41.212707289347399 ], [ -73.481947414727045, 41.21269737658271 ], [ -73.485243741010493, 41.211286138751973 ], [ -73.492247827632085, 41.208286995388292 ], [ -73.499508075907869, 41.205096456717058 ], [ -73.512454532601524, 41.199401572631601 ], [ -73.514174488924624, 41.198570276317248 ], [ -73.517826647975511, 41.196870363534181 ], [ -73.523655480496075, 41.194091756859969 ], [ -73.530529550495388, 41.190863113343759 ], [ -73.535805949987633, 41.188504113328428 ], [ -73.540143129709989, 41.186507121251125 ], [ -73.551550322955251, 41.181404080212111 ], [ -73.564669909979926, 41.175454710086619 ], [ -73.580253839754619, 41.168327448780111 ], [ -73.596982810248278, 41.160782567908889 ], [ -73.613954159930472, 41.153100487124782 ], [ -73.614002253569069, 41.153078686428771 ], [ -73.614002479838334, 41.153078581060093 ], [ -73.614002630287374, 41.153078510809529 ], [ -73.614003009369597, 41.153078336119492 ], [ -73.616418258163307, 41.151979629831352 ], [ -73.624218393948652, 41.148430716217725 ], [ -73.624501851838872, 41.148317883341612 ], [ -73.625457929233676, 41.147937298139674 ], [ -73.630848586287968, 41.145490098125208 ], [ -73.631959104625082, 41.144978217799917 ], [ -73.631959748267519, 41.144977922787639 ], [ -73.635498300348146, 41.143346946113134 ], [ -73.639648921675885, 41.141433189277912 ], [ -73.639809421853485, 41.141359191596869 ], [ -73.650273795318299, 41.136548796773383 ], [ -73.675147784674593, 41.125122034225988 ], [ -73.676775084906836, 41.124400213579683 ], [ -73.686595045701438, 41.119804635198783 ], [ -73.692742256329538, 41.116927081891497 ], [ -73.702559954038122, 41.112360995517307 ], [ -73.702765725566437, 41.112266630111762 ], [ -73.702826052263234, 41.112238965677534 ], [ -73.703812602007417, 41.111784484622234 ], [ -73.71489775611424, 41.106661055992106 ], [ -73.727811054703878, 41.100690302262883 ], [ -73.727811211371048, 41.10069020580822 ], [ -73.727810899809782, 41.100689813231718 ], [ -73.727810841689674, 41.100689739626894 ], [ -73.727810757950863, 41.10068963601352 ], [ -73.727790575720178, 41.100664232800384 ], [ -73.723534663678947, 41.095306795108534 ], [ -73.723510842967499, 41.095276806394068 ], [ -73.723502276218298, 41.095266021037176 ], [ -73.718853234350973, 41.089412538818806 ], [ -73.718852459177739, 41.089411562762159 ], [ -73.718851767680249, 41.089410692126371 ], [ -73.71644054558233, 41.086375030046227 ], [ -73.714139938924376, 41.083478325594527 ], [ -73.712201510589722, 41.081118250853415 ], [ -73.711667447811877, 41.080467613594017 ], [ -73.711667419880598, 41.080467580853615 ], [ -73.711667392002084, 41.080467545411459 ], [ -73.710945915591239, 41.079588560938028 ], [ -73.710412842974151, 41.078892114294796 ], [ -73.709637864231894, 41.07787959454086 ], [ -73.70960212865144, 41.077832905018802 ], [ -73.708975656298136, 41.077014383888638 ], [ -73.708275315741147, 41.076189402167834 ], [ -73.708040988094055, 41.075913364531914 ], [ -73.706985779061498, 41.074670299993976 ], [ -73.706663278546898, 41.074182991772453 ], [ -73.706558564777055, 41.074024766095249 ], [ -73.706426635177024, 41.073825411386949 ], [ -73.706424736850238, 41.073822545408724 ], [ -73.706395452118045, 41.073785588173884 ], [ -73.70606536633106, 41.073369032256963 ], [ -73.70575727995228, 41.072980231445293 ], [ -73.702449420973338, 41.069072793719073 ], [ -73.702449397722745, 41.069072765533008 ], [ -73.702449373299899, 41.069072736432972 ], [ -73.702449236034596, 41.069072574548102 ], [ -73.702449122037606, 41.069072439948719 ], [ -73.702449092925676, 41.069072407192735 ], [ -73.702449061557743, 41.069072368105907 ], [ -73.702449024328445, 41.069072324449152 ], [ -73.702449002232399, 41.069072298077657 ], [ -73.702448980136381, 41.069072271706162 ], [ -73.699695914093397, 41.065819769164875 ], [ -73.699695861735933, 41.065819708221646 ], [ -73.69969583147234, 41.065819673650417 ], [ -73.699695802398665, 41.065819639092609 ], [ -73.697933531539348, 41.063737470533326 ], [ -73.697102656879395, 41.06272593243142 ], [ -73.69678633918177, 41.062340825438781 ], [ -73.696609966890122, 41.062126097316828 ], [ -73.696609907630474, 41.062126024583911 ], [ -73.696609848388604, 41.062125950950453 ], [ -73.69649434704165, 41.061985328525452 ], [ -73.694681049432475, 41.059790041790073 ], [ -73.69427404027175, 41.059297026176949 ], [ -73.694142963158768, 41.059156610390488 ], [ -73.694013541450374, 41.059017965237913 ], [ -73.694013513465507, 41.059017936095685 ], [ -73.694013485480639, 41.059017906953493 ], [ -73.693886386864762, 41.05888174982524 ], [ -73.693728968694018, 41.058713110725414 ], [ -73.692198002586991, 41.057072962550912 ], [ -73.69161085308231, 41.056296698162477 ], [ -73.691292252641432, 41.05587547184323 ], [ -73.691097637079082, 41.055618164174255 ], [ -73.690738981736345, 41.055143968371318 ], [ -73.6906962209097, 41.055087431295135 ], [ -73.690590410293638, 41.054947532731084 ], [ -73.690367251536415, 41.054652478232583 ], [ -73.690174020668593, 41.054396989883976 ], [ -73.689857846067923, 41.053996848306362 ], [ -73.689504002597147, 41.053549027780747 ], [ -73.689291515599095, 41.053303350938926 ], [ -73.689087531188548, 41.053067502490862 ], [ -73.687807682695521, 41.051587649360123 ], [ -73.682807429238068, 41.045616939401256 ], [ -73.682777434474062, 41.045581120068718 ], [ -73.682753485186538, 41.045552519356029 ], [ -73.679840050736246, 41.041903017720124 ], [ -73.679840019394348, 41.041902978627348 ], [ -73.679839983402516, 41.041902934076575 ], [ -73.679839898586621, 41.04190283221709 ], [ -73.678563960901272, 41.040402992870717 ], [ -73.67744394752431, 41.039102022306864 ], [ -73.676578944773539, 41.038096997578286 ], [ -73.676414036043468, 41.037919989262839 ], [ -73.676406963609438, 41.037910656972819 ], [ -73.676148037084801, 41.037568961572269 ], [ -73.675983271987747, 41.037322638023767 ], [ -73.675940011651733, 41.037257961875468 ], [ -73.675743017487349, 41.037002039118128 ], [ -73.675651060711857, 41.036894958195418 ], [ -73.675598946186, 41.036835987515552 ], [ -73.675565677612937, 41.03680399212071 ], [ -73.6755459573872, 41.036785026447433 ], [ -73.675524163000716, 41.036762114915327 ], [ -73.675447973596945, 41.036682022399944 ], [ -73.675261167014796, 41.036455556260115 ], [ -73.67505204637375, 41.036202036714663 ], [ -73.674948409165552, 41.036093489565552 ], [ -73.674904999696551, 41.036048023239999 ], [ -73.674890920567421, 41.036033061451924 ], [ -73.674809021261638, 41.035946030765466 ], [ -73.67414940172371, 41.035161999428794 ], [ -73.67409327909894, 41.035095290145286 ], [ -73.673096954358755, 41.033911003088463 ], [ -73.672757007709208, 41.033518039267356 ], [ -73.671832019096911, 41.032421037186538 ], [ -73.671218765497557, 41.031697709208082 ], [ -73.671074041909719, 41.031527006222966 ], [ -73.670955462979435, 41.031350398177715 ], [ -73.670883289627355, 41.031242904715235 ], [ -73.670606050998188, 41.030829984696005 ], [ -73.666086686697852, 41.025565843609073 ], [ -73.66608666459426, 41.025565819032025 ], [ -73.66608664254521, 41.025565791753223 ], [ -73.665971920094734, 41.025426229209984 ], [ -73.665942012127701, 41.025389831746033 ], [ -73.656583236340822, 41.013912964654324 ], [ -73.656431181557039, 41.013724306708752 ], [ -73.655485989648682, 41.012551557567292 ], [ -73.655318992462043, 41.012267177328269 ], [ -73.655318971757225, 41.012267142856771 ], [ -73.655318952241331, 41.012267108399165 ], [ -73.65531891202059, 41.012267039470053 ], [ -73.655303183648584, 41.01226685595342 ], [ -73.655290620211773, 41.012266709363303 ], [ -73.655290364591551, 41.012266706380707 ], [ -73.65529810469198, 41.012230591358012 ], [ -73.655776748921312, 41.009997055873285 ], [ -73.660128791803544, 41.000460002871009 ], [ -73.660122210787705, 41.000441389025845 ], [ -73.660004908360648, 41.000109590615835 ], [ -73.659843981950871, 40.99938919512671 ], [ -73.659575312188181, 40.998691210059746 ], [ -73.659467750153652, 40.998148962998322 ], [ -73.659444113859109, 40.997310476496011 ], [ -73.659446093805116, 40.997293501627368 ], [ -73.659564905639115, 40.996274867203702 ], [ -73.659736783977564, 40.995531488665776 ], [ -73.659734848389661, 40.99550989224273 ], [ -73.659678628841618, 40.994882656288532 ], [ -73.659584773123711, 40.994673458020891 ], [ -73.659542216948566, 40.994578605352118 ], [ -73.659432776420786, 40.994350476657239 ], [ -73.659383482929243, 40.99406881000499 ], [ -73.659372426005405, 40.994005628800132 ], [ -73.659350262223796, 40.993680004749358 ], [ -73.659071444019276, 40.993003887301263 ], [ -73.658861469572102, 40.992751387599867 ], [ -73.658784558351329, 40.992658898494952 ], [ -73.658724880542024, 40.992606961682718 ], [ -73.658541948031541, 40.99244775924425 ], [ -73.658270312864801, 40.992236352767051 ], [ -73.658106852826407, 40.992045055061595 ], [ -73.657986329833733, 40.991904006810849 ], [ -73.657806443329179, 40.991587722832634 ], [ -73.657726623429326, 40.991305929593885 ], [ -73.657674644858574, 40.991056866469641 ], [ -73.657609951763661, 40.990800613753187 ], [ -73.657612483556846, 40.990768753459847 ], [ -73.657634248246339, 40.990494851390771 ], [ -73.657649082801399, 40.990366424618202 ], [ -73.657668455392113, 40.990198712271983 ], [ -73.657715918634466, 40.989968625734697 ], [ -73.657729350172531, 40.989955890941609 ], [ -73.65794345637164, 40.989752896713931 ], [ -73.658797438349751, 40.989311911247135 ], [ -73.658808390079386, 40.989306255608625 ], [ -73.658829706049971, 40.989295248265215 ], [ -73.659971615854872, 40.988705560417124 ], [ -73.659989258996916, 40.988696445054487 ], [ -73.65655869714945, 40.98407113223324 ], [ -73.643572681549443, 40.974461156673499 ], [ -73.624196004997373, 40.959886484905773 ], [ -73.619616851263686, 40.956503905684428 ], [ -73.614989319448924, 40.952961649717714 ], [ -73.612404826666733, 40.950983045393329 ], [ -73.612392680845829, 40.950985588065919 ], [ -73.608915559419998, 40.95171333982352 ], [ -73.432566853635649, 40.988463186910074 ], [ -73.428941145906009, 40.989215480063343 ], [ -73.425446133492144, 40.989934891326783 ], [ -73.41657759620999, 40.991759835907374 ], [ -73.380326673395487, 40.999270479747359 ], [ -73.319070291387675, 41.011974543999571 ], [ -73.20034567409337, 41.036489684657347 ], [ -72.937986205899733, 41.090161806314867 ], [ -72.708051708882664, 41.13663324222663 ], [ -72.300332309920066, 41.217735830198897 ], [ -72.272513429336428, 41.223119366877157 ], [ -72.251001857395693, 41.227251384024768 ], [ -72.234563239431395, 41.230489305877349 ], [ -72.214165547939942, 41.234502408138837 ], [ -72.195847308997102, 41.238121817853241 ], [ -72.134541200196452, 41.250028622155881 ], [ -72.124522728351025, 41.25202347472807 ], [ -72.089820155983858, 41.258667002312848 ], [ -72.079146271515498, 41.263497303534756 ], [ -72.063192865254933, 41.270670684769534 ], [ -72.058602462247919, 41.272734743199742 ], [ -72.038821227776737, 41.281726921000406 ], [ -72.023420408165038, 41.288739812486341 ], [ -72.019146532836331, 41.290636789043575 ], [ -72.008467703300184, 41.292979274812488 ], [ -71.999525035625595, 41.294955935099878 ], [ -71.929404620783103, 41.310548814181729 ], [ -71.929396709113647, 41.310546645913682 ], [ -71.922340433937507, 41.308612258178535 ], [ -71.907431668118249, 41.304578510156908 ], [ -71.844494629993818, 41.240014973522911 ], [ -71.844476549528238, 41.239996405085996 ], [ -71.668789683121446, 41.058941177542984 ], [ -71.834907644393141, 41.011374016226263 ], [ -71.838629970537923, 41.009747148492465 ], [ -71.841421935314443, 41.008526767934221 ], [ -71.854439065264501, 41.00441144429638 ], [ -71.85713473528152, 41.003678981978425 ], [ -71.857999403781875, 41.003292788393424 ], [ -71.863922125080776, 41.000175926839233 ], [ -71.890720254118449, 40.99112504899319 ], [ -71.902551208811417, 40.987126399656333 ], [ -71.976271948816546, 40.964323613368094 ], [ -71.999594598800471, 40.957096271753059 ], [ -72.047468884082875, 40.93904561382876 ], [ -72.073827908173143, 40.930277790373161 ], [ -72.081405035504289, 40.927755827518894 ], [ -72.109506892749749, 40.917964115511047 ], [ -72.11019828602393, 40.917723083814323 ], [ -72.137173493076503, 40.908043197363348 ], [ -72.159883481782657, 40.89974248651572 ], [ -72.186420609832112, 40.890463428368662 ], [ -72.210605037166445, 40.881416961783643 ], [ -72.212019515235738, 40.880887618238333 ], [ -72.212650243416121, 40.880651570547293 ], [ -72.214794565653435, 40.879849028206834 ], [ -72.2299736084953, 40.874234265894394 ], [ -72.245150169046198, 40.86861741634943 ], [ -72.263376929925087, 40.861632237978334 ], [ -72.279598576859073, 40.85541176213939 ], [ -72.294829289789902, 40.849572557865777 ], [ -72.309300947106067, 40.844021491531088 ], [ -72.357105207480615, 40.825609000834241 ], [ -72.374286484119338, 40.819226152837921 ], [ -72.391750954177951, 40.812734151144433 ], [ -72.399640200234543, 40.810656051130479 ], [ -72.406572611132859, 40.808978092132094 ], [ -72.407589640489519, 40.808731881403283 ], [ -72.41346093866899, 40.807062298534184 ], [ -72.418731037899903, 40.805279881084303 ], [ -72.421500840270056, 40.804292514226525 ], [ -72.423200377132602, 40.803678459105932 ], [ -72.425174945062722, 40.802964985628691 ], [ -72.434026662285689, 40.799807118138283 ], [ -72.435780128848492, 40.799243699588224 ], [ -72.437880555880582, 40.798568749514423 ], [ -72.440476836440311, 40.79749344845721 ], [ -72.442968456667373, 40.7964614033271 ], [ -72.447032899323034, 40.79488061770067 ], [ -72.451307076788865, 40.793601560600152 ], [ -72.458711010211388, 40.791904965184798 ], [ -72.464669414311118, 40.79096876040893 ], [ -72.467799055163127, 40.790438539980514 ], [ -72.471568847788944, 40.789305315033666 ], [ -72.474961778918797, 40.788285234240782 ], [ -72.478358477042846, 40.787264586356656 ], [ -72.47914191748329, 40.787029155010266 ], [ -72.494100249319828, 40.782532700110892 ], [ -72.503879987063542, 40.779575100357661 ], [ -72.508662481916716, 40.778128369136141 ], [ -72.511452029627691, 40.777352860975839 ], [ -72.530382792410848, 40.772087719795586 ], [ -72.539094593145634, 40.769653812484904 ], [ -72.546302334475953, 40.767639467847047 ], [ -72.550523055086828, 40.766459636679237 ], [ -72.55462508243339, 40.765312793308695 ], [ -72.565835449631692, 40.762138008557152 ], [ -72.576938806006467, 40.758992137211692 ], [ -72.585128818427862, 40.756685551263978 ], [ -72.597891738004421, 40.753089583885654 ], [ -72.597992582893696, 40.753061164008805 ], [ -72.599158019738439, 40.752732710107608 ], [ -72.6068786168494, 40.750548751092282 ], [ -72.618186252812336, 40.747348900066697 ], [ -72.619516587508812, 40.746989211216366 ], [ -72.626055744252383, 40.745220903715641 ], [ -72.642643436312767, 40.740733174359292 ], [ -72.647401447592117, 40.739445355023996 ], [ -72.65152816407128, 40.738324365811962 ], [ -72.671921866762119, 40.73278182028713 ], [ -72.681706992019045, 40.730154445669143 ], [ -72.690910273511165, 40.727682344511507 ], [ -72.710917468877795, 40.722437799231294 ], [ -72.7194468534951, 40.720023182641306 ], [ -72.725934811781727, 40.718185935774663 ], [ -72.727758157244736, 40.717724489031532 ], [ -72.736897497978632, 40.715410960359272 ], [ -72.746600089648538, 40.713556131543818 ], [ -72.75278595128448, 40.711933798646655 ], [ -72.760231626281254, 40.709692685531913 ], [ -72.766447189609224, 40.707821338210692 ], [ -72.777614500538235, 40.704420388051915 ], [ -72.793053660425173, 40.699695332069737 ], [ -72.793553377736828, 40.699542349147549 ], [ -72.797316038456202, 40.698343250844211 ], [ -72.810179050896281, 40.694242747725184 ], [ -72.824042837298521, 40.69002815895076 ], [ -72.831033929749992, 40.687808751465056 ], [ -72.850893187551748, 40.681302871261089 ], [ -72.860192993906352, 40.678633726310309 ], [ -72.867361494321656, 40.676248739054842 ], [ -72.875847026123822, 40.673099368344488 ], [ -72.894231492300932, 40.667648742400246 ], [ -72.900798334851203, 40.665606487143876 ], [ -72.904994626323202, 40.663984757478033 ], [ -72.912187980320752, 40.66141274690559 ], [ -72.924656935158794, 40.657030096426887 ], [ -72.935414865822509, 40.653065890977651 ], [ -72.942815464175141, 40.650216410266992 ], [ -72.951083597867949, 40.647111618879286 ], [ -72.959800735698522, 40.64370338908099 ], [ -72.963774125528303, 40.642131524045226 ], [ -72.968007287875864, 40.640456658698007 ], [ -72.977590423898306, 40.636701992479182 ], [ -72.988613756325037, 40.632940097361463 ], [ -72.99388541213365, 40.631149163539732 ], [ -72.999755920478478, 40.629264773384122 ], [ -73.008537754592908, 40.626700691516078 ], [ -73.015534542327003, 40.624483602246343 ], [ -73.023793359990435, 40.622224637897787 ], [ -73.030978530692877, 40.620298023813682 ], [ -73.037847075301343, 40.618455781820643 ], [ -73.050369272983588, 40.615267390949541 ], [ -73.050738969059594, 40.615174816044124 ], [ -73.066072978949549, 40.611333753142517 ], [ -73.07274393195523, 40.609967944108007 ], [ -73.084661104203022, 40.607526923306111 ], [ -73.098593610047985, 40.604626894874293 ], [ -73.111893029903797, 40.601633750684279 ], [ -73.123933403331478, 40.598738426725177 ], [ -73.132152706506801, 40.596761073332672 ], [ -73.149192190090503, 40.593100315411775 ], [ -73.155204879252011, 40.591807851157576 ], [ -73.159801910804504, 40.590946656973074 ], [ -73.171023480310922, 40.588843569861744 ], [ -73.175735407877227, 40.587913692202889 ], [ -73.183233629516394, 40.585617711184753 ], [ -73.191452010821806, 40.583296488057591 ], [ -73.197521978565362, 40.581552663110891 ], [ -73.200179913852779, 40.580788940401703 ], [ -73.205265230398169, 40.579854901165824 ], [ -73.208702592182107, 40.579223407115315 ], [ -73.215216326916718, 40.578328852395209 ], [ -73.218850382503362, 40.578065168146637 ], [ -73.225838026907724, 40.57627199262857 ], [ -73.227918339602581, 40.575847609389712 ], [ -73.233969207624895, 40.574612991182953 ], [ -73.241979724507743, 40.57309120516684 ], [ -73.246181267441997, 40.572456949396326 ], [ -73.251286979752919, 40.572228092650207 ], [ -73.259337598039011, 40.571954384794644 ], [ -73.264162260878564, 40.571790086122604 ], [ -73.2734840264025, 40.571472061227105 ], [ -73.283728533576436, 40.571381534020801 ], [ -73.289496249421632, 40.571359002884854 ], [ -73.293818543425459, 40.570832894592549 ], [ -73.298151253288182, 40.570440934378979 ], [ -73.300453600229119, 40.570232583436365 ], [ -73.303065902159204, 40.570081819766024 ], [ -73.309061773357612, 40.570075375568166 ], [ -73.309074530740673, 40.570075361464838 ], [ -73.317041837179289, 40.570750251830205 ], [ -73.323362945040174, 40.572188931442732 ], [ -73.324017506385957, 40.572350387850236 ], [ -73.328000087515164, 40.573332652360186 ], [ -73.333303027815688, 40.575026292992703 ], [ -73.336650628694713, 40.576524894434144 ], [ -73.339304826339685, 40.577702641821197 ], [ -73.34051250596832, 40.578314550125178 ], [ -73.341476101462789, 40.578585130056837 ], [ -73.34197513403528, 40.578627456804625 ], [ -73.341987492303531, 40.578628505330848 ], [ -73.34411631050736, 40.578091525297374 ], [ -73.347167955293443, 40.577123478604328 ], [ -73.35592146030649, 40.574346066457117 ], [ -73.366614659903547, 40.570669252443167 ], [ -73.378870742228145, 40.567283633861948 ], [ -73.393159893735088, 40.562925080627046 ], [ -73.405900288674246, 40.560106335036032 ], [ -73.415433457528479, 40.558080004484808 ], [ -73.418387767488326, 40.557417369263227 ], [ -73.421958253504641, 40.556616409540254 ], [ -73.425410277485312, 40.555842091471298 ], [ -73.42673258343109, 40.555545454356484 ], [ -73.437677009223563, 40.553626575542872 ], [ -73.448021917714669, 40.551847241705204 ], [ -73.457077237434774, 40.550306496775185 ], [ -73.464762188599238, 40.548716715140188 ], [ -73.469964141404489, 40.547640254832899 ], [ -73.485313563193614, 40.544977860679403 ], [ -73.494669586551893, 40.54364079054325 ], [ -73.498206177471246, 40.543298356336003 ], [ -73.504060009118419, 40.542731309866284 ], [ -73.511584315630017, 40.541495246978663 ], [ -73.519312476476159, 40.539702784499198 ], [ -73.525001006442764, 40.538221591606849 ], [ -73.528593684749112, 40.537235936344828 ], [ -73.532898513441722, 40.535534030635795 ], [ -73.537052543998215, 40.53383455491705 ], [ -73.539566914939073, 40.532811704667679 ], [ -73.541745149067879, 40.531925524518648 ], [ -73.546262574091344, 40.530496055709989 ], [ -73.552934238607421, 40.528458309841092 ], [ -73.560512751151535, 40.526917939550771 ], [ -73.565456068312756, 40.525965966513624 ], [ -73.572864544022821, 40.525319021682883 ], [ -73.579936799224726, 40.525383693981965 ], [ -73.579951663070119, 40.525383829838994 ], [ -73.588036023101949, 40.525991899755446 ], [ -73.59718373156069, 40.527558218133237 ], [ -73.602459724866364, 40.529216677632832 ], [ -73.606381311754447, 40.530655870318505 ], [ -73.609192392285735, 40.532099585281195 ], [ -73.612308330909627, 40.533866698001887 ], [ -73.613911451586191, 40.534746262180846 ], [ -73.61702966702299, 40.535250375094165 ], [ -73.617041035080348, 40.535252212898477 ], [ -73.617614764940626, 40.535029284021242 ], [ -73.617996925272465, 40.534880790193711 ], [ -73.622344357229025, 40.534297610559953 ], [ -73.623127283171812, 40.534191006013501 ], [ -73.626450633923184, 40.533738428282206 ], [ -73.63268970812689, 40.533168324941009 ], [ -73.639795926711898, 40.532333337238867 ], [ -73.647480320075445, 40.532094744323452 ], [ -73.656876806041382, 40.53188456390194 ], [ -73.659280553598364, 40.531802809640965 ], [ -73.66644585284439, 40.531558809761208 ], [ -73.666452633277984, 40.531558579033202 ], [ -73.677901295776792, 40.532091045684055 ], [ -73.68970533784848, 40.532270568557578 ], [ -73.695681600997347, 40.532437179512961 ], [ -73.700039606816134, 40.532558478562713 ], [ -73.706707618005325, 40.532674202418448 ], [ -73.708120210324026, 40.532698668795284 ], [ -73.716174127701436, 40.53311726243669 ], [ -73.721047578615909, 40.533693814886917 ], [ -73.724928472042933, 40.534119580694075 ], [ -73.726701949899308, 40.534265259449718 ], [ -73.728317365109973, 40.534390580148788 ], [ -73.7283260130299, 40.534391250990957 ], [ -73.730125366335812, 40.534262400032915 ], [ -73.733116473571002, 40.53338987421202 ], [ -73.738567049009148, 40.532359471074152 ], [ -73.742434944132242, 40.53198273611725 ], [ -73.747744912437128, 40.531594487081648 ], [ -73.752516128986628, 40.531326298486967 ], [ -73.753553760602529, 40.531302218301484 ], [ -73.757152986640918, 40.531218621018276 ], [ -73.757276086956011, 40.531215864304116 ], [ -73.757288822209986, 40.531215578785556 ], [ -73.760745064121451, 40.531759348978305 ], [ -73.763219289349593, 40.53214855026367 ], [ -73.768665795559741, 40.532882374830344 ], [ -73.772975616306468, 40.533878641506021 ], [ -73.777586033326429, 40.534868919110473 ], [ -73.782260895488506, 40.536179501054455 ], [ -73.783634837112643, 40.536350447887756 ], [ -73.783645169143483, 40.536351733198401 ], [ -73.78589056982608, 40.535875373098271 ], [ -73.793102770041116, 40.53423028777209 ], [ -73.800522367323637, 40.532397723579621 ], [ -73.805014339263266, 40.531556919316202 ], [ -73.808428353834472, 40.530952566410228 ], [ -73.81094184693417, 40.530401907550008 ], [ -73.8125572502952, 40.52997709871314 ], [ -73.819184246340441, 40.527464029753993 ], [ -73.822885703932783, 40.526099279638593 ], [ -73.837013440692971, 40.520888673449534 ], [ -73.842826120156502, 40.518744091789671 ], [ -73.853157763171112, 40.515212087445704 ], [ -73.859451581967193, 40.512724919259156 ], [ -73.862949319696597, 40.511795458920254 ], [ -73.869581543617286, 40.509806542740186 ], [ -73.874537986444793, 40.508179301351248 ], [ -73.877615747695856, 40.507326382751884 ], [ -73.880366514339642, 40.50665939640519 ], [ -73.883723553394006, 40.506349542763047 ], [ -73.887950339344343, 40.505989409101382 ], [ -73.890828073223346, 40.50571077173781 ], [ -73.892203738057731, 40.505399653592853 ], [ -73.892308278086546, 40.505367996362082 ], [ -73.89345807113547, 40.505019787963079 ], [ -73.894612986698831, 40.504089431120448 ], [ -73.898159686679975, 40.498451151454354 ], [ -73.902139915578545, 40.492121234756105 ], [ -73.947793505338979, 40.508389767620486 ], [ -73.97787400411076, 40.519094758822625 ], [ -74.013521502992219, 40.51300606091111 ], [ -74.0437800920092, 40.507828326324407 ], [ -74.225331323587085, 40.476578082629224 ], [ -74.253035692496638, 40.486659988683009 ], [ -74.258842545906688, 40.498875237679719 ], [ -74.258128558942545, 40.508716806362969 ], [ -74.25409521568811, 40.515661138747753 ], [ -74.246019958403593, 40.520958221658347 ], [ -74.250284354187755, 40.542299509652942 ], [ -74.247484182472064, 40.54937716948519 ], [ -74.231414562143755, 40.559182391110369 ], [ -74.218003023152491, 40.557057571603899 ], [ -74.214575221750081, 40.560532682852298 ], [ -74.210144443866355, 40.573723907726084 ], [ -74.207241813630986, 40.587915278549659 ], [ -74.199588944946981, 40.597845726154453 ], [ -74.199588756867769, 40.600381903237569 ], [ -74.204833396771605, 40.606062361087204 ], [ -74.203889143212663, 40.61427594937647 ], [ -74.202424954949535, 40.616770474683598 ], [ -74.20392526938393, 40.624370209237988 ], [ -74.202280852038683, 40.628781145737292 ], [ -74.202400240707462, 40.63159239868223 ], [ -74.198164086630555, 40.634786538993531 ], [ -74.196247314898756, 40.637689356295589 ], [ -74.191430445714346, 40.64202530838083 ], [ -74.185641394624213, 40.646042182429767 ], [ -74.181649578212827, 40.646528102294958 ], [ -74.161428250879212, 40.644148480787798 ], [ -74.157942720451416, 40.643737933233758 ], [ -74.143109681953661, 40.641989572481933 ], [ -74.132920748142809, 40.643683999461551 ], [ -74.12601765086869, 40.642150697368308 ], [ -74.109847746148091, 40.648064394869721 ], [ -74.093441995598795, 40.648064622957421 ], [ -74.086986204643267, 40.651506240533152 ], [ -74.055773654062435, 40.65147573465012 ], [ -74.055765929273903, 40.651475726432643 ], [ -74.035443256963845, 40.685124892370155 ], [ -74.026389953550805, 40.700102538297664 ], [ -74.02363727698544, 40.718068881661658 ], [ -74.014028734898659, 40.757551387738417 ], [ -73.963576939761126, 40.82664209034067 ], [ -73.952829413733411, 40.851105682723563 ], [ -73.933906995711595, 40.882012469820289 ], [ -73.929795058322043, 40.888724357140099 ], [ -73.918346549154165, 40.917630363552611 ], [ -73.914252787892295, 40.927959980455242 ], [ -73.908844453765028, 40.946826364267402 ], [ -73.898739302127794, 40.974713839306006 ], [ -73.896143712035638, 40.981872883296845 ], [ -73.893633838393711, 40.997129270976302 ], [ -73.893627896132855, 40.997165381983969 ], [ -73.902449111590556, 40.997322268237951 ], [ -73.902714732683961, 40.997326982568488 ], [ -73.904242378562373, 40.998007135319639 ], [ -73.91176211317854, 41.001377480093858 ], [ -73.921783533036944, 41.005884502474629 ], [ -73.923299687077346, 41.006566247338824 ], [ -73.929560460351027, 41.009418604982713 ], [ -73.939056261552651, 41.013703335219496 ], [ -73.93905815305007, 41.013704188573591 ], [ -73.941358549060126, 41.014741980575479 ], [ -73.945722751894081, 41.016706745389236 ], [ -73.952413452595181, 41.01971803164237 ], [ -73.954895909415228, 41.020798128011769 ], [ -73.958779544811463, 41.022539485120127 ], [ -73.958988302604695, 41.022633083139496 ], [ -73.969725824050727, 41.027429842107438 ], [ -73.993741941115587, 41.038116107778393 ], [ -73.99374796775875, 41.03811878803009 ], [ -73.999927851341667, 41.040867234974051 ], [ -74.01270056308465, 41.046530396272082 ], [ -74.024551688248792, 41.051782810687257 ], [ -74.035863288510981, 41.056818766555232 ], [ -74.050855075844012, 41.063459342047402 ], [ -74.052076673414817, 41.064000301329614 ], [ -74.068885339489015, 41.071474268216782 ], [ -74.071829133374862, 41.072784598026736 ], [ -74.081705048128015, 41.07717959158289 ], [ -74.092500237708805, 41.081982050067346 ], [ -74.092600343752508, 41.082026988262321 ], [ -74.096693116724524, 41.08386414687363 ], [ -74.101986709213023, 41.086182237668829 ], [ -74.103980583557629, 41.087052309830355 ], [ -74.112332829872756, 41.090696379046243 ], [ -74.118605273179057, 41.093474476509584 ], [ -74.120702320192137, 41.094401304887661 ], [ -74.127287701497224, 41.097326093994951 ], [ -74.127323040989893, 41.097341678782946 ], [ -74.1294946269701, 41.098299332375376 ], [ -74.149760484922709, 41.10723313200112 ], [ -74.150214584423608, 41.107430546607034 ], [ -74.151640826569391, 41.108067497534215 ], [ -74.158298965394252, 41.110989727727471 ], [ -74.168133082444285, 41.11530470884145 ], [ -74.195263397064735, 41.126898547161808 ], [ -74.211223630340172, 41.133714100998013 ], [ -74.2126033087591, 41.134303098992362 ], [ -74.217765954438391, 41.136016747550109 ], [ -74.218367370890249, 41.136268905107293 ], [ -74.230530450153168, 41.141446461399191 ], [ -74.23435439701143, 41.143030431849887 ], [ -74.234366452774807, 41.143035425793258 ], [ -74.242406175735525, 41.146538804524447 ], [ -74.250737141944001, 41.150168111989629 ], [ -74.251513553184466, 41.15052667020187 ], [ -74.267017355218201, 41.157720873130856 ], [ -74.279570789094436, 41.16300708447298 ], [ -74.27968285568538, 41.163056161323148 ], [ -74.281530745689437, 41.163865361978203 ], [ -74.297842878689991, 41.170956171204502 ], [ -74.314229657472907, 41.178202198061733 ], [ -74.330738387576375, 41.185489240108922 ], [ -74.346416028351612, 41.192734185908975 ], [ -74.362101283413622, 41.200422972844699 ], [ -74.367510129620769, 41.203240766737039 ], [ -74.371607700874407, 41.205375108742629 ], [ -74.376387725999265, 41.207862832606388 ], [ -74.377756854907418, 41.208574221224602 ], [ -74.396554856087519, 41.218447782360158 ], [ -74.40024538064705, 41.22027505931996 ], [ -74.418857017256087, 41.229530930231157 ], [ -74.4256047337593, 41.232884780361083 ], [ -74.438032897779507, 41.238911386734785 ], [ -74.43972351974115, 41.239732259371429 ], [ -74.441917683933241, 41.240788864487115 ], [ -74.455321430711294, 41.247209688991617 ], [ -74.456587691471569, 41.247819856664037 ], [ -74.457862442511882, 41.248427439897178 ], [ -74.463315450404153, 41.250925163222895 ], [ -74.464437961446748, 41.251439302411811 ], [ -74.468162411275159, 41.253145067108711 ], [ -74.470246014769018, 41.254099090056712 ], [ -74.491263384458534, 41.263469319986207 ], [ -74.507156088851445, 41.271360437031859 ], [ -74.536661486970317, 41.285248697587093 ], [ -74.536682318770858, 41.285258457557006 ], [ -74.539624209888686, 41.286636662090643 ], [ -74.552425939278038, 41.292463597575498 ], [ -74.556437946747607, 41.294272715680549 ], [ -74.560207158319287, 41.295990942932946 ], [ -74.561156000966008, 41.296418498874417 ], [ -74.562426533115314, 41.296990990498109 ], [ -74.562463808005319, 41.29700801718662 ], [ -74.563644366150001, 41.2975472804833 ], [ -74.563644731723684, 41.2975474476114 ], [ -74.56936906443795, 41.30016194675121 ], [ -74.572304667117464, 41.301502546228988 ], [ -74.586729078268135, 41.308002436379425 ], [ -74.588704176481642, 41.308897227168572 ], [ -74.605076239142036, 41.316366082534358 ], [ -74.607608616884633, 41.317495454148002 ], [ -74.607660394304489, 41.317518544465607 ], [ -74.616518841865314, 41.321553029064184 ], [ -74.621588309164963, 41.323866760595706 ], [ -74.630874534140133, 41.328101338467256 ], [ -74.638120904276093, 41.331361409935582 ], [ -74.641698264407694, 41.332993855428015 ], [ -74.649335661760446, 41.336521330814577 ], [ -74.654364531244255, 41.33884352213272 ], [ -74.670811386491607, 41.346362031899787 ], [ -74.672693278875769, 41.347203068292082 ], [ -74.674235024763249, 41.347915183654202 ], [ -74.674808192318352, 41.348179914242309 ], [ -74.686906062791579, 41.353675586916921 ], [ -74.690791854193421, 41.355483088520629 ], [ -74.690981470898436, 41.355574090611483 ], [ -74.693865637648557, 41.356884155530956 ], [ -74.694012497129492, 41.356950859600019 ], [ -74.694548074384642, 41.357194118244379 ], [ -74.694723090868834, 41.357273609546802 ], [ -74.69476029765984, 41.357290508425741 ], [ -74.695502850835851, 41.357627764976087 ], [ -74.695521614291209, 41.35763628722578 ], [ -74.69554418460767, 41.357646538205231 ], [ -74.695441558693645, 41.357760121704985 ], [ -74.695435760368696, 41.357766539632131 ], [ -74.695219652869966, 41.35799198775328 ], [ -74.694960632163898, 41.358240064264692 ], [ -74.694454433570996, 41.358623547609213 ], [ -74.693974596931085, 41.358934269172046 ], [ -74.69330343503286, 41.359344337003378 ], [ -74.692413314988798, 41.359853824306221 ], [ -74.691725024501224, 41.360228318978237 ], [ -74.691467612761784, 41.360354806473218 ], [ -74.691151801847894, 41.360535737490828 ], [ -74.690517680186787, 41.361024158555296 ], [ -74.690262633303789, 41.361220600442195 ], [ -74.6899518555865, 41.361492945957828 ], [ -74.689753851731069, 41.361747312757842 ], [ -74.68961556773786, 41.36211543671142 ], [ -74.689577436209746, 41.362331831018231 ], [ -74.689562141559833, 41.362657965894542 ], [ -74.68956067941545, 41.362689141941232 ], [ -74.689561707237942, 41.362698032564978 ], [ -74.68960704793399, 41.363090171509349 ], [ -74.689683451647596, 41.363646391082177 ], [ -74.689783628887241, 41.364090982471332 ], [ -74.689913189846038, 41.36450826695873 ], [ -74.689965802209201, 41.36477622686008 ], [ -74.68999912340044, 41.365057718296725 ], [ -74.690008338839561, 41.365112784361138 ], [ -74.690053212980274, 41.365380901702096 ], [ -74.690158770864684, 41.365713375417421 ], [ -74.690359638981818, 41.366112300000964 ], [ -74.690674318817202, 41.366555568563641 ], [ -74.690999511471304, 41.366971119110701 ], [ -74.691378850683407, 41.367423125555213 ], [ -74.691554638423952, 41.367604040703185 ], [ -74.691805446208633, 41.367862162869649 ], [ -74.692449378823284, 41.368433455155198 ], [ -74.692703326392149, 41.368670171653434 ], [ -74.692976052552368, 41.368924389092818 ], [ -74.693232109686761, 41.369225747081003 ], [ -74.693495838701082, 41.369562507840207 ], [ -74.693798367615244, 41.369865098044144 ], [ -74.694103967079158, 41.370104752001588 ], [ -74.694711645858263, 41.370457570927044 ], [ -74.695448551951202, 41.370834880880288 ], [ -74.69643135128068, 41.37133781060782 ], [ -74.697303335527224, 41.371816817946957 ], [ -74.697451211258169, 41.371900319403991 ], [ -74.69831991546954, 41.37239084646427 ], [ -74.699858388538928, 41.373161173416214 ], [ -74.702233588338856, 41.374570839893629 ], [ -74.702456224761917, 41.374707050031354 ], [ -74.703012590925596, 41.375047432831032 ], [ -74.7037715865725, 41.375558240310944 ], [ -74.70492470434624, 41.376402385244432 ], [ -74.70590105156711, 41.37705963592628 ], [ -74.706639305335557, 41.377598053588713 ], [ -74.706992868896251, 41.37786041168328 ], [ -74.707305929861732, 41.378092712596526 ], [ -74.707995916887498, 41.37867909043608 ], [ -74.708475003452605, 41.379196784582014 ], [ -74.708904440644972, 41.379776361424021 ], [ -74.709252217109736, 41.380311649689382 ], [ -74.709402072056278, 41.38057807569237 ], [ -74.709596643847945, 41.380923998558558 ], [ -74.7101116290833, 41.381870608628375 ], [ -74.710567779767814, 41.382878680428874 ], [ -74.711040740424679, 41.38392932555778 ], [ -74.711381102862504, 41.384822167543263 ], [ -74.711610353646606, 41.385501598895686 ], [ -74.711778734814729, 41.386088228508427 ], [ -74.711904224377506, 41.386596666104232 ], [ -74.712017571533849, 41.387219383394978 ], [ -74.712125364539062, 41.387714771166749 ], [ -74.712171088253413, 41.38792490261568 ], [ -74.71230763654853, 41.388339915970363 ], [ -74.712521023045426, 41.388759387129873 ], [ -74.712850557895763, 41.389287160762969 ], [ -74.713296572993713, 41.389916223344805 ], [ -74.713702729082556, 41.390396862029618 ], [ -74.714323647808058, 41.391072664584122 ], [ -74.715178727818952, 41.391922982307236 ], [ -74.715838149562998, 41.392571613903542 ], [ -74.71635781609163, 41.393020216590735 ], [ -74.716935248396453, 41.393428297776161 ], [ -74.717379432612248, 41.393699450283066 ], [ -74.718090392439947, 41.394040824309258 ], [ -74.718804083221244, 41.394326181396437 ], [ -74.719479563222166, 41.394527705293186 ], [ -74.720126099376841, 41.394656984985254 ], [ -74.720177652339871, 41.39466360935139 ], [ -74.720936644529175, 41.394761138567596 ], [ -74.722079009599156, 41.394854119952029 ], [ -74.722253861238201, 41.394870968405741 ], [ -74.722783204350577, 41.394921974088717 ], [ -74.723359737776391, 41.394951177996276 ], [ -74.724685138562847, 41.394961208917181 ], [ -74.72486985684472, 41.394962605538787 ], [ -74.725782891362073, 41.394972552268726 ], [ -74.726666222094011, 41.395016732071532 ], [ -74.727594408326524, 41.39509728131808 ], [ -74.728123369084003, 41.395146187980451 ], [ -74.728613862343479, 41.395222260309659 ], [ -74.729015639783299, 41.395327963854143 ], [ -74.729028170779841, 41.39533126042268 ], [ -74.729623001167724, 41.395567338404121 ], [ -74.731063412921714, 41.396061096104745 ], [ -74.732180008829815, 41.396520150870018 ], [ -74.732746614162849, 41.396743500296438 ], [ -74.733323735119768, 41.396962080153578 ], [ -74.734039670976173, 41.39719833930031 ], [ -74.734570841352877, 41.397401665793026 ], [ -74.735143440942238, 41.397718245008335 ], [ -74.735658698388363, 41.398061407992479 ], [ -74.73600977176406, 41.398330140595974 ], [ -74.736319998825351, 41.398674954006495 ], [ -74.736812259174485, 41.399319180460523 ], [ -74.737057537980405, 41.399655899453066 ], [ -74.737432662035715, 41.400212254716358 ], [ -74.738187613756523, 41.401221017247508 ], [ -74.738545584282519, 41.401742440587448 ], [ -74.738898818224669, 41.402369067046756 ], [ -74.739168026083235, 41.402796972719884 ], [ -74.739545747698713, 41.403297844424998 ], [ -74.74004824531535, 41.4039212595818 ], [ -74.740778544982817, 41.404859231116383 ], [ -74.741082453249561, 41.405249981034132 ], [ -74.741218514309793, 41.405424920898362 ], [ -74.741383434895397, 41.405688771838008 ], [ -74.741498509655685, 41.406021448347019 ], [ -74.74157000228945, 41.406289878393515 ], [ -74.741710138004549, 41.406686316216231 ], [ -74.741763105082669, 41.406954262252576 ], [ -74.741776241680796, 41.407266455121565 ], [ -74.741776400197352, 41.407270235061368 ], [ -74.74177039133464, 41.407462813719604 ], [ -74.741756934794381, 41.407894043397441 ], [ -74.741733611904749, 41.408201759583307 ], [ -74.741733052671293, 41.408209134640927 ], [ -74.741730407516542, 41.408468604847684 ], [ -74.741734423459391, 41.408749415454217 ], [ -74.741734822628999, 41.408777323653105 ], [ -74.741681031289303, 41.409133673600202 ], [ -74.741586509027854, 41.409566110074799 ], [ -74.74143054496966, 41.410116222172839 ], [ -74.741241553644187, 41.410777641199196 ], [ -74.741078472309695, 41.411251659557365 ], [ -74.741069318694358, 41.411278264470049 ], [ -74.740913526289148, 41.411624925449054 ], [ -74.740724001890968, 41.41189346400305 ], [ -74.740576952949013, 41.412031954681375 ], [ -74.740441356358701, 41.412159657403159 ], [ -74.740027326577803, 41.412443480197027 ], [ -74.739439676587693, 41.412855996059747 ], [ -74.738959846362917, 41.413152047760491 ], [ -74.738676864514076, 41.413425250197676 ], [ -74.738465760285493, 41.413756416956048 ], [ -74.738181198538356, 41.41426814060047 ], [ -74.737865102512714, 41.414856098433283 ], [ -74.737669722603826, 41.415250782156171 ], [ -74.737520839537481, 41.415646682234652 ], [ -74.737288009857096, 41.416315240670286 ], [ -74.737252129877717, 41.416418267534226 ], [ -74.73696412039061, 41.417203300420503 ], [ -74.736601871087856, 41.418182910727658 ], [ -74.736210184214087, 41.419017261023946 ], [ -74.736067258776828, 41.419288352925982 ], [ -74.735852647089601, 41.419695411461625 ], [ -74.735436025188093, 41.420465548847893 ], [ -74.735199745428631, 41.42093630730114 ], [ -74.735017140996376, 41.421403249852297 ], [ -74.734863360311024, 41.421904255752096 ], [ -74.734743834320994, 41.422469356236029 ], [ -74.73466367335331, 41.422993355743287 ], [ -74.734641291820225, 41.423476738211036 ], [ -74.734612205231059, 41.424104871992085 ], [ -74.734611118729944, 41.424128351297362 ], [ -74.734618980925788, 41.424563462547859 ], [ -74.73465664685861, 41.42495722394235 ], [ -74.734720342130515, 41.425393797895964 ], [ -74.734808120515609, 41.425915175810189 ], [ -74.73494565164826, 41.426367727997253 ], [ -74.735130787400195, 41.426800461270034 ], [ -74.735543643414303, 41.427547760016218 ], [ -74.73584142570391, 41.427962467399034 ], [ -74.735923402393453, 41.428067356708958 ], [ -74.736624950824066, 41.428964964295965 ], [ -74.73681788490947, 41.429229555013109 ], [ -74.73687819168957, 41.429334330095422 ], [ -74.736981868417786, 41.429514452498552 ], [ -74.737203432675429, 41.429765747091167 ], [ -74.737562263930272, 41.430069698231257 ], [ -74.737922835793739, 41.430338674078172 ], [ -74.738060929691258, 41.430419493558311 ], [ -74.738349542649729, 41.430588403249068 ], [ -74.738732341393856, 41.430780717879365 ], [ -74.739072070231572, 41.43089484349602 ], [ -74.739486615187332, 41.431003904155133 ], [ -74.74000148235254, 41.431071474309555 ], [ -74.740747439763709, 41.431148415749767 ], [ -74.741456490732787, 41.431153628767532 ], [ -74.74215020750998, 41.431073544777888 ], [ -74.743100050464605, 41.430896169864717 ], [ -74.743808535773496, 41.430685386751321 ], [ -74.744775588522998, 41.430376112597649 ], [ -74.746508843276104, 41.42970458524173 ], [ -74.748618315606677, 41.428861355126614 ], [ -74.750147590993123, 41.428203628155153 ], [ -74.750901963943889, 41.427821869886444 ], [ -74.75150356457236, 41.427445760494535 ], [ -74.751973828096467, 41.42703876889658 ], [ -74.752525005438912, 41.426527743668629 ], [ -74.753394395778017, 41.425768432893435 ], [ -74.754182284874858, 41.425141039923879 ], [ -74.754471282969064, 41.424952759449674 ], [ -74.754627812407705, 41.424871483974023 ], [ -74.755396017978939, 41.424472597596228 ], [ -74.756347994529477, 41.423993227277514 ], [ -74.757349868996869, 41.423618043889256 ], [ -74.758250545987877, 41.423363644075899 ], [ -74.759064010131098, 41.423220131382287 ], [ -74.75983280658761, 41.423157824683756 ], [ -74.760845047385132, 41.423153239692958 ], [ -74.761559963762068, 41.423182517264003 ], [ -74.762401345558317, 41.423327783524776 ], [ -74.763410316508242, 41.423579839773069 ], [ -74.764804039007188, 41.423904163765044 ], [ -74.765936929453503, 41.424252496946536 ], [ -74.767875273106412, 41.424930385164245 ], [ -74.768263834800862, 41.425105106287063 ], [ -74.768704217423277, 41.425342835495314 ], [ -74.769103948851622, 41.425579599595089 ], [ -74.769815648429997, 41.425865491689976 ], [ -74.770501970236197, 41.426109672385337 ], [ -74.771207101967846, 41.426241084699761 ], [ -74.772051241400959, 41.426324684924346 ], [ -74.772706907702457, 41.426341648051626 ], [ -74.773562236016062, 41.426259072493956 ], [ -74.773990422306454, 41.426167066281039 ], [ -74.774347598925345, 41.426054678331447 ], [ -74.774835108250201, 41.425861486264104 ], [ -74.775249282150952, 41.425748588220848 ], [ -74.775786985258151, 41.4256802016506 ], [ -74.776762147836735, 41.425532992114292 ], [ -74.77706762260955, 41.42548687660814 ], [ -74.777773668634538, 41.425299406162466 ], [ -74.778817388703274, 41.424904500004651 ], [ -74.780046256969584, 41.424349708288872 ], [ -74.780619494869512, 41.424071289000757 ], [ -74.781249713928105, 41.423747974294386 ], [ -74.781813414774874, 41.423381798995266 ], [ -74.781838675657781, 41.423364535255011 ], [ -74.782335631027848, 41.423024904897709 ], [ -74.782712882936494, 41.422849450684836 ], [ -74.783156526442369, 41.422716848673758 ], [ -74.783874756771127, 41.422560352369473 ], [ -74.785260705304367, 41.422227236308316 ], [ -74.785407106650396, 41.422192047564252 ], [ -74.785962672222979, 41.422058509355104 ], [ -74.788286116722205, 41.421490669935835 ], [ -74.788741034100369, 41.421409739919412 ], [ -74.789096687483237, 41.421408626921654 ], [ -74.789516283543861, 41.42150170217888 ], [ -74.790168755999119, 41.421590502500536 ], [ -74.790848369102505, 41.421679997007224 ], [ -74.791484294908841, 41.421830122053422 ], [ -74.791928123150655, 41.421995921708309 ], [ -74.792590380437034, 41.422167241627356 ], [ -74.793115177225445, 41.422355643003044 ], [ -74.793436462345539, 41.422507935653151 ], [ -74.793880304063791, 41.422673638612011 ], [ -74.79423047742128, 41.422851428068583 ], [ -74.794544539850293, 41.423102288923111 ], [ -74.794677370604887, 41.423250697831804 ], [ -74.795091238406201, 41.423713098706152 ], [ -74.795711601077372, 41.424520879888512 ], [ -74.796226749912805, 41.425223419699989 ], [ -74.796722684109994, 41.42604897820317 ], [ -74.796924924844461, 41.426414355129829 ], [ -74.797468641457627, 41.427693870276812 ], [ -74.797758161086875, 41.428246575444582 ], [ -74.798166638544373, 41.428895056079796 ], [ -74.798778086885477, 41.429888133099482 ], [ -74.799256261121258, 41.430805860234109 ], [ -74.799698214629885, 41.43191818985045 ], [ -74.799985671349347, 41.43284479887312 ], [ -74.80009580150741, 41.433434040973552 ], [ -74.800141299509619, 41.433940630856945 ], [ -74.800167732194552, 41.434234942651308 ], [ -74.800193042567813, 41.435410126866728 ], [ -74.800198548577683, 41.435665770659604 ], [ -74.800253100199299, 41.436274294625221 ], [ -74.800417885701947, 41.436864937044056 ], [ -74.800650832181617, 41.437457415934176 ], [ -74.801132340749206, 41.438303201127084 ], [ -74.801402927132386, 41.438670231447603 ], [ -74.801679219763898, 41.438913984700648 ], [ -74.802325847970451, 41.439434685074694 ], [ -74.803208820637849, 41.440177582596185 ], [ -74.804430245321839, 41.441299496396169 ], [ -74.805157561643966, 41.441853124155095 ], [ -74.805591596472624, 41.442077494900417 ], [ -74.805785810577817, 41.442177892179906 ], [ -74.806632214103587, 41.442518499492195 ], [ -74.807234854819228, 41.442694257073768 ], [ -74.807482809659774, 41.442766571339874 ], [ -74.808241917385942, 41.442919753963054 ], [ -74.809425550071509, 41.443063254409346 ], [ -74.810599618247451, 41.443113772747928 ], [ -74.811505175853725, 41.443054615877919 ], [ -74.811871548086984, 41.442960389625519 ], [ -74.812487834534068, 41.442801885782018 ], [ -74.813627765536367, 41.442398858271972 ], [ -74.814406818492188, 41.442110038910393 ], [ -74.816166304360991, 41.441361969245634 ], [ -74.81720482639335, 41.440893909599254 ], [ -74.817504609987509, 41.440758794110316 ], [ -74.818289760051286, 41.440336416709513 ], [ -74.81888217518933, 41.439939913777856 ], [ -74.818997598811578, 41.439846526876593 ], [ -74.819819143948934, 41.439181819420085 ], [ -74.820956554287122, 41.438223022452689 ], [ -74.821916103037495, 41.4375438114836 ], [ -74.821945573660258, 41.437522950581574 ], [ -74.822584041246017, 41.437014438536593 ], [ -74.822683061773844, 41.436904773873131 ], [ -74.823174441214135, 41.436360570780273 ], [ -74.823582391220782, 41.435805049353277 ], [ -74.823910148994429, 41.435206346717777 ], [ -74.824459710716553, 41.433934133948988 ], [ -74.824876989079812, 41.43317304792189 ], [ -74.825368199823259, 41.432588667438672 ], [ -74.825374011553393, 41.432582566435556 ], [ -74.8259423459168, 41.431985955616163 ], [ -74.826340670380702, 41.431646238563268 ], [ -74.826858100779631, 41.431391828035608 ], [ -74.827342726181541, 41.431260096610877 ], [ -74.828203492542784, 41.43097316673623 ], [ -74.829255675186729, 41.430691267928886 ], [ -74.830300300902863, 41.430517544425754 ], [ -74.830330757420072, 41.430512479357162 ], [ -74.832032080156736, 41.430390970520016 ], [ -74.832770287438706, 41.430399421284228 ], [ -74.833870804936694, 41.430561088081667 ], [ -74.834846229168733, 41.430770979573211 ], [ -74.834921181815403, 41.430794997706023 ], [ -74.835857490051723, 41.431095022568485 ], [ -74.836875038000585, 41.431583780470028 ], [ -74.8370796949972, 41.431690467727194 ], [ -74.837476548474228, 41.431897346208771 ], [ -74.837795223045759, 41.432111207471316 ], [ -74.838901411379595, 41.433065189141985 ], [ -74.839229056599805, 41.433343003584412 ], [ -74.839639348043093, 41.433690889475756 ], [ -74.840779398996872, 41.434501760122664 ], [ -74.841431925538231, 41.434898967519082 ], [ -74.842048854847334, 41.435193302922677 ], [ -74.842114942022661, 41.435224832693379 ], [ -74.842997291476976, 41.435679332604792 ], [ -74.843594737850552, 41.436085400583757 ], [ -74.844043675082716, 41.436459534219154 ], [ -74.844333209192698, 41.436700822449481 ], [ -74.844875103152873, 41.437126096399084 ], [ -74.845662156563691, 41.437606696102961 ], [ -74.845753834376339, 41.437662676661375 ], [ -74.846072106791993, 41.43788676755706 ], [ -74.846609893490466, 41.438404565894245 ], [ -74.847064739041841, 41.438940794382148 ], [ -74.847431257049479, 41.439310138225856 ], [ -74.847466404479889, 41.439334982604258 ], [ -74.847868817053111, 41.439619426060773 ], [ -74.84854916351118, 41.440006942842707 ], [ -74.84919509572569, 41.440374900131957 ], [ -74.851043866325682, 41.441428016096324 ], [ -74.851290227772537, 41.441581475642124 ], [ -74.853040597969169, 41.442671755731411 ], [ -74.853908575418558, 41.443146337171306 ], [ -74.854392694576163, 41.443333437619614 ], [ -74.854972491695747, 41.443522941891906 ], [ -74.855430599448894, 41.443678504903787 ], [ -74.855742153899257, 41.443748098214861 ], [ -74.856557532002782, 41.443871499584631 ], [ -74.857138254501024, 41.444040401947788 ], [ -74.857652973522335, 41.444156237385435 ], [ -74.858128954970596, 41.4442196934599 ], [ -74.85821575171461, 41.444228425182004 ], [ -74.858810048108339, 41.444288210400977 ], [ -74.860186460726467, 41.444380488315673 ], [ -74.861019559845843, 41.444436332959697 ], [ -74.862236202304146, 41.444456515774235 ], [ -74.863142066827166, 41.444386696834115 ], [ -74.864109088192208, 41.444174274411054 ], [ -74.866875692883454, 41.443482185580358 ], [ -74.868082313918464, 41.44310639465634 ], [ -74.869618122764251, 41.442712723419774 ], [ -74.870147862550425, 41.442489305003235 ], [ -74.870862467810269, 41.442105943100337 ], [ -74.87140810657101, 41.441831421596596 ], [ -74.872059744660291, 41.441631659128603 ], [ -74.873333173537475, 41.44133486991371 ], [ -74.874132936875853, 41.441148465535633 ], [ -74.875219203605283, 41.440824826894939 ], [ -74.876114842052019, 41.440557973505157 ], [ -74.876586502107884, 41.440417439394501 ], [ -74.877998808324023, 41.440030744856024 ], [ -74.878689161594437, 41.439883314251304 ], [ -74.8789677815179, 41.439848589068085 ], [ -74.879720721334763, 41.439754743636684 ], [ -74.88160714891869, 41.439472553739506 ], [ -74.884177679022159, 41.439186664888553 ], [ -74.88571845447369, 41.438988435441495 ], [ -74.886339137720583, 41.438870103849681 ], [ -74.886989010923401, 41.438711353691247 ], [ -74.887663513217035, 41.438473334960555 ], [ -74.887669881575604, 41.438471087489987 ], [ -74.888155342901854, 41.438318504191933 ], [ -74.88901005820631, 41.438164836259055 ], [ -74.889599845662531, 41.438128091764106 ], [ -74.890307724621493, 41.438207350733293 ], [ -74.891040740495626, 41.438338544165291 ], [ -74.89192234668873, 41.438504752541377 ], [ -74.892031352597968, 41.438529031153443 ], [ -74.892857183975977, 41.438712967211067 ], [ -74.893655661381075, 41.438907706333545 ], [ -74.893892621096981, 41.438954785994234 ], [ -74.894306525709652, 41.439037020385108 ], [ -74.895127887516679, 41.439335217484874 ], [ -74.895659536596014, 41.439687979762674 ], [ -74.895784538683898, 41.439817453150084 ], [ -74.896025883745864, 41.440067430075537 ], [ -74.896237115303848, 41.440432520988395 ], [ -74.896267489258634, 41.440485017334659 ], [ -74.896426606777055, 41.440910822170288 ], [ -74.896471344927079, 41.441414990404418 ], [ -74.896472362169149, 41.441426451618646 ], [ -74.896437552796328, 41.44190911475939 ], [ -74.8963662246354, 41.442288062733482 ], [ -74.896272133853373, 41.442563548398653 ], [ -74.896233655125116, 41.442655810384565 ], [ -74.896119209688223, 41.442930210151992 ], [ -74.895939584801042, 41.443594463899309 ], [ -74.895717227764692, 41.444272128619986 ], [ -74.895608043276411, 41.444604878005187 ], [ -74.895406545666091, 41.445145163541596 ], [ -74.895136179727984, 41.445694093506106 ], [ -74.894854432504502, 41.446191245164762 ], [ -74.894506639503604, 41.446635353217061 ], [ -74.894062254804524, 41.447097679091691 ], [ -74.89387808667118, 41.44725996385467 ], [ -74.89282432580913, 41.448188486167417 ], [ -74.89161115629247, 41.44902269195439 ], [ -74.890852523593367, 41.449477199144496 ], [ -74.889936307632382, 41.450092351273078 ], [ -74.889551497502794, 41.450442978002272 ], [ -74.889289644781286, 41.450796569096298 ], [ -74.889137684670786, 41.451142629843098 ], [ -74.889120096682163, 41.451269510057898 ], [ -74.889112804501181, 41.451322112401257 ], [ -74.889100820121499, 41.451408569520233 ], [ -74.889097875838814, 41.451429810937846 ], [ -74.889114723451755, 41.451545827029392 ], [ -74.889150357215016, 41.451791216527653 ], [ -74.889249565443592, 41.45264766129651 ], [ -74.889352193065349, 41.453113212258323 ], [ -74.889474449041657, 41.453445562454611 ], [ -74.88969745075066, 41.453975862124757 ], [ -74.889829613387093, 41.454390742021708 ], [ -74.889893412678319, 41.454651989762539 ], [ -74.890026788208374, 41.455198127265561 ], [ -74.890168538660305, 41.455558419458953 ], [ -74.890308057210959, 41.455808825671141 ], [ -74.89052366343391, 41.456033664228208 ], [ -74.89081478117177, 41.456256958117848 ], [ -74.891199006559347, 41.456544321579898 ], [ -74.891546156335551, 41.456738037243596 ], [ -74.892309327120131, 41.45711709165905 ], [ -74.892939957818669, 41.457400304718647 ], [ -74.893961161890502, 41.45782689637484 ], [ -74.894768094368942, 41.458145354147192 ], [ -74.895390073492578, 41.458315088022076 ], [ -74.896339611313124, 41.458503294933983 ], [ -74.897046362349002, 41.45861345472688 ], [ -74.897243273317301, 41.458630923417822 ], [ -74.897850502036391, 41.458684792327404 ], [ -74.898503820855268, 41.458762739769256 ], [ -74.90091818189147, 41.459244398502065 ], [ -74.901478210844289, 41.459361736709084 ], [ -74.902477353141421, 41.459571071541838 ], [ -74.903169919938321, 41.459691106153926 ], [ -74.90403890639206, 41.459846378077764 ], [ -74.904296438100857, 41.459913286065088 ], [ -74.904444734702082, 41.459951814687976 ], [ -74.904783001374412, 41.460039696864335 ], [ -74.905483819155037, 41.460283435383154 ], [ -74.905628708296888, 41.460350862091531 ], [ -74.905644923444811, 41.460358408377488 ], [ -74.906114093419191, 41.460576741676199 ], [ -74.906266329077695, 41.460680568436565 ], [ -74.906473726450628, 41.460822015601202 ], [ -74.906552510031702, 41.460875746396752 ], [ -74.906579859132478, 41.460907407503754 ], [ -74.906791312879292, 41.46115220059167 ], [ -74.906852076060503, 41.461222543546121 ], [ -74.907053684952473, 41.461618594038384 ], [ -74.907163265252521, 41.46195632283807 ], [ -74.907198382693664, 41.462064553016418 ], [ -74.90731715211237, 41.462479081697523 ], [ -74.907455401168377, 41.462760314733252 ], [ -74.907493846813665, 41.462825883407199 ], [ -74.907773716092123, 41.463303197242624 ], [ -74.907952265965562, 41.463914737603609 ], [ -74.908070926318118, 41.464329173410746 ], [ -74.908119147464788, 41.464793364346022 ], [ -74.908123142177104, 41.464998738718677 ], [ -74.908131764839908, 41.465441947400002 ], [ -74.908137256603567, 41.465665073137401 ], [ -74.908141054129842, 41.46581932882065 ], [ -74.908141647604182, 41.465843433381991 ], [ -74.90809685747665, 41.466243479505103 ], [ -74.907981214746854, 41.467012319048777 ], [ -74.907979300210116, 41.467056137225732 ], [ -74.907965556907115, 41.467370608832937 ], [ -74.907964142360797, 41.467402967159551 ], [ -74.908018532134321, 41.467723269758054 ], [ -74.908079593650243, 41.467877634215171 ], [ -74.908141810559272, 41.468034920691657 ], [ -74.90831694760783, 41.468409699566564 ], [ -74.90850000952878, 41.468918361152255 ], [ -74.908618796075004, 41.469332888913108 ], [ -74.908696097716714, 41.469756655922325 ], [ -74.908737302090259, 41.470066369176536 ], [ -74.908749761957807, 41.470406161763115 ], [ -74.908755660695789, 41.470663680033802 ], [ -74.908759195212852, 41.470817989398959 ], [ -74.908786311174481, 41.471137618566715 ], [ -74.908903188538488, 41.471593241068327 ], [ -74.909131512336984, 41.472319079122485 ], [ -74.909330472677652, 41.472776726841246 ], [ -74.909543077726028, 41.473234711882739 ], [ -74.909881054979465, 41.473644296634625 ], [ -74.910209314967787, 41.473961093793434 ], [ -74.910606918986844, 41.474258986738533 ], [ -74.911033602667928, 41.474516453542925 ], [ -74.911042877047578, 41.474521105879667 ], [ -74.911422056577891, 41.474711307964959 ], [ -74.911621195834471, 41.474849908101206 ], [ -74.912004272052855, 41.475168052767565 ], [ -74.912194765346115, 41.475325381769608 ], [ -74.912466623861022, 41.475549908833791 ], [ -74.912781714585037, 41.475856021858434 ], [ -74.913034760673554, 41.47601665397238 ], [ -74.913693840786479, 41.476279840317346 ], [ -74.914072593236909, 41.476381721155818 ], [ -74.914615228112311, 41.476483318975419 ], [ -74.915168089287533, 41.476615401319997 ], [ -74.91525731113677, 41.476636716654383 ], [ -74.916728191158185, 41.476988102038852 ], [ -74.917407777225066, 41.4770973790502 ], [ -74.917965694778687, 41.477172869223864 ], [ -74.918485138795603, 41.477185652622559 ], [ -74.918857817687424, 41.4771536684067 ], [ -74.919323193839958, 41.47711372596531 ], [ -74.920560253103787, 41.476989668380476 ], [ -74.921010762518151, 41.476955389865495 ], [ -74.921480393518792, 41.476919654419191 ], [ -74.922834754248385, 41.476932413093898 ], [ -74.923568160462423, 41.477019707026841 ], [ -74.92359720938839, 41.477023164483747 ], [ -74.924260809899778, 41.477183503387565 ], [ -74.924987947498607, 41.477458559655176 ], [ -74.925769637232889, 41.477794302956951 ], [ -74.925988086243962, 41.477888127001378 ], [ -74.92615683382229, 41.477960604315236 ], [ -74.926852241053766, 41.478337768793921 ], [ -74.927010897063539, 41.478437231168812 ], [ -74.927518349161602, 41.478755352400924 ], [ -74.928115811792537, 41.479181512109932 ], [ -74.929213561356192, 41.480062497144409 ], [ -74.92989078555901, 41.480542097467044 ], [ -74.930821821316869, 41.481171862718327 ], [ -74.932339501299964, 41.482155652017383 ], [ -74.932764984149514, 41.482443888700573 ], [ -74.93312457963691, 41.48257737752234 ], [ -74.93365293307653, 41.482703472960708 ], [ -74.933994290197091, 41.482761399194239 ], [ -74.93428215636095, 41.48281024765285 ], [ -74.934584727108614, 41.482865374762056 ], [ -74.935259897884492, 41.482988383688955 ], [ -74.936961029727954, 41.48321534695684 ], [ -74.937956430490885, 41.48330125566374 ], [ -74.938955950079574, 41.483294799747441 ], [ -74.9398169053852, 41.483326093244898 ], [ -74.940471406971767, 41.483383307957013 ], [ -74.941845768986283, 41.483571071146365 ], [ -74.94286902658439, 41.483647444023156 ], [ -74.943415165590238, 41.483681292066031 ], [ -74.943937007304399, 41.483642525391993 ], [ -74.94439127941223, 41.48358158241814 ], [ -74.944687373249081, 41.483523071178197 ], [ -74.944743158620753, 41.483512046713614 ], [ -74.945040132380043, 41.483453361143198 ], [ -74.945650597955265, 41.483262444027282 ], [ -74.94604141012654, 41.483086785794654 ], [ -74.946311015286597, 41.482877114218269 ], [ -74.946542629819561, 41.48258441410902 ], [ -74.946747846704454, 41.482270453551763 ], [ -74.947000193137498, 41.481813600721907 ], [ -74.947236010607241, 41.481412160061701 ], [ -74.947353873364065, 41.481280959724813 ], [ -74.947547827783382, 41.481065055185454 ], [ -74.947793870300444, 41.480843102919238 ], [ -74.948132820601572, 41.48061675135915 ], [ -74.948622448427315, 41.480371380231766 ], [ -74.94944506431203, 41.480021040092645 ], [ -74.951349494002557, 41.479154154900797 ], [ -74.951762693635601, 41.478966061637706 ], [ -74.953503558002879, 41.478085039141504 ], [ -74.954071223838994, 41.477797742762348 ], [ -74.955035856953799, 41.477327297916297 ], [ -74.955256256463528, 41.477247733330117 ], [ -74.956050623483549, 41.476960961869288 ], [ -74.956702288854785, 41.476770714099189 ], [ -74.957433135733552, 41.476644413617116 ], [ -74.958229541139303, 41.476581364899054 ], [ -74.958981487587167, 41.476599607242107 ], [ -74.959800113148972, 41.476660692304861 ], [ -74.960373728989808, 41.476695036035302 ], [ -74.963191835931454, 41.476722091347362 ], [ -74.965102409312792, 41.476850722020899 ], [ -74.966273741128987, 41.476963779443111 ], [ -74.966800076725264, 41.477017958585968 ], [ -74.966983696103881, 41.477036858708793 ], [ -74.967924013662, 41.477215972980943 ], [ -74.967936186586101, 41.477219812664707 ], [ -74.968811155948913, 41.477495792308041 ], [ -74.969366820117543, 41.47762238426138 ], [ -74.970862083294463, 41.477864127516831 ], [ -74.971989504497273, 41.478066271709089 ], [ -74.972803214818441, 41.478240218728494 ], [ -74.972967286127627, 41.478285502017719 ], [ -74.974967551726195, 41.478837542639873 ], [ -74.975875693342275, 41.47904471343071 ], [ -74.976513479166101, 41.479173160678656 ], [ -74.977345357608627, 41.479244703751874 ], [ -74.977782416666656, 41.479265587287365 ], [ -74.978317104231323, 41.47931456844664 ], [ -74.978970288722039, 41.479402321754797 ], [ -74.979807794322127, 41.479592096525217 ], [ -74.98054076391486, 41.479733255770768 ], [ -74.981804351156569, 41.479948845091634 ], [ -74.982115338137348, 41.480038610223652 ], [ -74.982475760404228, 41.480253078079741 ], [ -74.982820673820854, 41.480508313962936 ], [ -74.983200750625556, 41.48090843572411 ], [ -74.983513133575485, 41.48128640342199 ], [ -74.983785348887125, 41.48164278806658 ], [ -74.984068708389884, 41.48206110723693 ], [ -74.984326411177662, 41.482437758078639 ], [ -74.984716096848487, 41.482930652162644 ], [ -74.984855594718397, 41.483191207493618 ], [ -74.984975206421765, 41.483595416745267 ], [ -74.985096254529552, 41.483968691643732 ], [ -74.985395982900613, 41.484644694541267 ], [ -74.985547468327567, 41.485265730634104 ], [ -74.985645261784541, 41.485864770720731 ], [ -74.985664668627251, 41.486342965633838 ], [ -74.985665325099546, 41.48635913413451 ], [ -74.98562938171689, 41.48688302963167 ], [ -74.98549276490732, 41.487517669216665 ], [ -74.98537858224681, 41.488334519985507 ], [ -74.985319674954539, 41.48912776090355 ], [ -74.985174807570019, 41.489871582859266 ], [ -74.984978741279306, 41.490633169597238 ], [ -74.984805411683467, 41.491158804679756 ], [ -74.9845002522123, 41.491823152070921 ], [ -74.984013884685297, 41.492899420069001 ], [ -74.983635810234176, 41.493798508238768 ], [ -74.983134427007926, 41.494931217973004 ], [ -74.982816261355467, 41.49560469932149 ], [ -74.982667918925159, 41.496130841576139 ], [ -74.982584542471713, 41.496611373366001 ], [ -74.982464563793457, 41.497658545173934 ], [ -74.98227066092673, 41.498680119614463 ], [ -74.982269732251808, 41.498685011420825 ], [ -74.982271429809188, 41.498940454129617 ], [ -74.982336493528564, 41.499187969205927 ], [ -74.982379604280979, 41.49965263800182 ], [ -74.982500550388096, 41.500616177517074 ], [ -74.982558259353269, 41.501075916770212 ], [ -74.982608952951679, 41.5013823228443 ], [ -74.98267551020389, 41.501592062398487 ], [ -74.982750542915895, 41.501719178726482 ], [ -74.982815661885056, 41.501829500029643 ], [ -74.982998370093881, 41.502269077280332 ], [ -74.983166098401796, 41.502765009828316 ], [ -74.983258693102144, 41.503249683575568 ], [ -74.983396543120463, 41.504151722052171 ], [ -74.983402068934524, 41.504195345018054 ], [ -74.983453040467992, 41.50459771683564 ], [ -74.983639071802202, 41.50525496457594 ], [ -74.983949600714126, 41.505943563579933 ], [ -74.984044324989938, 41.506127687128895 ], [ -74.984240346898702, 41.506508711034584 ], [ -74.984426204699886, 41.506756044728533 ], [ -74.984609616624539, 41.507000123395002 ], [ -74.985030504400598, 41.507464327972556 ], [ -74.98544285169001, 41.507833708551502 ], [ -74.985907495045652, 41.508157080434593 ], [ -74.986424036870446, 41.508443797176284 ], [ -74.986968537147419, 41.508665013548004 ], [ -74.987490835057685, 41.50881943655228 ], [ -74.988004341805933, 41.508879118710034 ], [ -74.988694887068036, 41.50892405291809 ], [ -74.989816694372237, 41.508894165640527 ], [ -74.990984763396895, 41.508960084099158 ], [ -74.991951467370114, 41.509021073128714 ], [ -74.992909730640861, 41.508987325868105 ], [ -74.993795378588672, 41.508885571363841 ], [ -74.994936849470648, 41.508685867469893 ], [ -74.996308433726568, 41.508406496246621 ], [ -74.998513351171297, 41.50776866319098 ], [ -74.999329557641815, 41.507523235157635 ], [ -74.999825250670369, 41.507412110358892 ], [ -75.000254770031475, 41.507375023865819 ], [ -75.000732688945362, 41.507386445053022 ], [ -75.001307290429196, 41.507494791384758 ], [ -75.001905316518247, 41.507641505261518 ], [ -75.002554547226651, 41.507770533290362 ], [ -75.003040641824313, 41.507886210349007 ], [ -75.00332401013145, 41.508034855922801 ], [ -75.003578120270888, 41.508277419597114 ], [ -75.003681664469028, 41.508506935836159 ], [ -75.003891812101855, 41.50978914519203 ], [ -75.003902454213261, 41.510085731863214 ], [ -75.003903364066304, 41.510111082366976 ], [ -75.003868230011875, 41.510346740655805 ], [ -75.003807382416184, 41.510612521550442 ], [ -75.003775619030975, 41.510751265958596 ], [ -75.003732781753229, 41.511183818895198 ], [ -75.003731689496135, 41.511194853941326 ], [ -75.003715297916628, 41.511582382307829 ], [ -75.003667991322516, 41.511808297524361 ], [ -75.003577379329556, 41.511970672916092 ], [ -75.003490850510687, 41.512125730467602 ], [ -75.003239381964391, 41.512715605903388 ], [ -75.003031092502198, 41.513174264712582 ], [ -75.002902754532911, 41.51353067144138 ], [ -75.002710009176511, 41.514216655179098 ], [ -75.002608808251523, 41.514526446514203 ], [ -75.002445429550676, 41.514815757985836 ], [ -75.002283764204279, 41.515067389293257 ], [ -75.001857265986331, 41.515918116301101 ], [ -75.001271608887663, 41.516963634500925 ], [ -75.001132493812975, 41.517239277645153 ], [ -75.000955509660159, 41.517589950991528 ], [ -75.000823546465085, 41.518031433897306 ], [ -75.000793752834397, 41.518257945643803 ], [ -75.000751512678846, 41.518579078655335 ], [ -75.000749120719306, 41.518597265562889 ], [ -75.000792492256963, 41.519061843016473 ], [ -75.000929923622337, 41.519680000767757 ], [ -75.001132342595426, 41.520252447700116 ], [ -75.001483358201313, 41.520885251129918 ], [ -75.001755051076856, 41.521308019622317 ], [ -75.001909362327623, 41.521480060699851 ], [ -75.00212785846557, 41.521723659845222 ], [ -75.002628877685808, 41.522515783573461 ], [ -75.002741503753754, 41.522693845002088 ], [ -75.003211885403744, 41.523480826249482 ], [ -75.003596088295893, 41.523925091310367 ], [ -75.004142549030462, 41.524401767013131 ], [ -75.004596426932338, 41.52468690653474 ], [ -75.005089228793537, 41.524944615856924 ], [ -75.005418453586813, 41.525198419859578 ], [ -75.005818173883, 41.52557679010016 ], [ -75.006470761062431, 41.526226223979705 ], [ -75.007515874283825, 41.527121508924033 ], [ -75.007990084992784, 41.527454904302232 ], [ -75.008017287014539, 41.527474027845081 ], [ -75.008692473558568, 41.527887400932755 ], [ -75.009393612281485, 41.528282572941784 ], [ -75.010091970906061, 41.52874375349208 ], [ -75.010298939547326, 41.52886739425859 ], [ -75.010669256291152, 41.529088614883953 ], [ -75.011199959341468, 41.529347200444988 ], [ -75.011539575828508, 41.529497795951571 ], [ -75.012349680607855, 41.529857012797038 ], [ -75.01332643607256, 41.530287078601482 ], [ -75.014052379536253, 41.530692265123413 ], [ -75.014898506467517, 41.531232732662133 ], [ -75.015897663627271, 41.531729477952837 ], [ -75.016428409077491, 41.531988040160478 ], [ -75.016661983956539, 41.53211933360376 ], [ -75.016797311648347, 41.532195401257695 ], [ -75.01709617396267, 41.532278213620344 ], [ -75.017396909975176, 41.532313715336763 ], [ -75.017486227606796, 41.532317729000624 ], [ -75.018289326779481, 41.532353815647028 ], [ -75.019456256344554, 41.532457231800123 ], [ -75.020357395771256, 41.532592140020604 ], [ -75.020507770414838, 41.5326221169625 ], [ -75.02121910396481, 41.532763916658922 ], [ -75.021776384657699, 41.532843993680167 ], [ -75.022007746488939, 41.532877238295008 ], [ -75.022682813993185, 41.53299731451493 ], [ -75.023217047600923, 41.533170854403103 ], [ -75.023709986526327, 41.533428487122471 ], [ -75.024087362546595, 41.533740185486558 ], [ -75.024336882682945, 41.534096117144991 ], [ -75.02436517165566, 41.534164389953169 ], [ -75.024542722705931, 41.534592893672105 ], [ -75.024638436062091, 41.535011438952715 ], [ -75.024699192408747, 41.535665653098768 ], [ -75.024748444887962, 41.536291235999542 ], [ -75.024872882991815, 41.536927963638377 ], [ -75.024984225057395, 41.537573922894659 ], [ -75.025018480385967, 41.537937622341026 ], [ -75.025019049768417, 41.537943672484076 ], [ -75.025002766571248, 41.538331295725072 ], [ -75.024947173696475, 41.538755619088455 ], [ -75.02491597488789, 41.539202721310382 ], [ -75.024915539696934, 41.539208958123282 ], [ -75.024913012033167, 41.539498275211464 ], [ -75.024912535422757, 41.539552786249921 ], [ -75.024912233383432, 41.539587346777651 ], [ -75.024851206250133, 41.539841302675299 ], [ -75.024700429803389, 41.540131033581432 ], [ -75.024451023824568, 41.540371074399872 ], [ -75.024086038057064, 41.540665181473827 ], [ -75.023373284794971, 41.541140187335991 ], [ -75.022856052179932, 41.541459040288402 ], [ -75.022226412897481, 41.541756319265019 ], [ -75.021664309699062, 41.541941584211074 ], [ -75.020953177557189, 41.542080909853915 ], [ -75.020002444241641, 41.542242430294749 ], [ -75.019976293601701, 41.542246872780375 ], [ -75.018317870926992, 41.542444088233893 ], [ -75.017899794714069, 41.542500328641189 ], [ -75.017503406639932, 41.542642246099646 ], [ -75.017013277995943, 41.542914451732983 ], [ -75.016466064785234, 41.543346084280657 ], [ -75.016197661215628, 41.543737078071821 ], [ -75.015976380175175, 41.54420481119454 ], [ -75.015883780818896, 41.544609434830299 ], [ -75.015860427319922, 41.545163382242166 ], [ -75.015859079096586, 41.545195362241515 ], [ -75.016007226866506, 41.546163864114604 ], [ -75.016127660473984, 41.546592366248639 ], [ -75.016489137229044, 41.547282177643659 ], [ -75.016935091649543, 41.548058978581381 ], [ -75.017295668133286, 41.548767672264354 ], [ -75.017573780049347, 41.54934188732058 ], [ -75.017814159821413, 41.549915206760332 ], [ -75.018327051527038, 41.551497787619837 ], [ -75.018567838973837, 41.552061751947299 ], [ -75.018804017891739, 41.552436283336121 ], [ -75.019164001292424, 41.5528611061224 ], [ -75.019605003776576, 41.553458089849428 ], [ -75.020167551343121, 41.554162024788297 ], [ -75.020682057059076, 41.554808101305966 ], [ -75.021018499591179, 41.555194459981649 ], [ -75.021320504980267, 41.555504379414714 ], [ -75.021904691959932, 41.555991318644146 ], [ -75.02237964709019, 41.55638095789562 ], [ -75.022608054588673, 41.556641775524184 ], [ -75.022893913961113, 41.557036471234923 ], [ -75.023462628227819, 41.557891869715476 ], [ -75.023702033336875, 41.558190846152492 ], [ -75.024169065414966, 41.558769523305301 ], [ -75.025964440045186, 41.561318986679389 ], [ -75.026343445944406, 41.561895570406563 ], [ -75.026824969180026, 41.562729981628621 ], [ -75.027213393028973, 41.563382496650817 ], [ -75.027583690299622, 41.563864254126351 ], [ -75.028055161638122, 41.564338951886008 ], [ -75.028434714590915, 41.56460342442211 ], [ -75.028820504691723, 41.564716530978856 ], [ -75.029200808672826, 41.56478323355477 ], [ -75.029421653007788, 41.564799077938318 ], [ -75.029865342559432, 41.564830909931509 ], [ -75.030333798348011, 41.564820652232932 ], [ -75.030519367865892, 41.564810261788267 ], [ -75.031001902781625, 41.564783242153389 ], [ -75.03145488035824, 41.564804571943263 ], [ -75.03200338528697, 41.564913322179848 ], [ -75.032661112150137, 41.564988442303942 ], [ -75.032709002106685, 41.564993911466289 ], [ -75.033188028963679, 41.565069145022996 ], [ -75.033592227130782, 41.56523839648721 ], [ -75.03422486970581, 41.565583348207554 ], [ -75.035061935158794, 41.566039750676062 ], [ -75.037015515244008, 41.567139951776745 ], [ -75.038010706599053, 41.567759657812289 ], [ -75.039085535858987, 41.568509068139569 ], [ -75.039669504104793, 41.568975864815108 ], [ -75.040087348406047, 41.569309863588551 ], [ -75.04045752574693, 41.569616747483494 ], [ -75.040875376119047, 41.570137663753719 ], [ -75.041302039458287, 41.570786530902282 ], [ -75.041678472843969, 41.571421714444575 ], [ -75.042057169880962, 41.572060703258352 ], [ -75.042364790317549, 41.572504477466666 ], [ -75.042754390283207, 41.573024721497468 ], [ -75.04328388172857, 41.573668768791109 ], [ -75.043307832398071, 41.573697901213762 ], [ -75.043642091407591, 41.574184970919568 ], [ -75.043904076131383, 41.574702208481625 ], [ -75.044060296620003, 41.575376481133837 ], [ -75.044105527691443, 41.575609760081875 ], [ -75.044246944451174, 41.576339099883647 ], [ -75.044473596293557, 41.577366577112748 ], [ -75.044692656087591, 41.578234170233586 ], [ -75.044914826369236, 41.579027386267533 ], [ -75.04514322033765, 41.579671665842355 ], [ -75.045363256358641, 41.580177200211629 ], [ -75.045385891591209, 41.580231467635286 ], [ -75.045569590818431, 41.580671878510948 ], [ -75.045686061998481, 41.581052025251395 ], [ -75.045756900559041, 41.581283232263658 ], [ -75.046093815662886, 41.582047093641265 ], [ -75.046102764961631, 41.582063787832205 ], [ -75.046107263635307, 41.582072176351467 ], [ -75.046475386569753, 41.582758799695618 ], [ -75.046824864911798, 41.583224881467821 ], [ -75.047245514190124, 41.583681921991136 ], [ -75.047779437983948, 41.584141622423992 ], [ -75.049059295465455, 41.585087421404694 ], [ -75.050025572291673, 41.585727681278335 ], [ -75.050714709811672, 41.58621234782575 ], [ -75.051609414994388, 41.586981541232284 ], [ -75.052277547586229, 41.587475608665976 ], [ -75.052934440801991, 41.587894057330971 ], [ -75.053010844416065, 41.58793260136315 ], [ -75.053303619355844, 41.58808030036986 ], [ -75.053460334422411, 41.58815935957572 ], [ -75.053504466975241, 41.588178621907318 ], [ -75.053914158879692, 41.588357431095709 ], [ -75.054307480640659, 41.588507270020607 ], [ -75.054691455672966, 41.588581897363383 ], [ -75.055075045935126, 41.588665787629921 ], [ -75.055483954679474, 41.588740996661578 ], [ -75.05612517549342, 41.588934177857411 ], [ -75.056851452351793, 41.589185522307545 ], [ -75.056979434801974, 41.589242865264332 ], [ -75.057403083547172, 41.589432683621901 ], [ -75.057964459008417, 41.589745698836744 ], [ -75.058576213486887, 41.590050617787675 ], [ -75.059528614699047, 41.590569570382478 ], [ -75.059842263376325, 41.590775929893901 ], [ -75.060225789886701, 41.591028261302512 ], [ -75.060612174812391, 41.59138047287594 ], [ -75.060813376495204, 41.591667135955284 ], [ -75.060963954673895, 41.591962158183442 ], [ -75.061169241437923, 41.592300770798893 ], [ -75.061228980715825, 41.592384824927485 ], [ -75.061352789758686, 41.59255902332027 ], [ -75.06165479901226, 41.592833998091471 ], [ -75.061802477046882, 41.592947216322223 ], [ -75.061958443094639, 41.59306678815318 ], [ -75.062219773913966, 41.593260958061713 ], [ -75.062460839282764, 41.593492374586631 ], [ -75.0627176161195, 41.593799238933649 ], [ -75.063210719102571, 41.594454799821641 ], [ -75.063592437997428, 41.594966806820729 ], [ -75.063917081203854, 41.595402248842888 ], [ -75.065039328866405, 41.59679962667991 ], [ -75.06567970799037, 41.597620479862528 ], [ -75.066243102729914, 41.598399742004972 ], [ -75.066729571475449, 41.599106986670265 ], [ -75.067217084956596, 41.599699472914899 ], [ -75.067714438174221, 41.600248793677068 ], [ -75.06886250352251, 41.601281684464354 ], [ -75.069817609145375, 41.602071501143548 ], [ -75.070907142344524, 41.602913775485511 ], [ -75.071332933453817, 41.603229659011177 ], [ -75.071705565935545, 41.603506102359702 ], [ -75.072420248438135, 41.604063255200344 ], [ -75.072504488291443, 41.604133206761631 ], [ -75.072907649577076, 41.604467983337109 ], [ -75.073143933220237, 41.604664184948554 ], [ -75.073156733660923, 41.604676279898072 ], [ -75.073804963594426, 41.605288769225261 ], [ -75.074353779021394, 41.605910648915831 ], [ -75.074576506929219, 41.606262606692489 ], [ -75.074678019316536, 41.606527391940659 ], [ -75.074737597644571, 41.606793772523311 ], [ -75.074762299848771, 41.606904216406058 ], [ -75.074807039105863, 41.6072742417008 ], [ -75.074808897854041, 41.607289617727794 ], [ -75.074776688060638, 41.607554892402007 ], [ -75.074674872098797, 41.607811255444716 ], [ -75.074474532863036, 41.608125282927894 ], [ -75.074076868960219, 41.608378453548653 ], [ -75.073681521583197, 41.608575501423957 ], [ -75.073655435946378, 41.608586692574157 ], [ -75.073122001524013, 41.608815538843267 ], [ -75.072345319776105, 41.609172321363737 ], [ -75.071687383617231, 41.609451402584995 ], [ -75.071633310495898, 41.609474339104175 ], [ -75.070796310735631, 41.609788834285133 ], [ -75.069720722225128, 41.610114058155744 ], [ -75.069078923471125, 41.610230263895616 ], [ -75.068628179118491, 41.610257295380009 ], [ -75.06822991979233, 41.610219830657115 ], [ -75.067733561523866, 41.610142716499325 ], [ -75.067026516888717, 41.610023144907721 ], [ -75.066381439925635, 41.609914377066552 ], [ -75.065775065654833, 41.609778331037624 ], [ -75.065069611347838, 41.60955098518032 ], [ -75.064677929468203, 41.609424756580083 ], [ -75.064245491462529, 41.609311579358923 ], [ -75.063697589350852, 41.609270694834677 ], [ -75.063284654438618, 41.609289135606559 ], [ -75.06293290337463, 41.609337182581982 ], [ -75.062515570231781, 41.609458596944968 ], [ -75.062322115138414, 41.609528654328258 ], [ -75.061932228313779, 41.609669845188797 ], [ -75.061045562776499, 41.609967984836587 ], [ -75.060514936282686, 41.6101149201127 ], [ -75.060453948834095, 41.610133561240488 ], [ -75.060059403708777, 41.610254157542386 ], [ -75.059727915734754, 41.610415109290102 ], [ -75.059531777141615, 41.610626129994102 ], [ -75.059487032778335, 41.610854407528784 ], [ -75.059484245801016, 41.610868625159945 ], [ -75.059510367402225, 41.611141021488571 ], [ -75.059524490500991, 41.611189791294763 ], [ -75.059589339038467, 41.611413728189774 ], [ -75.059597798518041, 41.611442939813344 ], [ -75.059777991173632, 41.611915734667612 ], [ -75.059950385200679, 41.612275906274078 ], [ -75.060211755435532, 41.612600707195931 ], [ -75.060590838821639, 41.613096878307843 ], [ -75.060931558671584, 41.613703876863319 ], [ -75.061102581641279, 41.61400855353704 ], [ -75.061420897120058, 41.614765722704384 ], [ -75.06153719739973, 41.615274470545067 ], [ -75.061557316291115, 41.615650622374666 ], [ -75.061562387598428, 41.615745436507019 ], [ -75.06156529963792, 41.615799883004108 ], [ -75.061564897527177, 41.615861712734485 ], [ -75.061564161485492, 41.615975028206293 ], [ -75.06156320871689, 41.616121715731488 ], [ -75.061562985626352, 41.616155966900017 ], [ -75.061487005320458, 41.616482241003567 ], [ -75.061328662518605, 41.616684695530296 ], [ -75.060904391827137, 41.616974648028872 ], [ -75.060379828736757, 41.617271705259064 ], [ -75.06035768493031, 41.61728141861699 ], [ -75.059730811843536, 41.617556395680523 ], [ -75.058908734127527, 41.617799582874632 ], [ -75.057999616653902, 41.618031274319385 ], [ -75.056839751190623, 41.618285354186092 ], [ -75.055819533761408, 41.618486427915677 ], [ -75.054578861498001, 41.618579157166778 ], [ -75.053642445185261, 41.61856656711042 ], [ -75.053585455534645, 41.618561802722837 ], [ -75.053019907378598, 41.618514518280399 ], [ -75.052587040462058, 41.618410649834708 ], [ -75.05204805275288, 41.618154308683486 ], [ -75.051770692149191, 41.61798980717964 ], [ -75.051011795145442, 41.61753970012527 ], [ -75.049810337284626, 41.616696051232871 ], [ -75.049551859007209, 41.616549559698342 ], [ -75.049016919128405, 41.61624638090786 ], [ -75.048537679508897, 41.616002107984045 ], [ -75.048380921611454, 41.615922205702176 ], [ -75.047863785709794, 41.615741349885958 ], [ -75.047280772452936, 41.615643295681203 ], [ -75.046744518591765, 41.615621328262989 ], [ -75.046191487682606, 41.615702042583365 ], [ -75.045773025326412, 41.615851546923842 ], [ -75.045323237237881, 41.616150203592071 ], [ -75.045139484510685, 41.616333061344172 ], [ -75.04485404482817, 41.616617108364935 ], [ -75.044468624908134, 41.617170335110778 ], [ -75.044273925487303, 41.617643695427084 ], [ -75.044181468407487, 41.618063285069304 ], [ -75.044151362772311, 41.618499204272375 ], [ -75.044149805720679, 41.618521755465693 ], [ -75.044187496371393, 41.619113023939939 ], [ -75.044281069697291, 41.619565078847089 ], [ -75.044393217355648, 41.620041473109154 ], [ -75.044492955870368, 41.620505348324798 ], [ -75.044494390092254, 41.620512018549803 ], [ -75.044477399402837, 41.620748591014305 ], [ -75.044340626435584, 41.621314215341705 ], [ -75.044245390552433, 41.62163559154726 ], [ -75.044154053064872, 41.621899573684871 ], [ -75.043993104920659, 41.622184663894195 ], [ -75.043739076933491, 41.622616661719526 ], [ -75.04361466107872, 41.62286995443786 ], [ -75.043603327939181, 41.62289302633193 ], [ -75.043574519772136, 41.623050676926823 ], [ -75.043571113544118, 41.623069321445705 ], [ -75.043610220331928, 41.623321845876575 ], [ -75.04362880813521, 41.623379596077434 ], [ -75.043731110215774, 41.623697436014133 ], [ -75.043883771377708, 41.624121439601971 ], [ -75.044101580776243, 41.624555222381659 ], [ -75.044352380254281, 41.624876884061656 ], [ -75.044941621010935, 41.625338042061848 ], [ -75.045274219366462, 41.625699973547952 ], [ -75.045446984684986, 41.626056494538709 ], [ -75.04572566025422, 41.626888635489102 ], [ -75.045987400229123, 41.627458778531796 ], [ -75.046202603672498, 41.627988681718335 ], [ -75.046573168540633, 41.628690943832645 ], [ -75.047022134251179, 41.629534291016455 ], [ -75.047245111547113, 41.629953128589996 ], [ -75.047649480486712, 41.630740533925554 ], [ -75.0480741139679, 41.63164085491433 ], [ -75.04822488418543, 41.631927333899803 ], [ -75.048328845767728, 41.632124869593021 ], [ -75.048488361651806, 41.632494027443791 ], [ -75.04861666561645, 41.633012521260561 ], [ -75.048681418360019, 41.633552989768837 ], [ -75.048699993217951, 41.633708028092791 ], [ -75.048794702353618, 41.634731760165828 ], [ -75.048855432317936, 41.635370470299002 ], [ -75.048846015491563, 41.635877508092307 ], [ -75.048845340443819, 41.635913711179924 ], [ -75.048848057196281, 41.636201099528868 ], [ -75.04885210093488, 41.636628710198181 ], [ -75.048852253617014, 41.636644871822398 ], [ -75.048810672548896, 41.637639994762083 ], [ -75.048809607550027, 41.637665467681948 ], [ -75.048820320383484, 41.637968182865627 ], [ -75.048832514144948, 41.638312740520334 ], [ -75.048867238463856, 41.638978927055042 ], [ -75.04893775004426, 41.639383532683382 ], [ -75.049034900286102, 41.639751314313607 ], [ -75.049201821598189, 41.640242627224993 ], [ -75.049390571285926, 41.64080935253682 ], [ -75.049391251252715, 41.64081295063405 ], [ -75.049472393289349, 41.641242311215869 ], [ -75.049495314824753, 41.641544104856784 ], [ -75.049496640614549, 41.641561566605354 ], [ -75.049455529133667, 41.641944825768107 ], [ -75.049349014478494, 41.64240171826998 ], [ -75.049187513583831, 41.642978941938033 ], [ -75.049159818496051, 41.643043439240607 ], [ -75.048896693830017, 41.643656206039644 ], [ -75.048727324282169, 41.644018512632648 ], [ -75.048649678005987, 41.644184608168807 ], [ -75.048460003992872, 41.644536288093896 ], [ -75.048302327999011, 41.644720013608911 ], [ -75.048054177866248, 41.644976603785423 ], [ -75.047866847540334, 41.645272073013999 ], [ -75.047736065558865, 41.645633269393961 ], [ -75.0477255077367, 41.645662427462923 ], [ -75.047705568434438, 41.64587641767617 ], [ -75.047702849641198, 41.6459055905027 ], [ -75.047768322060776, 41.64613201033837 ], [ -75.047944644824895, 41.646398575079253 ], [ -75.048232214875441, 41.646695840869967 ], [ -75.048460016321371, 41.646926164237733 ], [ -75.048660518764464, 41.647212021025275 ], [ -75.048797067874432, 41.647533824516081 ], [ -75.048893835583513, 41.64791095900199 ], [ -75.049071154235307, 41.649349211313272 ], [ -75.049174957015452, 41.649957722565681 ], [ -75.049191542337653, 41.650054949289007 ], [ -75.049228018036075, 41.650465479052066 ], [ -75.049233533094352, 41.650527544523712 ], [ -75.049234096354041, 41.650533888065553 ], [ -75.049213353407282, 41.651030154064408 ], [ -75.049138392834166, 41.651628135571734 ], [ -75.049031650654513, 41.652684673393722 ], [ -75.048941979882613, 41.653935423465967 ], [ -75.04894176002098, 41.653938489614504 ], [ -75.04892290977557, 41.655281806041785 ], [ -75.048922828887072, 41.655287598612809 ], [ -75.048900147481049, 41.656430462742094 ], [ -75.048869662659683, 41.656860782441875 ], [ -75.048848699031012, 41.657155566615749 ], [ -75.048840735415311, 41.657267545792685 ], [ -75.048839053793131, 41.657291189523924 ], [ -75.048880038560199, 41.657807630895292 ], [ -75.048905159827441, 41.657912298351754 ], [ -75.04906100025957, 41.658561603692277 ], [ -75.049238441529084, 41.659399845404543 ], [ -75.049464241039288, 41.66027676356115 ], [ -75.049672645744963, 41.660975114599317 ], [ -75.04992732973875, 41.661758994562447 ], [ -75.050207496579432, 41.66253401945756 ], [ -75.050471707485826, 41.663093151655154 ], [ -75.050799890531124, 41.663616335135224 ], [ -75.051240803943841, 41.664132710231257 ], [ -75.051913238254457, 41.664795136303674 ], [ -75.052634826944839, 41.665477525529937 ], [ -75.052967343175666, 41.665897636711136 ], [ -75.053177275283659, 41.666258606608551 ], [ -75.053385640764645, 41.666657169243059 ], [ -75.053545651173692, 41.667016967241857 ], [ -75.053690049296762, 41.667451478828667 ], [ -75.053803478735006, 41.667735828723529 ], [ -75.053825880654614, 41.667791985270746 ], [ -75.054001891765935, 41.668067895615742 ], [ -75.054193511044062, 41.668269271034539 ], [ -75.054495911531561, 41.66851060358843 ], [ -75.054803121368622, 41.668639608897912 ], [ -75.055112676281794, 41.668712492070036 ], [ -75.055474504460207, 41.668730335084042 ], [ -75.055510326922288, 41.668728497436128 ], [ -75.055975586306857, 41.668704627924186 ], [ -75.056715630636717, 41.668646975814156 ], [ -75.057002177759912, 41.66867241357707 ], [ -75.057237896041144, 41.668715384121882 ], [ -75.057532627397677, 41.668844179377132 ], [ -75.057762488729196, 41.669027629683676 ], [ -75.057957642823212, 41.669232267524833 ], [ -75.05810987815947, 41.669391899804062 ], [ -75.058517342065159, 41.669813749148865 ], [ -75.058776754588251, 41.670077013940016 ], [ -75.058829245279355, 41.670130283507469 ], [ -75.059041168190703, 41.670444567067179 ], [ -75.059177029325781, 41.670785157059491 ], [ -75.059296901402476, 41.671209635428234 ], [ -75.059414821557041, 41.671680970920406 ], [ -75.059515970205467, 41.672254990519356 ], [ -75.059569972145752, 41.672738251028527 ], [ -75.059570576598503, 41.672743658627418 ], [ -75.059555360664177, 41.673108800551248 ], [ -75.059424948409699, 41.673536783919559 ], [ -75.059143561803467, 41.673989502051228 ], [ -75.058784422608056, 41.674505935506957 ], [ -75.058417870123975, 41.674900302674651 ], [ -75.057979929004333, 41.675208643795642 ], [ -75.057378396817455, 41.675541510497375 ], [ -75.056850045704451, 41.675810994883832 ], [ -75.056535144754463, 41.675971607669275 ], [ -75.055485114977955, 41.676565468033203 ], [ -75.055262266821686, 41.676705664007557 ], [ -75.054393580969204, 41.677252151030324 ], [ -75.053544932412549, 41.677813265067307 ], [ -75.052793788785223, 41.678433014276393 ], [ -75.052103875858023, 41.679082284202359 ], [ -75.051542047207178, 41.679659475708306 ], [ -75.051324976740929, 41.679927990153438 ], [ -75.051252006168667, 41.680018254753051 ], [ -75.05111138551797, 41.680389813619797 ], [ -75.051058043237362, 41.680790814918012 ], [ -75.051056709100905, 41.680800839589757 ], [ -75.051070673068153, 41.681363456300467 ], [ -75.051120913348001, 41.681955103139302 ], [ -75.051249705682096, 41.682464240770365 ], [ -75.051372285223977, 41.682823162171132 ], [ -75.051417785219527, 41.682908529761697 ], [ -75.051650508297342, 41.683345170278386 ], [ -75.051951084926557, 41.683933328789784 ], [ -75.052154917847233, 41.684444226412907 ], [ -75.052294523461583, 41.684991066230914 ], [ -75.052362080908026, 41.685470588519699 ], [ -75.052395585920436, 41.685864959041467 ], [ -75.052402161646611, 41.686305600785097 ], [ -75.052402328630748, 41.686392924232898 ], [ -75.052403258771193, 41.686877277555496 ], [ -75.052479387174714, 41.687450805230881 ], [ -75.052626906857839, 41.688110360824084 ], [ -75.052815805229329, 41.688677081992132 ], [ -75.053044505718532, 41.689188650725065 ], [ -75.053418201351136, 41.689825333102348 ], [ -75.053683587339421, 41.690356487474702 ], [ -75.053795319842024, 41.690551858054278 ], [ -75.054243117086145, 41.691334843904798 ], [ -75.055139466500307, 41.692930465727166 ], [ -75.055331830667456, 41.693302136192315 ], [ -75.05562555953486, 41.69386964567483 ], [ -75.056031560786877, 41.694628968131106 ], [ -75.05639505433156, 41.695209137052977 ], [ -75.056987334954187, 41.696000818940462 ], [ -75.057361494833472, 41.696628136280886 ], [ -75.057762864070526, 41.697199825853794 ], [ -75.058190780194238, 41.697734594661334 ], [ -75.058439976733766, 41.698059113555644 ], [ -75.058723006094638, 41.698468686161625 ], [ -75.058913554201681, 41.698698116726121 ], [ -75.059275152769118, 41.69902517463867 ], [ -75.05950133819502, 41.699302250705841 ], [ -75.059714554001701, 41.699685700169837 ], [ -75.059935910535103, 41.699977786454411 ], [ -75.060333829602371, 41.700333418778193 ], [ -75.061580757956122, 41.701327820953367 ], [ -75.062719111521488, 41.702225867155668 ], [ -75.063730479922498, 41.702958532083912 ], [ -75.065515721725617, 41.704046581642245 ], [ -75.06628776278778, 41.704564059838546 ], [ -75.066388937803566, 41.704626227206496 ], [ -75.066690133192623, 41.704811296188261 ], [ -75.067067750173337, 41.705145095089421 ], [ -75.067279457968084, 41.705395801021645 ], [ -75.067298890653248, 41.705424279197516 ], [ -75.067548768830179, 41.70579044808121 ], [ -75.067989858187744, 41.7066330994531 ], [ -75.068341772470006, 41.707330981873916 ], [ -75.068683450807711, 41.708020791657908 ], [ -75.068815393949293, 41.708412231782994 ], [ -75.068914188072526, 41.708834767095517 ], [ -75.06894706273404, 41.709211383006419 ], [ -75.068955942548882, 41.709313110447845 ], [ -75.068957181365604, 41.709327299528326 ], [ -75.068916605984313, 41.709794296413058 ], [ -75.068838045197609, 41.710157149528271 ], [ -75.068729752597008, 41.710471777303212 ], [ -75.068568948618278, 41.710777167974264 ], [ -75.068502236125454, 41.710886789307914 ], [ -75.068364431800248, 41.711113226644777 ], [ -75.067831030454201, 41.711787007869454 ], [ -75.06782835220784, 41.711790391624021 ], [ -75.067506911915558, 41.712139564475585 ], [ -75.067113791408332, 41.712431609203357 ], [ -75.066768544955934, 41.712590005053755 ], [ -75.066221825075914, 41.712759630022795 ], [ -75.066139854295258, 41.712774055293437 ], [ -75.066139806221244, 41.712774064328222 ], [ -75.065624773892239, 41.712864700096929 ], [ -75.064814760283454, 41.71298391056029 ], [ -75.064741038837198, 41.712994759757819 ], [ -75.064040278455792, 41.713049686005618 ], [ -75.063908268223088, 41.713051458237395 ], [ -75.06339433953616, 41.713058357721629 ], [ -75.061779774408862, 41.712949313270897 ], [ -75.06056802052187, 41.712881002516845 ], [ -75.059858265889645, 41.712840984679616 ], [ -75.059203410940384, 41.712809813406516 ], [ -75.058414132603602, 41.712704282783768 ], [ -75.057438799562803, 41.7124912210164 ], [ -75.05666374418827, 41.712298598526154 ], [ -75.054831473633854, 41.711827591722049 ], [ -75.053771285903935, 41.711620431706194 ], [ -75.052929193322967, 41.711513444245561 ], [ -75.052359026112256, 41.711484221526689 ], [ -75.051791249514963, 41.711521399002784 ], [ -75.051444454712978, 41.71158959816831 ], [ -75.051155000251967, 41.711677958436923 ], [ -75.05095945890244, 41.711800209796152 ], [ -75.050771714142599, 41.711986021526833 ], [ -75.050305488060516, 41.712506212113617 ], [ -75.050171136045492, 41.712670731845087 ], [ -75.049848165041013, 41.713066220075895 ], [ -75.049687260470733, 41.713371670712753 ], [ -75.049645316534026, 41.713627215380022 ], [ -75.049644486170735, 41.713632274136216 ], [ -75.049645558604496, 41.713862129915668 ], [ -75.049662168533274, 41.714215697131209 ], [ -75.049662337187826, 41.714219287295201 ], [ -75.049645482627682, 41.714863177313632 ], [ -75.049644709540402, 41.714892698470486 ], [ -75.049652315012622, 41.715471728417775 ], [ -75.049718625223903, 41.715909269887163 ], [ -75.04986036966821, 41.716316894777954 ], [ -75.050073992518861, 41.716773740862607 ], [ -75.050358739003542, 41.717303644480879 ], [ -75.050748524278006, 41.717851858399179 ], [ -75.050967253276085, 41.718189901157558 ], [ -75.051266894206279, 41.71861707600074 ], [ -75.05151335796414, 41.719050923829236 ], [ -75.051695286838111, 41.719507112555164 ], [ -75.05180654825115, 41.719882240941963 ], [ -75.05192352485092, 41.720376515333712 ], [ -75.051934375227688, 41.720464996252609 ], [ -75.052002493938275, 41.72102050577957 ], [ -75.052023230054274, 41.721536196443516 ], [ -75.052079652692413, 41.721957660176088 ], [ -75.052179682511323, 41.722348459186456 ], [ -75.052320128623691, 41.722787738437937 ], [ -75.052556002735258, 41.723475111451712 ], [ -75.052910742850045, 41.724609178738675 ], [ -75.053041878543382, 41.725106901085894 ], [ -75.05317554061989, 41.725614201120827 ], [ -75.053183253967461, 41.725639540825931 ], [ -75.053557163252478, 41.72686781735429 ], [ -75.053674828466512, 41.727346170794888 ], [ -75.0537436859764, 41.727825060316768 ], [ -75.053773186284928, 41.728030225448244 ], [ -75.053832662990331, 41.728887742363263 ], [ -75.053952433375954, 41.730071747831012 ], [ -75.054062696117171, 41.730757085234671 ], [ -75.054162387144828, 41.731376699095243 ], [ -75.054325267509896, 41.732292185629042 ], [ -75.054484211393813, 41.733048957965444 ], [ -75.054698847516306, 41.733989423720807 ], [ -75.054787132650318, 41.73441163293257 ], [ -75.054830355683521, 41.734896251127076 ], [ -75.054839428871588, 41.735402772780581 ], [ -75.05483987328256, 41.735427612303802 ], [ -75.054784962416662, 41.735981228242238 ], [ -75.054721463749928, 41.736487109756027 ], [ -75.054608415283624, 41.736912520265058 ], [ -75.05440535947956, 41.737462661000713 ], [ -75.054194797879504, 41.73819492350826 ], [ -75.054027972040615, 41.738896432830394 ], [ -75.053768442104285, 41.740039761640055 ], [ -75.053618860238757, 41.740828997290819 ], [ -75.053521417343092, 41.741339488058031 ], [ -75.053510401202317, 41.741397199712445 ], [ -75.053500338287606, 41.741428314832667 ], [ -75.053400978939891, 41.741735550912864 ], [ -75.053222360341834, 41.742206952317858 ], [ -75.052858301746198, 41.743062542743964 ], [ -75.052722753316928, 41.74351911041402 ], [ -75.052652967478039, 41.743921766577131 ], [ -75.05264402324913, 41.744369326577861 ], [ -75.052643306850314, 41.744405144419005 ], [ -75.052678596971901, 41.744826110554868 ], [ -75.052793254649956, 41.745629466804317 ], [ -75.052916379370814, 41.746480554577431 ], [ -75.052997221132259, 41.747082086635096 ], [ -75.053061729845226, 41.747562082085793 ], [ -75.053090387196747, 41.748141513099526 ], [ -75.053085959829815, 41.748735626438616 ], [ -75.053085778937358, 41.748759863627271 ], [ -75.053050293143926, 41.749604555989698 ], [ -75.0530458588333, 41.749710111788218 ], [ -75.053008860709284, 41.750343545903952 ], [ -75.052952658130394, 41.751187830531649 ], [ -75.052951433174286, 41.751206239723089 ], [ -75.052969305813477, 41.75179324940278 ], [ -75.053042628666404, 41.752064499149085 ], [ -75.053196905731198, 41.752424881248302 ], [ -75.053376884500025, 41.752705834162725 ], [ -75.053634060074131, 41.753145599210967 ], [ -75.053832730276, 41.753526106638049 ], [ -75.054136439154107, 41.754021065533593 ], [ -75.054574973846215, 41.75466907412811 ], [ -75.054814654114054, 41.755015611785879 ], [ -75.055107882468363, 41.755347471480277 ], [ -75.055367633115011, 41.755619485677379 ], [ -75.055402107454924, 41.755655586436944 ], [ -75.055708898263148, 41.755916464256146 ], [ -75.056016453831219, 41.756153411838746 ], [ -75.056166926150652, 41.756355170177997 ], [ -75.056272989315843, 41.756603418344881 ], [ -75.056369057691313, 41.756986986017559 ], [ -75.056372873411121, 41.757002221371479 ], [ -75.05647541444894, 41.75733752958616 ], [ -75.0566660623346, 41.757841444948497 ], [ -75.057006862264089, 41.758555031761738 ], [ -75.057481190897406, 41.759366809515669 ], [ -75.058439732101931, 41.760933828269906 ], [ -75.058799614999046, 41.761522142331579 ], [ -75.059240072213299, 41.762274247269957 ], [ -75.059491572166991, 41.762703691029344 ], [ -75.059588431551219, 41.762841492691038 ], [ -75.059831453968215, 41.763187238539295 ], [ -75.060133662221347, 41.763558994943956 ], [ -75.060389159698175, 41.763778958748183 ], [ -75.060697661193316, 41.764000253148694 ], [ -75.060889363997504, 41.764226735475475 ], [ -75.061015734694067, 41.764499310575424 ], [ -75.061124807225909, 41.764676237287468 ], [ -75.061236527024761, 41.764789849312251 ], [ -75.061453479007866, 41.76492176763589 ], [ -75.061682002033891, 41.765030188983005 ], [ -75.062036014147338, 41.765173233688657 ], [ -75.062504968530504, 41.765358574919041 ], [ -75.062836957176671, 41.76552486818121 ], [ -75.06350854021612, 41.765929018413935 ], [ -75.064035073005016, 41.766269456002213 ], [ -75.064271697057379, 41.766422446173465 ], [ -75.064758399930199, 41.766687413835719 ], [ -75.065092853491493, 41.766790965157426 ], [ -75.065312530839947, 41.766858979603711 ], [ -75.06593091680233, 41.767016109897426 ], [ -75.066463745217604, 41.767081216486012 ], [ -75.067579550878946, 41.767183243980519 ], [ -75.068553778724166, 41.767321928164847 ], [ -75.069411657056619, 41.767527118415366 ], [ -75.069890295431236, 41.767677276326395 ], [ -75.070732940068766, 41.768005792949573 ], [ -75.071527878161262, 41.768240558174064 ], [ -75.072068754686015, 41.768384415544588 ], [ -75.072464303068102, 41.768548021763372 ], [ -75.072653000501518, 41.768685326471541 ], [ -75.072694489456438, 41.768715515214531 ], [ -75.072842134562222, 41.768888828662405 ], [ -75.073034369525701, 41.769225311059657 ], [ -75.073317668357859, 41.769857389877622 ], [ -75.073616127931487, 41.770373871020347 ], [ -75.074099190483807, 41.770910223527707 ], [ -75.074165407419258, 41.770956760644687 ], [ -75.074610438861029, 41.771269525244051 ], [ -75.075127779840429, 41.771482408761905 ], [ -75.075408361540354, 41.771563196314077 ], [ -75.075769985139218, 41.77166731740656 ], [ -75.076385791086594, 41.771743400908839 ], [ -75.07705553181421, 41.771766722322489 ], [ -75.077788664761158, 41.771752893386243 ], [ -75.078451151622957, 41.771698797087247 ], [ -75.079156471251807, 41.771607073039107 ], [ -75.079937552145466, 41.771432303933921 ], [ -75.081002682859463, 41.771125039795521 ], [ -75.082652286497904, 41.770653807094618 ], [ -75.083413431420766, 41.770463067319639 ], [ -75.084089117876914, 41.770339656766623 ], [ -75.084715147762054, 41.770168819929388 ], [ -75.08472585876514, 41.770164657089055 ], [ -75.085239541553207, 41.769965014642608 ], [ -75.08612872488365, 41.769668927271788 ], [ -75.087182177553373, 41.769392302365809 ], [ -75.089500842965947, 41.768952045623266 ], [ -75.092193034660085, 41.768466096144948 ], [ -75.092981839468678, 41.768352991490723 ], [ -75.093736953024404, 41.768301038730677 ], [ -75.094457477981877, 41.768340826244525 ], [ -75.095128675852948, 41.768430232895298 ], [ -75.095298831785186, 41.768452897686906 ], [ -75.096383949383082, 41.76865566308669 ], [ -75.097245228402002, 41.768783664909229 ], [ -75.097850177593173, 41.768874867176045 ], [ -75.098426139507581, 41.768919124835456 ], [ -75.099445509872339, 41.768965775341059 ], [ -75.099860662282026, 41.768992366092071 ], [ -75.100196624269785, 41.769013884118877 ], [ -75.100626953071554, 41.769085560664664 ], [ -75.100709493035666, 41.769113428149794 ], [ -75.101044206271268, 41.769226432792699 ], [ -75.101480430156442, 41.769406360940643 ], [ -75.101886912016866, 41.769605049325605 ], [ -75.101895023859129, 41.769609014231442 ], [ -75.102284938566243, 41.769911474156352 ], [ -75.102287110023624, 41.769913605087424 ], [ -75.102359853930935, 41.769984992155614 ], [ -75.102671685605173, 41.770291009608513 ], [ -75.102912956717532, 41.770575595053423 ], [ -75.103045560664825, 41.7707320030174 ], [ -75.103457499952924, 41.771251111268057 ], [ -75.103972652300598, 41.772019709300267 ], [ -75.104250372826428, 41.772543376434982 ], [ -75.104444543695621, 41.773088615894586 ], [ -75.104605297285389, 41.773694572017483 ], [ -75.104681614813245, 41.774097742373527 ], [ -75.104681689383014, 41.774098463767999 ], [ -75.10470971534761, 41.774369491026185 ], [ -75.104711232411915, 41.774384157577458 ], [ -75.104696270912953, 41.774532555578404 ], [ -75.104676280314919, 41.77473084263864 ], [ -75.10455074058973, 41.775021338780974 ], [ -75.104365746473732, 41.775256452390053 ], [ -75.104129295625953, 41.775490380180187 ], [ -75.103963467744052, 41.775756812070121 ], [ -75.103879158941311, 41.776048256379369 ], [ -75.103808583666904, 41.777012130516894 ], [ -75.103746301855907, 41.77803275196635 ], [ -75.103745068546516, 41.778052955815561 ], [ -75.103759582035551, 41.778454883458245 ], [ -75.103832827019261, 41.77877768272679 ], [ -75.103936670533244, 41.779098112429153 ], [ -75.103957338261139, 41.779161887705598 ], [ -75.104008463982453, 41.779425662260323 ], [ -75.104006937960264, 41.779686186989508 ], [ -75.104006745514823, 41.779719008718295 ], [ -75.103947733637341, 41.780150120626345 ], [ -75.103944073776589, 41.780166200553445 ], [ -75.103821849016441, 41.780703115452589 ], [ -75.103562983380712, 41.781724047830899 ], [ -75.103408727312114, 41.782214722911853 ], [ -75.103177448357997, 41.782819392983598 ], [ -75.102963990818765, 41.783493880583038 ], [ -75.10281486708206, 41.784108183884122 ], [ -75.102647450393263, 41.784915345946352 ], [ -75.102472995672485, 41.785644834830023 ], [ -75.102352481376386, 41.786066787053947 ], [ -75.102213508113351, 41.786434210040433 ], [ -75.101998260017112, 41.786900250687609 ], [ -75.101691629089288, 41.787580330416674 ], [ -75.101334996228289, 41.788220637922485 ], [ -75.101158210021467, 41.788474333545729 ], [ -75.100874225965214, 41.78888185811504 ], [ -75.100538210587402, 41.789275524298006 ], [ -75.099962079413757, 41.789733240246328 ], [ -75.099499850623744, 41.790082230299625 ], [ -75.098364371751018, 41.790939512226082 ], [ -75.096983538545629, 41.791888172498794 ], [ -75.096236002086755, 41.792496391286861 ], [ -75.096211614564425, 41.792520816160582 ], [ -75.095783870294525, 41.79294920749112 ], [ -75.095231567933496, 41.793577322467719 ], [ -75.094730757122235, 41.794158158716861 ], [ -75.094050119202791, 41.794947537497755 ], [ -75.093516428923621, 41.795622526363715 ], [ -75.093131948361389, 41.796184922461649 ], [ -75.092883322827973, 41.796457074407975 ], [ -75.092637557648089, 41.796659975083692 ], [ -75.092342239263687, 41.796815276218062 ], [ -75.091953642936318, 41.796976071693301 ], [ -75.091262882135865, 41.797207204057187 ], [ -75.090617811338149, 41.797389863866748 ], [ -75.090531946244042, 41.797414177468703 ], [ -75.090425378247332, 41.797435178322196 ], [ -75.089960032158515, 41.797526882600707 ], [ -75.08986601455527, 41.797545410596683 ], [ -75.089752275954851, 41.797561280651486 ], [ -75.089201432640564, 41.797638141158728 ], [ -75.089031541238342, 41.797654718802455 ], [ -75.088496792658091, 41.79770689512543 ], [ -75.087939030561429, 41.797717021256133 ], [ -75.087332345525382, 41.79766443562032 ], [ -75.086654869967703, 41.797571406595303 ], [ -75.086042321531096, 41.797410560007705 ], [ -75.085512473027038, 41.797243886851625 ], [ -75.085205309800656, 41.797130065022635 ], [ -75.08420115112277, 41.796757958503655 ], [ -75.083383847810595, 41.796553819518401 ], [ -75.08271556549154, 41.796492037330538 ], [ -75.08213744535081, 41.796494011236788 ], [ -75.0814108495547, 41.796592999123888 ], [ -75.080622120938884, 41.796698192218003 ], [ -75.079727640776724, 41.796862767044232 ], [ -75.079069990094268, 41.797040491673194 ], [ -75.078471061863624, 41.797296817834301 ], [ -75.077984690801713, 41.797578983912118 ], [ -75.077261520546983, 41.798087268347381 ], [ -75.076675240983064, 41.798536887189023 ], [ -75.076096287884042, 41.79905617167028 ], [ -75.075652259850258, 41.799555457182663 ], [ -75.075312176603518, 41.800041676666254 ], [ -75.07495603887277, 41.800658954446448 ], [ -75.074637224935017, 41.801377204778028 ], [ -75.074211668899693, 41.802178129741755 ], [ -75.073818824781696, 41.802933363927679 ], [ -75.073550032998668, 41.803431785170908 ], [ -75.073259531723309, 41.803970451046418 ], [ -75.072939589351463, 41.804711985409504 ], [ -75.072727974730356, 41.805332532541449 ], [ -75.072514554173537, 41.805999217671946 ], [ -75.072342978681078, 41.806643922393292 ], [ -75.072191892238379, 41.807296666143614 ], [ -75.072119195749039, 41.807804589615472 ], [ -75.07203962732828, 41.808474484216887 ], [ -75.071991354270665, 41.808890342776799 ], [ -75.07191847794347, 41.809151150042339 ], [ -75.07182567584222, 41.809396099434338 ], [ -75.071717061441561, 41.809771932538602 ], [ -75.071590825347755, 41.810324969633186 ], [ -75.071531883574593, 41.810748231034154 ], [ -75.071509954236447, 41.81127423879952 ], [ -75.071508727667947, 41.811303670718559 ], [ -75.071542850386535, 41.811721269950759 ], [ -75.071580679484256, 41.812301266870449 ], [ -75.071643253745322, 41.812781554734812 ], [ -75.071768629531618, 41.813239991148819 ], [ -75.07197729081031, 41.813684883708767 ], [ -75.07224778082103, 41.814131307798924 ], [ -75.072604849215537, 41.814479462847459 ], [ -75.072915907672311, 41.814695112186982 ], [ -75.073350746562653, 41.814913734162346 ], [ -75.073818432776221, 41.815086758172548 ], [ -75.074360346812199, 41.815215146906091 ], [ -75.074759590702044, 41.815294030107282 ], [ -75.075530947315926, 41.815366090071166 ], [ -75.075762002139811, 41.815371492507225 ], [ -75.075855022002372, 41.815373667547924 ], [ -75.076376726561136, 41.815385863149828 ], [ -75.077161842494675, 41.815373250222308 ], [ -75.078063081849578, 41.815301577318678 ], [ -75.078768883746832, 41.815209870348127 ], [ -75.079362007324406, 41.815100146466015 ], [ -75.080229031470822, 41.814857789338511 ], [ -75.080911926264918, 41.814572438286909 ], [ -75.081576798260855, 41.814225089354395 ], [ -75.082076954568379, 41.813865990393545 ], [ -75.082833946536041, 41.813288964655491 ], [ -75.083167732444267, 41.813035067652393 ], [ -75.083484074467208, 41.812794436090797 ], [ -75.084173837309208, 41.81233971166283 ], [ -75.084480746447255, 41.812164990885748 ], [ -75.084480787350344, 41.812164967437567 ], [ -75.084734186346367, 41.812020707234829 ], [ -75.085043583057526, 41.811885794785979 ], [ -75.08515465396431, 41.811837361327242 ], [ -75.08557267328753, 41.811715891733549 ], [ -75.08603929888038, 41.811664954677951 ], [ -75.087713849022393, 41.811618693077762 ], [ -75.087861601604359, 41.811619955527931 ], [ -75.088766275065879, 41.811627678837326 ], [ -75.089497625689162, 41.811667749894589 ], [ -75.089553978575651, 41.81167249317766 ], [ -75.0898782155395, 41.811699786846937 ], [ -75.090246031525922, 41.811793192507857 ], [ -75.090372608928391, 41.811845216291353 ], [ -75.090763626168666, 41.812005922776606 ], [ -75.091522833288678, 41.812370977850357 ], [ -75.093278822232762, 41.813345846107033 ], [ -75.094699777214473, 41.814189435410853 ], [ -75.095637507380061, 41.814728550931825 ], [ -75.096319059075569, 41.815223033595238 ], [ -75.096878232751479, 41.815683808732729 ], [ -75.097681512500188, 41.816482219286947 ], [ -75.09843853824384, 41.817156046241841 ], [ -75.099192481550318, 41.817899114439349 ], [ -75.099649434187413, 41.818334382539909 ], [ -75.100120871498703, 41.818669696831719 ], [ -75.100564711064791, 41.818926863804428 ], [ -75.101011682997267, 41.819099389779829 ], [ -75.101378284039228, 41.819223610438137 ], [ -75.101745840860119, 41.81932471544048 ], [ -75.102094097143492, 41.819394496736194 ], [ -75.102474104836787, 41.819441873588808 ], [ -75.102896134956097, 41.819474732877303 ], [ -75.103263246458184, 41.819529356654634 ], [ -75.103388630417186, 41.819548012555337 ], [ -75.103888936521543, 41.819683046414866 ], [ -75.105060317603204, 41.820072807904289 ], [ -75.105741930386486, 41.820320214044365 ], [ -75.106878154143672, 41.82080988266523 ], [ -75.107686257212947, 41.821133426702936 ], [ -75.108330690159875, 41.821391434541731 ], [ -75.109085347811245, 41.821617274805639 ], [ -75.109668333418895, 41.821754183718909 ], [ -75.110764539710885, 41.821964724907076 ], [ -75.111728661410623, 41.822132092288157 ], [ -75.111840892047127, 41.822151574079719 ], [ -75.112310949468949, 41.822270482705562 ], [ -75.112677467704373, 41.822394755574138 ], [ -75.11301941555071, 41.822618838490889 ], [ -75.113276940961185, 41.822887163811693 ], [ -75.113501833742518, 41.82319363097249 ], [ -75.113788586694284, 41.823756280350381 ], [ -75.114031745427781, 41.824371852899063 ], [ -75.1140498784345, 41.824427188861094 ], [ -75.114215286507218, 41.824931952763976 ], [ -75.114370326025067, 41.825429553580165 ], [ -75.114509214710452, 41.825818937451892 ], [ -75.114774396300035, 41.82637452975635 ], [ -75.114870618544415, 41.826576125053201 ], [ -75.115015943141685, 41.827058287669068 ], [ -75.115067704969547, 41.827540337564756 ], [ -75.11506830994621, 41.827545971698598 ], [ -75.115066936839725, 41.827579435646882 ], [ -75.115052168365096, 41.827939360429568 ], [ -75.114937436864551, 41.828469573109139 ], [ -75.114811840638254, 41.829015020907526 ], [ -75.114715593635253, 41.829599490573926 ], [ -75.114648117370649, 41.830231161943203 ], [ -75.114529793022101, 41.831101037097305 ], [ -75.114475989494792, 41.831363668900217 ], [ -75.114400712775179, 41.831731115891188 ], [ -75.114076554050627, 41.83283554825725 ], [ -75.113843036496476, 41.83374148960845 ], [ -75.113559725665439, 41.834607396959235 ], [ -75.113311033545983, 41.835458592552961 ], [ -75.113295271886571, 41.835512537062158 ], [ -75.113221699629108, 41.835796489850956 ], [ -75.113144518570152, 41.836165341793809 ], [ -75.113095218008169, 41.836611977922104 ], [ -75.113087827486837, 41.837023637590669 ], [ -75.113087178211615, 41.837059839752641 ], [ -75.113163580709383, 41.837964969127995 ], [ -75.113203694867281, 41.838498552706149 ], [ -75.113208147589646, 41.838647498453618 ], [ -75.113255905073189, 41.840244837376126 ], [ -75.113313378436061, 41.84132420287758 ], [ -75.113331653803996, 41.841667400558933 ], [ -75.113354604291786, 41.841814880554104 ], [ -75.11336215904079, 41.841863425772772 ], [ -75.113405225380561, 41.842140176550473 ], [ -75.113465791759893, 41.842291144672167 ], [ -75.113545856151433, 41.842490710103064 ], [ -75.113700391654689, 41.842749109692036 ], [ -75.113908971298358, 41.842946993872658 ], [ -75.114116447602271, 41.843183471582712 ], [ -75.114301405858981, 41.843457962473963 ], [ -75.114502631935224, 41.843830565338742 ], [ -75.114512540601581, 41.843848911546267 ], [ -75.114745764291683, 41.844209490252695 ], [ -75.114982748702289, 41.844469779054478 ], [ -75.115323870021854, 41.84471697127794 ], [ -75.115900683744755, 41.845066810820285 ], [ -75.1159588069346, 41.845102062843992 ], [ -75.116595210154415, 41.84544865385525 ], [ -75.11734808227196, 41.845728413618289 ], [ -75.117969417090919, 41.845943398924696 ], [ -75.118645296818627, 41.846082751170584 ], [ -75.119384560701477, 41.846192313478362 ], [ -75.120116836679671, 41.846216729731537 ], [ -75.120903512397234, 41.846180630603591 ], [ -75.121763297891391, 41.846115411237335 ], [ -75.122146818270849, 41.846061987565307 ], [ -75.122667004942542, 41.845989523848068 ], [ -75.123531324458952, 41.845816367433407 ], [ -75.123890729305657, 41.84572525194546 ], [ -75.124230650408506, 41.845639074178628 ], [ -75.124836729308853, 41.845467747848183 ], [ -75.125332639406963, 41.845343216886754 ], [ -75.12540026637167, 41.845326234404027 ], [ -75.126223412650575, 41.84515202723491 ], [ -75.126919121966182, 41.84505988549865 ], [ -75.127602718189166, 41.845013554939911 ], [ -75.128818121488763, 41.845019680309782 ], [ -75.128903935969021, 41.845020111839865 ], [ -75.129820437791892, 41.845087559152297 ], [ -75.130418609611269, 41.845157269605039 ], [ -75.130478291441449, 41.84516422541099 ], [ -75.130805080513213, 41.845225794233578 ], [ -75.130990897114913, 41.845260803087314 ], [ -75.131368678192075, 41.845369879425846 ], [ -75.131537294810443, 41.845460963361084 ], [ -75.131712140378312, 41.845555411190276 ], [ -75.131993238909132, 41.845754825697512 ], [ -75.132349029161247, 41.846149128695131 ], [ -75.132731987966139, 41.846636503562095 ], [ -75.133068659717836, 41.846991749897988 ], [ -75.133747375666701, 41.847570748685854 ], [ -75.134489648173854, 41.848112840669536 ], [ -75.134990530190166, 41.848494865458441 ], [ -75.135573668649059, 41.848886501315491 ], [ -75.136290069903765, 41.849304391574293 ], [ -75.137689338129604, 41.85020106292329 ], [ -75.138473909514261, 41.850720685221511 ], [ -75.138742185133211, 41.850981637217259 ], [ -75.138998351970372, 41.851288584347891 ], [ -75.13928407899364, 41.851627081338847 ], [ -75.139563654049468, 41.851865151857609 ], [ -75.139876048655651, 41.852057605918986 ], [ -75.140232636094282, 41.852173643799198 ], [ -75.140561349345987, 41.85221972929196 ], [ -75.140585104591693, 41.852220273957336 ], [ -75.140974197696252, 41.852229195745579 ], [ -75.141237318571342, 41.8522176706146 ], [ -75.141439824071284, 41.852208800917978 ], [ -75.142047778526916, 41.852136901563505 ], [ -75.143091230241637, 41.851991431141585 ], [ -75.14410045060869, 41.851813576563231 ], [ -75.144954873408238, 41.851632292309226 ], [ -75.145439078108652, 41.851504725270019 ], [ -75.145602364640951, 41.851461705901471 ], [ -75.14629340577369, 41.851230166538514 ], [ -75.147060528000424, 41.850907894602202 ], [ -75.148291150628097, 41.850364575271577 ], [ -75.14995120188145, 41.84967630316045 ], [ -75.151504389534708, 41.849070571053467 ], [ -75.152090164226436, 41.84889080993527 ], [ -75.152612393201593, 41.848748138736568 ], [ -75.153268502033569, 41.848616322745542 ], [ -75.154047406287944, 41.848510324192617 ], [ -75.154679811546643, 41.848455114015323 ], [ -75.155382434637971, 41.848447938273338 ], [ -75.156207353007048, 41.848481957978493 ], [ -75.156814067890167, 41.848549667468511 ], [ -75.157655326702368, 41.848692164215898 ], [ -75.158728326750207, 41.848978966703513 ], [ -75.159748889444501, 41.849287712557917 ], [ -75.161144715790002, 41.8497669473714 ], [ -75.161671764399614, 41.849987742233118 ], [ -75.162099457953218, 41.850166912638727 ], [ -75.16287928030485, 41.850555099318079 ], [ -75.163484124832053, 41.850923857897044 ], [ -75.163965241022339, 41.851289827591614 ], [ -75.16438144859876, 41.851724012726372 ], [ -75.164814763346484, 41.852251034672697 ], [ -75.164894723764334, 41.852356250150535 ], [ -75.165226755111178, 41.852793149641684 ], [ -75.165498048137394, 41.853239283975405 ], [ -75.165674241414351, 41.853737382316318 ], [ -75.165800781517021, 41.854188091108227 ], [ -75.165944981621706, 41.854708875754 ], [ -75.166221982470901, 41.85527081599102 ], [ -75.166396959875129, 41.855545089064385 ], [ -75.166594270163998, 41.855773412338806 ], [ -75.166842097738197, 41.856033839908655 ], [ -75.167090424608318, 41.856278883337879 ], [ -75.167297905521934, 41.856515086015143 ], [ -75.167482194630566, 41.856812613106271 ], [ -75.168055446241539, 41.857968335822463 ], [ -75.168325637603743, 41.858700261271892 ], [ -75.168511709093195, 41.859468735082849 ], [ -75.168576401482156, 41.859918051248805 ], [ -75.168601821274549, 41.860277277807988 ], [ -75.168602669643349, 41.860289264724315 ], [ -75.168571826186238, 41.860798189876007 ], [ -75.168460471674379, 41.86176865292223 ], [ -75.168395874992754, 41.862601170738806 ], [ -75.168357073755686, 41.863310667968165 ], [ -75.168164039894521, 41.864510922664351 ], [ -75.168079905167218, 41.865319684957569 ], [ -75.16794242402554, 41.866420812565053 ], [ -75.167919021696662, 41.867002054910294 ], [ -75.16791788232301, 41.867030344461462 ], [ -75.167949844110055, 41.867517454234509 ], [ -75.168086570212907, 41.868230895657071 ], [ -75.168175456452573, 41.868588212200656 ], [ -75.168275638917095, 41.868922377056755 ], [ -75.168424366948656, 41.869334871818268 ], [ -75.168616870204204, 41.869686775039327 ], [ -75.168862272428399, 41.870008898201888 ], [ -75.168959017523235, 41.870126452263435 ], [ -75.169315397903659, 41.870559483800584 ], [ -75.169761274932171, 41.871032845292163 ], [ -75.170141130921323, 41.871350153507123 ], [ -75.170838846852078, 41.871728700404624 ], [ -75.171510586162881, 41.871983240191092 ], [ -75.171923506679875, 41.87211351236698 ], [ -75.172459514902073, 41.872282615124206 ], [ -75.173267884074122, 41.872478274047388 ], [ -75.174088900594867, 41.872620197472123 ], [ -75.174696471693323, 41.87267261894872 ], [ -75.175297109001875, 41.87263963030324 ], [ -75.175374720815441, 41.872630064516052 ], [ -75.175826735135416, 41.872574350465264 ], [ -75.176318347777297, 41.872423234395285 ], [ -75.17655112531456, 41.872289454514672 ], [ -75.176744027410663, 41.872116251240492 ], [ -75.17700432686587, 41.871813123340836 ], [ -75.177230525717889, 41.871578909451692 ], [ -75.177583643231614, 41.871278039973078 ], [ -75.178032377039898, 41.870909721911701 ], [ -75.17835535387789, 41.870584949289508 ], [ -75.178771133266636, 41.870007398605217 ], [ -75.179301214624957, 41.869154593700564 ], [ -75.179546960046792, 41.868696836465048 ], [ -75.179719107183487, 41.868268308567714 ], [ -75.179901146823738, 41.867592891054187 ], [ -75.180228773606075, 41.866372580297281 ], [ -75.180511777674738, 41.865498759108775 ], [ -75.180823368647992, 41.864687151217034 ], [ -75.181294775585144, 41.863748042850027 ], [ -75.181703953859, 41.863077699745531 ], [ -75.182179882154259, 41.862387752056719 ], [ -75.182186467434065, 41.862378206027813 ], [ -75.182729236125738, 41.861726328301131 ], [ -75.183343485661425, 41.861091528891919 ], [ -75.183942126550406, 41.860587540967096 ], [ -75.184533969986774, 41.860253271188 ], [ -75.185045987760247, 41.860110224212988 ], [ -75.185357767194205, 41.860063171195129 ], [ -75.185729261563139, 41.860071553617914 ], [ -75.186068523962049, 41.860117655645681 ], [ -75.186784277263129, 41.860303410087788 ], [ -75.187555741718086, 41.860644972819522 ], [ -75.188465020957196, 41.861159385914519 ], [ -75.189136794791992, 41.861668497078796 ], [ -75.189596009504797, 41.862072492898221 ], [ -75.189941889260112, 41.862466308322063 ], [ -75.190176710338079, 41.862795893034424 ], [ -75.19039779930965, 41.863209972815078 ], [ -75.190703210105156, 41.863842165895193 ], [ -75.190819070580673, 41.864104447344879 ], [ -75.190930647389962, 41.864357030878011 ], [ -75.191161361701859, 41.864786808265563 ], [ -75.191366410779537, 41.865040929021191 ], [ -75.191446805671703, 41.865140563286694 ], [ -75.191815577140048, 41.865480779812771 ], [ -75.192344480565154, 41.865948251781944 ], [ -75.192837333685915, 41.8662834852637 ], [ -75.193443226756543, 41.866636716549642 ], [ -75.194237873455876, 41.867179411130067 ], [ -75.194903938046025, 41.867580424200007 ], [ -75.195410121011321, 41.867838794411924 ], [ -75.19610005536569, 41.868155170062522 ], [ -75.196842376380673, 41.868457402859939 ], [ -75.197330445015581, 41.868653515813619 ], [ -75.198003305372112, 41.868884609768351 ], [ -75.198647130899275, 41.869061131445662 ], [ -75.199170130915917, 41.869157906941574 ], [ -75.199829041175391, 41.869218897157751 ], [ -75.200529740542095, 41.869265417661225 ], [ -75.201015693060981, 41.869260537576679 ], [ -75.20120127091451, 41.869246497861702 ], [ -75.20140948540282, 41.869230744675733 ], [ -75.201792618305745, 41.869208365593387 ], [ -75.202266549452759, 41.869242193038311 ], [ -75.202717143869137, 41.869344728976614 ], [ -75.203287034158109, 41.869565767057885 ], [ -75.203712165267206, 41.869774069453868 ], [ -75.203732909385238, 41.86978423293364 ], [ -75.204090250084789, 41.869892528427393 ], [ -75.204636551372005, 41.869927860311357 ], [ -75.205576347965533, 41.86994093699974 ], [ -75.206466629479351, 41.869898986512844 ], [ -75.207319290181147, 41.869763383301894 ], [ -75.208069065815266, 41.869617844587161 ], [ -75.209568794839711, 41.869319015243832 ], [ -75.210038982065825, 41.869182764195742 ], [ -75.210268248149106, 41.869092031024039 ], [ -75.21056895582042, 41.868973024475828 ], [ -75.211316064900117, 41.868626564953622 ], [ -75.212072230698382, 41.868319009714078 ], [ -75.213026531181896, 41.867961811875325 ], [ -75.213643861922634, 41.867766949946486 ], [ -75.214311617067878, 41.867604165851901 ], [ -75.214781296567992, 41.867483189069425 ], [ -75.215024209079758, 41.867349553567102 ], [ -75.215409286188887, 41.867018393342398 ], [ -75.215775605594786, 41.866640366475664 ], [ -75.216171493842424, 41.86620010563324 ], [ -75.216272574247853, 41.866087695123326 ], [ -75.216804375343841, 41.865443065010005 ], [ -75.217207280403144, 41.864919282744211 ], [ -75.217505480233498, 41.864431810419468 ], [ -75.218139123812406, 41.86320363454346 ], [ -75.21827752850065, 41.86293536028257 ], [ -75.218705683796117, 41.862296178882247 ], [ -75.219089489516392, 41.861733348869528 ], [ -75.219575854153419, 41.861188080358929 ], [ -75.219774732376607, 41.860990973520948 ], [ -75.22017785857102, 41.860591431738285 ], [ -75.220968773006632, 41.859921519423892 ], [ -75.22162118332588, 41.85935676127599 ], [ -75.222260428225781, 41.858868949930482 ], [ -75.222679269848442, 41.858461357198664 ], [ -75.222830412812144, 41.858294808710248 ], [ -75.223015351377256, 41.858059415137092 ], [ -75.223165582546784, 41.857915981432477 ], [ -75.223334809434732, 41.857819418444066 ], [ -75.223522867056687, 41.857761707582398 ], [ -75.223793136923589, 41.857721289791598 ], [ -75.224083863576439, 41.857681499765626 ], [ -75.224480129667199, 41.85758974651938 ], [ -75.224963380333278, 41.857537892290324 ], [ -75.225360601253627, 41.857532038194556 ], [ -75.225700731102606, 41.857547164780371 ], [ -75.225959195831507, 41.85757874720742 ], [ -75.226163330338863, 41.857603689892514 ], [ -75.22660200831011, 41.857744580083242 ], [ -75.226857664867651, 41.857863140098587 ], [ -75.226916633798481, 41.857890486498064 ], [ -75.227179196746505, 41.858042899831702 ], [ -75.227583487228742, 41.858267922717381 ], [ -75.227986804929898, 41.858523891046957 ], [ -75.228696819846135, 41.859118594542473 ], [ -75.228899636857463, 41.859215679197213 ], [ -75.229062231968854, 41.859231523288109 ], [ -75.229208463623394, 41.859245772262298 ], [ -75.229673993236062, 41.859225018136193 ], [ -75.230656444055981, 41.859200205165493 ], [ -75.231007355148179, 41.859207989793894 ], [ -75.231253162069066, 41.859259741350357 ], [ -75.231526697105977, 41.859396991949346 ], [ -75.231757428188615, 41.859571923893355 ], [ -75.231890193893491, 41.859683949197553 ], [ -75.232067414154855, 41.859833483752986 ], [ -75.2325160119847, 41.860119709487485 ], [ -75.232581431628716, 41.860161450012761 ], [ -75.233449172517481, 41.860689902890165 ], [ -75.234231002737502, 41.861301719122437 ], [ -75.234740816470051, 41.861737431664139 ], [ -75.235587530939299, 41.86253583735531 ], [ -75.236142051443764, 41.863150228418085 ], [ -75.23648587578937, 41.863628513759494 ], [ -75.236514322362268, 41.863668084527184 ], [ -75.236760234147312, 41.863982153724308 ], [ -75.237028962817988, 41.864242887927851 ], [ -75.237115097471161, 41.864308489125548 ], [ -75.237289880611613, 41.864441605495429 ], [ -75.237794395717856, 41.864746114766412 ], [ -75.238066150955206, 41.864929763033267 ], [ -75.238255021471488, 41.86511915967683 ], [ -75.238470905771663, 41.86540952368339 ], [ -75.238659170436634, 41.865614480272036 ], [ -75.238930755128308, 41.86580568448133 ], [ -75.23928499551451, 41.865990953267094 ], [ -75.239891441967799, 41.86633630043449 ], [ -75.240334106353103, 41.866639267640899 ], [ -75.240554745331281, 41.866840540667809 ], [ -75.240733174660548, 41.867003306413764 ], [ -75.240913819422744, 41.867138415244767 ], [ -75.241147020252015, 41.867251536668654 ], [ -75.241455593520854, 41.867289243199238 ], [ -75.241869343886265, 41.867275051447407 ], [ -75.242122904952481, 41.867227870611117 ], [ -75.24272279139187, 41.867116245035966 ], [ -75.243100195661412, 41.866977564275672 ], [ -75.243729174392712, 41.86666514569 ], [ -75.244038054545982, 41.866511720684251 ], [ -75.244493593040204, 41.866220439734832 ], [ -75.24491890427791, 41.865913192804243 ], [ -75.245604517820382, 41.865287266172281 ], [ -75.245830299906288, 41.865084827465566 ], [ -75.246974922627672, 41.864058518352437 ], [ -75.248103653260969, 41.863195115907835 ], [ -75.248793060923191, 41.862739126005827 ], [ -75.249476919152897, 41.862422097551658 ], [ -75.250001450783927, 41.862217187252526 ], [ -75.250533619487825, 41.862082118821093 ], [ -75.25098079610909, 41.862006955570536 ], [ -75.251466743515635, 41.861994298977649 ], [ -75.251858669704461, 41.862010474898511 ], [ -75.252733351781984, 41.862099079786589 ], [ -75.253555820848405, 41.862173107581953 ], [ -75.253752622813423, 41.862190819991255 ], [ -75.254258800926834, 41.862193985105215 ], [ -75.254323512330743, 41.86218516100363 ], [ -75.254746844927951, 41.862127437172013 ], [ -75.255380976208983, 41.862025438313708 ], [ -75.256077408735266, 41.861916957122766 ], [ -75.256605245175351, 41.861889794199627 ], [ -75.257110812581033, 41.861908598455898 ], [ -75.257584123758846, 41.861957488244023 ], [ -75.257962099118672, 41.86206606354235 ], [ -75.258315592133116, 41.862274483424621 ], [ -75.258716840815296, 41.862584313823056 ], [ -75.258790269972849, 41.862650055290558 ], [ -75.259256085429868, 41.863067098404983 ], [ -75.259707250862689, 41.863416627486401 ], [ -75.260114507503133, 41.863688623994797 ], [ -75.260412172163413, 41.863887423751038 ], [ -75.261020683985549, 41.864448852066992 ], [ -75.261590489414317, 41.864939849579279 ], [ -75.261827004527632, 41.865238448593352 ], [ -75.262033540415231, 41.865505430241171 ], [ -75.262123752795546, 41.865689195985716 ], [ -75.262129354173865, 41.865700604811721 ], [ -75.262491325976939, 41.866225627884582 ], [ -75.262616467576422, 41.866460057172098 ], [ -75.262721022742298, 41.866694040731026 ], [ -75.262854974795474, 41.866974752984888 ], [ -75.262970965054649, 41.86717801652366 ], [ -75.263162034338649, 41.867430071954679 ], [ -75.263167449866117, 41.867437215500594 ], [ -75.263601371872753, 41.867971714566821 ], [ -75.263865744061903, 41.868347971810202 ], [ -75.26404901631058, 41.868683944362026 ], [ -75.264207687682983, 41.869119939470927 ], [ -75.264295442093115, 41.869523342288417 ], [ -75.264312459780712, 41.869861623387486 ], [ -75.26431293354554, 41.869871030865156 ], [ -75.264299471262021, 41.870218319596646 ], [ -75.264226819470551, 41.870494648838722 ], [ -75.264072041040663, 41.870753898031815 ], [ -75.263714066960816, 41.87119392659595 ], [ -75.2636067010327, 41.871301536649234 ], [ -75.263208783659749, 41.871700353420195 ], [ -75.262704512058249, 41.872183573099072 ], [ -75.262255659642165, 41.872567615575562 ], [ -75.261682179146845, 41.872964440927035 ], [ -75.260814317544728, 41.873493880044748 ], [ -75.260126795572845, 41.873903620142322 ], [ -75.259621597815183, 41.874139692716625 ], [ -75.259050003185791, 41.874490273786584 ], [ -75.258315456423077, 41.875045811124153 ], [ -75.258036864490435, 41.875302185221329 ], [ -75.257756343380564, 41.875605059042002 ], [ -75.257571000539031, 41.875855893309634 ], [ -75.257458506377233, 41.876092824027673 ], [ -75.257409795292872, 41.876321504616406 ], [ -75.25740779154583, 41.876330914963376 ], [ -75.257419801575978, 41.876555153259147 ], [ -75.257460483924859, 41.876841679903336 ], [ -75.257552155658658, 41.877137234135517 ], [ -75.257685263009265, 41.877433417664513 ], [ -75.257865643644891, 41.8778466659017 ], [ -75.258025821072181, 41.878243846864635 ], [ -75.25803525650943, 41.878267242572861 ], [ -75.258232151185709, 41.878789056745212 ], [ -75.258351784005413, 41.879231295031524 ], [ -75.258593502771333, 41.88012482558824 ], [ -75.258788793455679, 41.88068504382931 ], [ -75.259277208546678, 41.88167634696164 ], [ -75.259343814410585, 41.881817486025916 ], [ -75.259582774958645, 41.882323845878396 ], [ -75.259853641683634, 41.882817485590422 ], [ -75.259891523216837, 41.88288652197803 ], [ -75.260164789089572, 41.883301600509583 ], [ -75.26044195406854, 41.883616386452829 ], [ -75.260646121320448, 41.883783471208858 ], [ -75.260742408538761, 41.883862269646478 ], [ -75.261086557571574, 41.884047612315264 ], [ -75.261645222967744, 41.884298996237355 ], [ -75.262658330836175, 41.884822817215195 ], [ -75.263114571483868, 41.885048930701664 ], [ -75.263522267656754, 41.885196661877302 ], [ -75.263972764909852, 41.885306877923107 ], [ -75.264516719462378, 41.88540354055192 ], [ -75.265400300898506, 41.885538514907495 ], [ -75.266170025321728, 41.88567858307399 ], [ -75.266866879832534, 41.885832914734252 ], [ -75.267633796207122, 41.88604249977076 ], [ -75.268361320729184, 41.886204956997737 ], [ -75.269223610970599, 41.886354836354528 ], [ -75.26996162071336, 41.886517510139903 ], [ -75.270410111324438, 41.88667383952312 ], [ -75.270754913014002, 41.886843413022817 ], [ -75.270789752807914, 41.886870981860632 ], [ -75.271015724817815, 41.887049793800315 ], [ -75.271183142201991, 41.887261900431348 ], [ -75.271359542463273, 41.887512910417648 ], [ -75.27148326521278, 41.887785829489758 ], [ -75.271568771935492, 41.888040268504163 ], [ -75.271585200734393, 41.888089155669583 ], [ -75.27168516770088, 41.888446543604992 ], [ -75.271783824542837, 41.888834691059486 ], [ -75.271860794925388, 41.889254295661068 ], [ -75.271869141040014, 41.889299791022111 ], [ -75.271938497442235, 41.889578557544695 ], [ -75.272039087275402, 41.889982861078686 ], [ -75.272045887898315, 41.890040763387105 ], [ -75.272179105380417, 41.891174996514231 ], [ -75.272327990104628, 41.892406032599965 ], [ -75.272460250612824, 41.893265904917044 ], [ -75.272570143121968, 41.893893755729529 ], [ -75.27268616403056, 41.894637507818608 ], [ -75.272781257197039, 41.89511821114548 ], [ -75.272844280305861, 41.895358940758371 ], [ -75.27292771813849, 41.895607944112264 ], [ -75.273012237188325, 41.895825911824033 ], [ -75.273053650677113, 41.896042303095328 ], [ -75.273055262161719, 41.896050726945226 ], [ -75.273034759109862, 41.896312881359272 ], [ -75.272973359251125, 41.896566412575886 ], [ -75.272869033505799, 41.896857548346887 ], [ -75.272712437793103, 41.897162949755597 ], [ -75.272440394210918, 41.89752014478168 ], [ -75.272138231903014, 41.897845542600301 ], [ -75.271411199818957, 41.898470640315089 ], [ -75.27032202067646, 41.899365996481563 ], [ -75.269572138363657, 41.900044783481611 ], [ -75.268906489761747, 41.900686764609219 ], [ -75.268346635316107, 41.901261529895706 ], [ -75.267999349145299, 41.901686315864808 ], [ -75.267715589110722, 41.902073944587855 ], [ -75.267471649669446, 41.902501052165533 ], [ -75.26735734622001, 41.902784314120609 ], [ -75.267296095326216, 41.903030103034624 ], [ -75.267247189582989, 41.903492394071804 ], [ -75.267206330164171, 41.904278941136361 ], [ -75.267180489137161, 41.905077388056469 ], [ -75.267179516189401, 41.905107472152864 ], [ -75.267212112876493, 41.905594660007154 ], [ -75.267275615519296, 41.906090168421663 ], [ -75.267358940843806, 41.906609330210948 ], [ -75.26748448467761, 41.907106269247507 ], [ -75.267603741081118, 41.907494864616034 ], [ -75.267733952777164, 41.907868392932393 ], [ -75.267983479719319, 41.908367830681478 ], [ -75.268264144387089, 41.908860377857657 ], [ -75.268661907821894, 41.909533070100942 ], [ -75.26889072422486, 41.910032057903841 ], [ -75.269247893436741, 41.910688477669574 ], [ -75.269627947086548, 41.911283453990812 ], [ -75.270065398413379, 41.912003179535098 ], [ -75.270484816769837, 41.912653196280175 ], [ -75.270880532168704, 41.913379940360052 ], [ -75.271246912853869, 41.914067249387145 ], [ -75.271628198471532, 41.914631368446493 ], [ -75.271953650828451, 41.915039891922156 ], [ -75.272508829935461, 41.915654120472695 ], [ -75.272953377922377, 41.91618881185105 ], [ -75.273297064025328, 41.916659479924448 ], [ -75.273520347494369, 41.917034918612373 ], [ -75.273693129202712, 41.91737856977948 ], [ -75.273854009748646, 41.917768055760661 ], [ -75.274010561660276, 41.917995136959647 ], [ -75.274339618255681, 41.918311278432377 ], [ -75.274586502045011, 41.918609983788947 ], [ -75.27477293868678, 41.918868945813955 ], [ -75.274967660807022, 41.919181920279442 ], [ -75.275200431050308, 41.919580695501288 ], [ -75.275425822917327, 41.91990216109027 ], [ -75.275567263246259, 41.920067944638753 ], [ -75.27561376091613, 41.920122444765511 ], [ -75.275866546706823, 41.920537134142783 ], [ -75.276039181323767, 41.920888250333022 ], [ -75.276171854104433, 41.921199975735 ], [ -75.276189111737907, 41.921257865838186 ], [ -75.276259611009678, 41.921494349393967 ], [ -75.276332681078259, 41.921685061461574 ], [ -75.276413726695452, 41.921825441507465 ], [ -75.276466261015401, 41.921911753094555 ], [ -75.276541757791776, 41.92203579099391 ], [ -75.276632780976811, 41.922236341850649 ], [ -75.276720901112839, 41.922515148712584 ], [ -75.276800140344363, 41.922867764027494 ], [ -75.276829120026818, 41.923075980399155 ], [ -75.276828555442052, 41.923223536189148 ], [ -75.276828430878368, 41.923256100492061 ], [ -75.276825644588556, 41.923279450073458 ], [ -75.276802590599075, 41.923472621754826 ], [ -75.276800965835406, 41.923486237613155 ], [ -75.276807729847647, 41.923629519123338 ], [ -75.276830022706534, 41.923697455734484 ], [ -75.276851968532327, 41.923764335781591 ], [ -75.276873994567097, 41.923929818212287 ], [ -75.276875990240526, 41.923944808781563 ], [ -75.276857697794156, 41.924096733248909 ], [ -75.276796972991193, 41.924229379224194 ], [ -75.276730822409661, 41.924344828094355 ], [ -75.276675144318489, 41.924441999461045 ], [ -75.276572194282764, 41.924702918855992 ], [ -75.276505287630002, 41.924992341562763 ], [ -75.27646843402141, 41.925483415672062 ], [ -75.276467238814192, 41.925499339823475 ], [ -75.276490474331752, 41.926240007192739 ], [ -75.276550884530224, 41.927076717805086 ], [ -75.276590410832497, 41.927573773826701 ], [ -75.276658662739621, 41.928207652670238 ], [ -75.276678605920438, 41.92865594536385 ], [ -75.276738812016788, 41.929335741913349 ], [ -75.276831323072088, 41.930140915718148 ], [ -75.27689082563019, 41.93052065241546 ], [ -75.276938923145025, 41.930877187216645 ], [ -75.277015823030098, 41.931446615633817 ], [ -75.277023881073546, 41.931680400078079 ], [ -75.277024579099475, 41.931700668115973 ], [ -75.277000219810404, 41.932009460724501 ], [ -75.276960375482645, 41.932253914825729 ], [ -75.276937437282484, 41.932546136924792 ], [ -75.276936136321837, 41.932562710704126 ], [ -75.276948365562276, 41.932886064501474 ], [ -75.277018651792517, 41.93314603274716 ], [ -75.277126676649857, 41.933423099264054 ], [ -75.277131139743531, 41.933434546893601 ], [ -75.277250366510501, 41.93371411353948 ], [ -75.277382895294551, 41.933961647795215 ], [ -75.277486608583786, 41.934143295926098 ], [ -75.277807443115776, 41.934659100114438 ], [ -75.278506748051029, 41.935910250584307 ], [ -75.278528426235852, 41.935967190056616 ], [ -75.278641453325477, 41.93626405683473 ], [ -75.278699278074455, 41.936528346752439 ], [ -75.278703050199312, 41.936711783598589 ], [ -75.278703552214424, 41.936736211403748 ], [ -75.278681998683084, 41.936975656976621 ], [ -75.278658733787466, 41.937270639637951 ], [ -75.278657644318713, 41.937284450537938 ], [ -75.278671785561329, 41.937880164386357 ], [ -75.278708731735406, 41.938522549852095 ], [ -75.278763257844602, 41.938713040003677 ], [ -75.278893336633146, 41.93886824731883 ], [ -75.279039136349212, 41.93897713688289 ], [ -75.279109665490324, 41.939029810775637 ], [ -75.279370276017957, 41.939169280604176 ], [ -75.279703827089875, 41.939338046769656 ], [ -75.280075931532778, 41.939470640481417 ], [ -75.280491720418112, 41.939590399735799 ], [ -75.280945471121314, 41.939692428481678 ], [ -75.280984418035601, 41.939700778808287 ], [ -75.281423813096268, 41.939794984202273 ], [ -75.28162514614732, 41.939863947914745 ], [ -75.281824939671537, 41.939979059336373 ], [ -75.282004632315207, 41.940121195896076 ], [ -75.282158644458548, 41.940234175582972 ], [ -75.282257095310214, 41.940306395610953 ], [ -75.282602186846233, 41.94049844612131 ], [ -75.282874612693234, 41.94064501131524 ], [ -75.28297777666927, 41.940700513389281 ], [ -75.28338842046449, 41.940954015113199 ], [ -75.283713713903438, 41.941177865311751 ], [ -75.283935619597699, 41.941357993945246 ], [ -75.284116563144067, 41.941546005340896 ], [ -75.284280463894731, 41.941716306343061 ], [ -75.284436403080875, 41.941839563872669 ], [ -75.284599672854569, 41.941935432413786 ], [ -75.284771048809915, 41.94198061135986 ], [ -75.284967963080433, 41.94200797347002 ], [ -75.285220804154889, 41.942027264085951 ], [ -75.285824320425149, 41.94209098746137 ], [ -75.286101342665162, 41.942124567289554 ], [ -75.2863161676391, 41.942166175261562 ], [ -75.286604064619738, 41.942236897600473 ], [ -75.286917499870384, 41.942289801303538 ], [ -75.287311155221147, 41.942339743775442 ], [ -75.28751672738629, 41.942365743245141 ], [ -75.287618857488425, 41.942378659821678 ], [ -75.288328377650828, 41.942421596979599 ], [ -75.288524944855268, 41.942458038061062 ], [ -75.288659014887571, 41.942507183241467 ], [ -75.288829453398819, 41.942579973161969 ], [ -75.289004493706827, 41.942689950905873 ], [ -75.289149735846436, 41.942825360116046 ], [ -75.28917161786606, 41.942845760227037 ], [ -75.28936675724465, 41.943076167316718 ], [ -75.289510355469517, 41.943203835303834 ], [ -75.289657787311143, 41.943391809802961 ], [ -75.289959289090305, 41.943748906547057 ], [ -75.290200634258326, 41.944000460403927 ], [ -75.290280356999688, 41.944083555941582 ], [ -75.290553783088271, 41.944370911692644 ], [ -75.290860486836351, 41.944756114590263 ], [ -75.290953129769846, 41.94491959811657 ], [ -75.29101035595771, 41.945040913503959 ], [ -75.291036962106389, 41.945152210822982 ], [ -75.291053248163337, 41.945263968419752 ], [ -75.291056530784999, 41.945286494064526 ], [ -75.291100279292948, 41.945435157406529 ], [ -75.291186423645769, 41.945607684656473 ], [ -75.29118676331349, 41.9456083593006 ], [ -75.29145642172405, 41.946144507449716 ], [ -75.291579993887865, 41.946470153913161 ], [ -75.291622678705565, 41.946646520852312 ], [ -75.291640167756327, 41.946777853228681 ], [ -75.291665839296726, 41.946970625897521 ], [ -75.291684113145806, 41.947298699455629 ], [ -75.291712851053887, 41.947677858741081 ], [ -75.291719369110069, 41.947955601851014 ], [ -75.2917198945389, 41.947977964244025 ], [ -75.291707716556289, 41.948134703399511 ], [ -75.291652376947908, 41.948447517346288 ], [ -75.291646695865182, 41.948595288184215 ], [ -75.291645464060053, 41.948627323769756 ], [ -75.291670472231658, 41.948780267572658 ], [ -75.291725746845984, 41.949128216753039 ], [ -75.291733815980137, 41.949375895873466 ], [ -75.291734325259057, 41.949391536575739 ], [ -75.2917072652169, 41.949916508801216 ], [ -75.291684504514308, 41.950345338484752 ], [ -75.291663943428333, 41.950584746451078 ], [ -75.291650864951464, 41.95073702588185 ], [ -75.291639667391067, 41.950778393426624 ], [ -75.291614863511413, 41.950870028778318 ], [ -75.291533804808381, 41.951048338256953 ], [ -75.291442691364011, 41.951328068281242 ], [ -75.291381030415721, 41.95164515725461 ], [ -75.291365399022752, 41.951905759851741 ], [ -75.291363886187824, 41.951930971729141 ], [ -75.291385344532628, 41.952176202070675 ], [ -75.291442686579103, 41.952364766442116 ], [ -75.291484211494506, 41.952501319242138 ], [ -75.291542208642667, 41.95263916769705 ], [ -75.291586143048249, 41.952743590933672 ], [ -75.291736744955344, 41.953009860687047 ], [ -75.291972900597614, 41.953301096411145 ], [ -75.292341858350355, 41.953678355477997 ], [ -75.29252190066326, 41.95383063029626 ], [ -75.292683329960923, 41.953967162583645 ], [ -75.292709513810053, 41.953985752367885 ], [ -75.29297826415123, 41.9541765634238 ], [ -75.293269294091246, 41.954330606418345 ], [ -75.293271347389805, 41.954331319910338 ], [ -75.293580547825911, 41.954438810363548 ], [ -75.29392385268163, 41.95451997068011 ], [ -75.294458123209466, 41.954633661723548 ], [ -75.294716414398181, 41.954656918163501 ], [ -75.295217747279167, 41.954663765061163 ], [ -75.295619821933968, 41.95466308627244 ], [ -75.296095644462454, 41.95465867086083 ], [ -75.296478091712288, 41.954685206670398 ], [ -75.2965514444669, 41.954691239076865 ], [ -75.296719139859377, 41.954705030135287 ], [ -75.297021700531644, 41.954716084448044 ], [ -75.297232374345811, 41.954706720755716 ], [ -75.297517727580072, 41.954685087865158 ], [ -75.29783496024308, 41.954621914512842 ], [ -75.29806760306144, 41.954563998282019 ], [ -75.298671901135378, 41.954413555690223 ], [ -75.299334170709997, 41.954238463196461 ], [ -75.299648215952587, 41.954141719667504 ], [ -75.29997887650002, 41.954039856577495 ], [ -75.300286605614687, 41.953914829567317 ], [ -75.300422789372206, 41.953859499848562 ], [ -75.300475282455992, 41.953838172355603 ], [ -75.300835749603877, 41.953628906423923 ], [ -75.30114826636111, 41.953386208769828 ], [ -75.301360788980944, 41.953164603523092 ], [ -75.301520029902989, 41.952881817305489 ], [ -75.301522996885851, 41.952874649164549 ], [ -75.301610318069365, 41.952663701088994 ], [ -75.301622275402167, 41.952634814820058 ], [ -75.30170351847876, 41.952290320043382 ], [ -75.301719058717168, 41.95188447019359 ], [ -75.301718926720781, 41.951865947299552 ], [ -75.301718124838516, 41.951753732755236 ], [ -75.301716156719138, 41.951478136480397 ], [ -75.301679499314858, 41.951140401137785 ], [ -75.301616302630705, 41.950852961523672 ], [ -75.301527164793526, 41.950597018080515 ], [ -75.301419867008207, 41.950327003278723 ], [ -75.301261440022898, 41.949778989209662 ], [ -75.301181440884662, 41.94946409491336 ], [ -75.301102770774605, 41.949259416067754 ], [ -75.301064594863021, 41.949184149627058 ], [ -75.300982062969695, 41.949021433283377 ], [ -75.300922879034459, 41.9488939593829 ], [ -75.300879639383595, 41.948731357030482 ], [ -75.300873578551844, 41.948602945877205 ], [ -75.300875560266334, 41.948597180876938 ], [ -75.300922458416778, 41.948460761746702 ], [ -75.30100834100439, 41.948319547887422 ], [ -75.301142880773355, 41.948193144022561 ], [ -75.301325671697029, 41.948104768611685 ], [ -75.301549677907659, 41.948068044579841 ], [ -75.302262981615613, 41.948013932592396 ], [ -75.302584602523694, 41.948011604738504 ], [ -75.302868323324049, 41.948050688962226 ], [ -75.303204591723485, 41.948134788998829 ], [ -75.303211427359059, 41.948136498439041 ], [ -75.303597395745271, 41.948227721888408 ], [ -75.304002165174694, 41.948319524730849 ], [ -75.30448658990683, 41.948407530248318 ], [ -75.304800887732881, 41.948443124052773 ], [ -75.304886985197399, 41.948452874920136 ], [ -75.305174627731006, 41.948528316724563 ], [ -75.30546707475898, 41.948645359741931 ], [ -75.305735160633063, 41.948752700881492 ], [ -75.306075510409201, 41.948907581763528 ], [ -75.306288950956457, 41.949016461506979 ], [ -75.306415278120681, 41.949080903571875 ], [ -75.30661122364414, 41.94913125410767 ], [ -75.306660266347833, 41.949135381513742 ], [ -75.306833113199446, 41.949149927647483 ], [ -75.307062379480442, 41.949155525769648 ], [ -75.307279361436954, 41.949141596387342 ], [ -75.307435849516168, 41.949094151514274 ], [ -75.307679730901924, 41.949010846130214 ], [ -75.307867189407631, 41.948954877460103 ], [ -75.308160540964963, 41.948887296549678 ], [ -75.30860293400643, 41.948799748160468 ], [ -75.308765393502625, 41.948757020263578 ], [ -75.308939211908339, 41.948742259907434 ], [ -75.309105940741205, 41.948745713779438 ], [ -75.309352706454533, 41.948779585494357 ], [ -75.309716489978896, 41.948834876131343 ], [ -75.309776869289195, 41.94884405322447 ], [ -75.310079752020798, 41.948881267469304 ], [ -75.310176402409937, 41.948893142080045 ], [ -75.31052864121969, 41.948964881505809 ], [ -75.310556876055742, 41.94897063159469 ], [ -75.310572955579133, 41.948976183084099 ], [ -75.310941396790113, 41.949103390415857 ], [ -75.311214988513782, 41.949243784663963 ], [ -75.311486951227778, 41.949411149734559 ], [ -75.311801143375376, 41.94960695802915 ], [ -75.312157973001916, 41.949798449702229 ], [ -75.312637664077144, 41.950030177500743 ], [ -75.312915777373604, 41.950197760188878 ], [ -75.312933580715779, 41.950212023362866 ], [ -75.313040748580619, 41.950297882409579 ], [ -75.313347800801694, 41.950543881500089 ], [ -75.313628448361555, 41.950812882122953 ], [ -75.313944809912144, 41.951110456420608 ], [ -75.314238150037184, 41.951452795940128 ], [ -75.314246894588635, 41.951463000949289 ], [ -75.314653685732537, 41.951984126712929 ], [ -75.31493779350059, 41.95231783332261 ], [ -75.315097973006331, 41.952496683561606 ], [ -75.315272330983461, 41.952629563030129 ], [ -75.315514388392955, 41.952768558215702 ], [ -75.315725662618632, 41.952867064937884 ], [ -75.315763588262115, 41.952884748025483 ], [ -75.316215964957692, 41.953023518871646 ], [ -75.316527019090273, 41.953140928183245 ], [ -75.316907937239648, 41.953293215123722 ], [ -75.317532868328712, 41.953577691622201 ], [ -75.317799051563867, 41.953739249137797 ], [ -75.317930277785052, 41.953870670439201 ], [ -75.318057377952314, 41.954110571907989 ], [ -75.318070643882535, 41.954160670191406 ], [ -75.318136825002298, 41.954410589162649 ], [ -75.318179991957592, 41.954709567543986 ], [ -75.318201204628394, 41.955109897254047 ], [ -75.318252128859555, 41.955687120372524 ], [ -75.318292697695028, 41.956165459400474 ], [ -75.318291640207264, 41.956330267323999 ], [ -75.318291423999867, 41.956363931445452 ], [ -75.318264788421786, 41.956575640716302 ], [ -75.318199297506752, 41.956838110563297 ], [ -75.318186162295902, 41.956984960114504 ], [ -75.318183552598498, 41.957014131107655 ], [ -75.318247895763136, 41.957232268465567 ], [ -75.318367760314516, 41.957424663743296 ], [ -75.318480383137853, 41.957572704671783 ], [ -75.31864504880383, 41.957802328029139 ], [ -75.318801976999495, 41.958064104995287 ], [ -75.319045148664514, 41.958475975041814 ], [ -75.319204416189848, 41.958831784962676 ], [ -75.319343439664195, 41.959234517400482 ], [ -75.319430276667291, 41.959575289936097 ], [ -75.319484030881853, 41.959834072645727 ], [ -75.319537278850888, 41.960106166851261 ], [ -75.319638433200325, 41.960311668906122 ], [ -75.31978684981965, 41.9604706384388 ], [ -75.31983281231831, 41.960505306049498 ], [ -75.319981113646364, 41.960617165125115 ], [ -75.320193848400137, 41.960757150628751 ], [ -75.320398839456601, 41.960856461407431 ], [ -75.320730269366749, 41.960978701928504 ], [ -75.321221603418337, 41.961199116826833 ], [ -75.321765397661068, 41.961468171063679 ], [ -75.32201384263638, 41.961625314448092 ], [ -75.322075797603262, 41.961664501799135 ], [ -75.322491733318031, 41.961951284225847 ], [ -75.322896320318577, 41.962298680693372 ], [ -75.323151435059785, 41.962521026732183 ], [ -75.323414709592186, 41.962763709779388 ], [ -75.323869317859931, 41.963227388883439 ], [ -75.324159070640079, 41.963491154055959 ], [ -75.324377778311444, 41.96371272825597 ], [ -75.324650620993651, 41.963942017223445 ], [ -75.325049266502091, 41.964208080482095 ], [ -75.325256897375766, 41.96434536083239 ], [ -75.325483443002199, 41.964495147035734 ], [ -75.325890890055518, 41.964767965340251 ], [ -75.326110258673197, 41.964969204367947 ], [ -75.326185432160983, 41.965068133044305 ], [ -75.32630922781749, 41.965231048536104 ], [ -75.326479155720619, 41.965539541407018 ], [ -75.326716913465631, 41.965978376987209 ], [ -75.327071644999393, 41.966683897025632 ], [ -75.32733423447273, 41.967184200593096 ], [ -75.327557886827194, 41.967521101523452 ], [ -75.327758410230643, 41.967742285966651 ], [ -75.327968756066838, 41.967943151691962 ], [ -75.328251693087736, 41.968145727925069 ], [ -75.328509041498052, 41.968306983675006 ], [ -75.328785247894572, 41.968448381804158 ], [ -75.328949092193682, 41.968517633344618 ], [ -75.329074314839573, 41.968570560831097 ], [ -75.329089220811355, 41.968576860623791 ], [ -75.329358559725492, 41.968663828840782 ], [ -75.329504600724249, 41.968696901203145 ], [ -75.32995291899374, 41.968798426913516 ], [ -75.330825296210762, 41.9690268301934 ], [ -75.331260361687356, 41.969162687392135 ], [ -75.331453775622904, 41.969223084702655 ], [ -75.332479181481773, 41.969509341957298 ], [ -75.333387869493734, 41.969789714407675 ], [ -75.334253201176779, 41.970058273810302 ], [ -75.33479687567997, 41.970253985869171 ], [ -75.335115950787625, 41.970392129166456 ], [ -75.335402410872206, 41.970534266760914 ], [ -75.335768566088689, 41.970694553252159 ], [ -75.336105636664712, 41.970848465919779 ], [ -75.336271413090373, 41.970901012806173 ], [ -75.336417214356587, 41.970904077552504 ], [ -75.336556888465836, 41.970874425236019 ], [ -75.336683537944495, 41.970806148799362 ], [ -75.33682567543984, 41.970711281345345 ], [ -75.337005388052546, 41.970589747174287 ], [ -75.337134194088591, 41.970526208635562 ], [ -75.337280375227976, 41.970454099473038 ], [ -75.33758965106243, 41.970378856383356 ], [ -75.337852680168652, 41.970368087908739 ], [ -75.338142633182983, 41.970417839297546 ], [ -75.338504094504501, 41.970546371472317 ], [ -75.338581728181239, 41.970573976841493 ], [ -75.33897532011072, 41.970778221231747 ], [ -75.339425512149063, 41.971132998782515 ], [ -75.339692065550736, 41.971281639597514 ], [ -75.339936281612097, 41.971369765995135 ], [ -75.34027627485149, 41.971491320096156 ], [ -75.340491141648556, 41.971599264162684 ], [ -75.340812069682798, 41.971791174070219 ], [ -75.341054367689736, 41.971943083781532 ], [ -75.341200620336437, 41.972013277912367 ], [ -75.341398396979329, 41.972108200544127 ], [ -75.34159131818717, 41.972215682704572 ], [ -75.341831188891703, 41.972438477063555 ], [ -75.341850513580539, 41.972463347349631 ], [ -75.342067627791167, 41.972742760189156 ], [ -75.342223784187027, 41.973050851505413 ], [ -75.34226352880431, 41.973284747615438 ], [ -75.342265571381006, 41.973296769063161 ], [ -75.342243106657506, 41.973508570762135 ], [ -75.342182130878811, 41.97376862800747 ], [ -75.342144544086651, 41.973990915297968 ], [ -75.34211785934545, 41.974311466403812 ], [ -75.342076494897455, 41.974637200444519 ], [ -75.341989585552554, 41.975005640254174 ], [ -75.341921246377382, 41.975217731587826 ], [ -75.341878457435058, 41.975350526652655 ], [ -75.341679355593385, 41.975723726116591 ], [ -75.341457730028011, 41.976041177759427 ], [ -75.341238752854835, 41.976285137321533 ], [ -75.341147672922489, 41.976368281245122 ], [ -75.341017995371658, 41.976486657729779 ], [ -75.340455297273863, 41.977206284168311 ], [ -75.340234296336902, 41.977538870861537 ], [ -75.340069242548665, 41.977856967166325 ], [ -75.339960881182861, 41.978150507048852 ], [ -75.33991106084062, 41.978367225712496 ], [ -75.339830050916206, 41.978671601462601 ], [ -75.339766775947552, 41.979059349962689 ], [ -75.339699466939692, 41.979550810585451 ], [ -75.339644724085474, 41.979917132935284 ], [ -75.339585876434668, 41.980165079948513 ], [ -75.339494097253933, 41.98038685902636 ], [ -75.339322869677403, 41.98068916023562 ], [ -75.339099379449436, 41.981083988075945 ], [ -75.33893411095859, 41.981407389032178 ], [ -75.338791005873631, 41.981700017856284 ], [ -75.338391107596124, 41.98234527213453 ], [ -75.338160026422415, 41.982755421860794 ], [ -75.33798650308502, 41.983114928232077 ], [ -75.337678014182302, 41.983858063682156 ], [ -75.337545791506912, 41.984264977861343 ], [ -75.337488460894662, 41.984591249314313 ], [ -75.337486281039745, 41.984603651609739 ], [ -75.337501455156286, 41.9848219143935 ], [ -75.337540239512307, 41.985031941397764 ], [ -75.337630824641096, 41.985417429977886 ], [ -75.337652147481265, 41.985767014442978 ], [ -75.337652668207554, 41.985775547635114 ], [ -75.337643134627726, 41.986027949863363 ], [ -75.337599295809198, 41.98634458768251 ], [ -75.337594989794937, 41.98637568507413 ], [ -75.33751965348182, 41.986799611072833 ], [ -75.337515728383934, 41.986821700667406 ], [ -75.33756331477251, 41.987019169828436 ], [ -75.337616855686321, 41.987241348365949 ], [ -75.337760732698769, 41.987446561851407 ], [ -75.338172241983742, 41.987847073096141 ], [ -75.338464846434022, 41.988212317492341 ], [ -75.338750458998035, 41.988698854743049 ], [ -75.338888919875643, 41.989050868014523 ], [ -75.339329420756926, 41.990238058674855 ], [ -75.339537106575264, 41.990809648876116 ], [ -75.339636640045995, 41.991019330430234 ], [ -75.339779381798166, 41.991258184491066 ], [ -75.339982907160447, 41.991559530335643 ], [ -75.34018098934709, 41.991842036481934 ], [ -75.340434466410471, 41.992163513762321 ], [ -75.340639780315669, 41.992417633856377 ], [ -75.340815909345906, 41.992610106755379 ], [ -75.34095765824263, 41.992742868251298 ], [ -75.341078520202899, 41.992856065211697 ], [ -75.341312362545622, 41.993026161720415 ], [ -75.341584739635437, 41.993182933020734 ], [ -75.341973177852509, 41.993392292837825 ], [ -75.342064001724637, 41.993441244545579 ], [ -75.342167271985488, 41.993496904171806 ], [ -75.342421663696001, 41.993624849021202 ], [ -75.342709863187679, 41.993736757796178 ], [ -75.343155497198097, 41.993857992786879 ], [ -75.343164835242177, 41.993860533572253 ], [ -75.343234613936573, 41.993893503694153 ], [ -75.343562576459789, 41.994048463948644 ], [ -75.344243513511501, 41.994446047701736 ], [ -75.344795881968324, 41.994721655457631 ], [ -75.34546236493631, 41.994990466615981 ], [ -75.34600574583385, 41.995171536465051 ], [ -75.346606304548999, 41.995344438602082 ], [ -75.347139557341521, 41.995454713401884 ], [ -75.347805112294154, 41.995581797574452 ], [ -75.348031590874584, 41.995616261453044 ], [ -75.348811260673656, 41.995734904883868 ], [ -75.349966041607573, 41.995961868766074 ], [ -75.351095475906916, 41.996262738706108 ], [ -75.352608449909084, 41.996767765485714 ], [ -75.353940703912727, 41.997214717907212 ], [ -75.354328496846875, 41.99733128629326 ], [ -75.354721554826497, 41.997471639880182 ], [ -75.355044951474596, 41.997615129348738 ], [ -75.355504806839974, 41.997832131000102 ], [ -75.356453561376597, 41.998240673129644 ], [ -75.356998305871002, 41.998475238313425 ], [ -75.359010234720188, 41.999295600511992 ], [ -75.359644667836235, 41.999554278770027 ], [ -75.36155745342333, 41.999551702600897 ], [ -75.361732013665488, 41.99955062848349 ], [ -75.379417962499332, 41.999502219414296 ], [ -75.37958643671287, 41.999499730522643 ], [ -75.398549251525722, 41.999455759567056 ], [ -75.401630987985541, 41.999455607926478 ], [ -75.401713943561077, 41.999455531115998 ], [ -75.422918810762567, 41.99939932885281 ], [ -75.436830671365243, 41.999364010705406 ], [ -75.442672865312218, 41.999345443796201 ], [ -75.467522543024515, 41.999263147417054 ], [ -75.474687805432609, 41.999238245780163 ], [ -75.475939473486534, 41.999233850291454 ], [ -75.476112444435401, 41.999236064672878 ], [ -75.476492211573174, 41.999240925076329 ], [ -75.483170623701497, 41.999250577107979 ], [ -75.5013400277805, 41.999207969952941 ], [ -75.501716899154076, 41.999207055646266 ], [ -75.501794741854525, 41.999207291822856 ], [ -75.506166161831487, 41.999190517150687 ], [ -75.515329588620489, 41.999154812514291 ], [ -75.516114666072056, 41.999152404069044 ], [ -75.544331133523315, 41.9990622886666 ], [ -75.554223779774105, 41.999029828033549 ], [ -75.554813505757153, 41.99902786644013 ], [ -75.557011775788467, 41.999020361332086 ], [ -75.574419334689082, 41.998969912257238 ], [ -75.57934854446836, 41.99896248200362 ], [ -75.584806915374315, 41.998950777377523 ], [ -75.593027542501929, 41.998933873824797 ], [ -75.593263658699058, 41.998933379712184 ], [ -75.593266942843158, 41.998933368143071 ], [ -75.602646996777096, 41.998899503806157 ], [ -75.607523181649938, 41.998881847169557 ], [ -75.609629638586952, 41.998874201215074 ], [ -75.634765817296838, 41.998764623740513 ], [ -75.634772772911973, 41.998764578072276 ], [ -75.652794366073763, 41.99864477467758 ], [ -75.655566753901965, 41.99861846175363 ], [ -75.672394970195228, 41.998545936108336 ], [ -75.674692707276634, 41.998535481075322 ], [ -75.688253544959395, 41.998463924851912 ], [ -75.688729753733497, 41.998461382973915 ], [ -75.694622906310443, 41.998430547897009 ], [ -75.695571572339873, 41.998422355392044 ], [ -75.69592139679169, 41.998419332640211 ], [ -75.714542749211461, 41.998273988232754 ], [ -75.714542798712642, 41.99827398792462 ], [ -75.724573343203588, 41.998195724032833 ], [ -75.731280860804475, 41.998142071380819 ], [ -75.731630156591763, 41.998139266502264 ], [ -75.731668493732769, 41.998138961804493 ], [ -75.731668730360838, 41.998138959395568 ], [ -75.734262660120436, 41.998118295733612 ], [ -75.740073527219877, 41.998062353354385 ], [ -75.741794560276517, 41.998049002861855 ], [ -75.741794829512045, 41.998049001121998 ], [ -75.741795023892863, 41.998048999865865 ], [ -75.751671497467612, 41.99797188707101 ], [ -75.751737957302367, 41.997970625952064 ], [ -75.751759660708316, 41.997970213620505 ], [ -75.751783652769632, 41.997970056493578 ], [ -75.752294879605273, 41.997966699109043 ], [ -75.753841029982809, 41.997953964524882 ], [ -75.75633903539476, 41.99793449824449 ], [ -75.757165484484787, 41.997925532794497 ], [ -75.760994196000368, 41.997894366339359 ], [ -75.762370053028775, 41.997880240933974 ], [ -75.764705756824, 41.997856222284909 ], [ -75.766710143624167, 41.997859339396825 ], [ -75.773444971012765, 41.997869558457509 ], [ -75.788353960364574, 41.997950404786565 ], [ -75.793019682210542, 41.997975306941285 ], [ -75.798154268992192, 41.998002277675454 ], [ -75.798156781802206, 41.998002290825617 ], [ -75.832073940859232, 41.998174676778923 ], [ -75.833220958746224, 41.998181411946845 ], [ -75.849104505895198, 41.99829036115009 ], [ -75.851758359048816, 41.998308350504303 ], [ -75.85755454772648, 41.998348066806813 ], [ -75.870043600963371, 41.998434098219349 ], [ -75.871457437714753, 41.998443751408672 ], [ -75.890208738778568, 41.998576593601413 ], [ -75.890614187493284, 41.998579432453354 ], [ -75.890838588707965, 41.998581101018281 ], [ -75.898045235108285, 41.998634446086221 ], [ -75.899130076927293, 41.998642437373562 ], [ -75.899207991202516, 41.998643377968094 ], [ -75.899209986216448, 41.998643401968494 ], [ -75.920602774514279, 41.998770878903443 ], [ -75.930862980119471, 41.998830603568592 ], [ -75.936021853814935, 41.998854423471222 ], [ -75.950363162779468, 41.998918888612579 ], [ -75.950487524736914, 41.998919445844535 ], [ -75.95370457381145, 41.998933821669425 ], [ -75.958580799197577, 41.99895748942896 ], [ -75.959801920679183, 41.998963384420748 ], [ -75.969860432113791, 41.999010928699668 ], [ -75.969860476783168, 41.999010928322249 ], [ -75.96999535867009, 41.999010881067527 ], [ -75.970054137509095, 41.999010859883761 ], [ -75.970056228778617, 41.999010859322674 ], [ -75.970056284313529, 41.999010858853346 ], [ -75.974423794295078, 41.999009227003761 ], [ -75.979113972466294, 41.999007288920417 ], [ -75.988817382786664, 41.999002670675132 ], [ -75.989349385001432, 41.999002394298607 ], [ -75.989349429670554, 41.999002393913607 ], [ -76.000898799569427, 41.999006980832917 ], [ -76.000979095523604, 41.999007390240997 ], [ -76.008812615395627, 41.999008075060495 ], [ -76.009008965313498, 41.999008269403703 ], [ -76.036739145913245, 41.99903240512603 ], [ -76.037953922842604, 41.999033308947503 ], [ -76.038049437126446, 41.999033995218582 ], [ -76.038049489053094, 41.999033995649647 ], [ -76.047833277821255, 41.999045380368031 ], [ -76.047966621913972, 41.999045529303864 ], [ -76.048027487316361, 41.999045597738821 ], [ -76.060102877813733, 41.999021950362867 ], [ -76.064721654652416, 41.999013530601651 ], [ -76.066705308016253, 41.999008483273087 ], [ -76.087187222704245, 41.998964586383423 ], [ -76.087543720389974, 41.998962697045016 ], [ -76.090873950928824, 41.99894499678458 ], [ -76.090932351428947, 41.998944405712436 ], [ -76.09165088403094, 41.998942988955207 ], [ -76.105896584801755, 41.998913974447994 ], [ -76.106679573337246, 41.998912328899024 ], [ -76.109576273772035, 41.998904618168005 ], [ -76.110852263675497, 41.998901198991916 ], [ -76.126178474083375, 41.998859015217285 ], [ -76.13089245046244, 41.998879302420832 ], [ -76.131246390046812, 41.998887521270724 ], [ -76.137693036387063, 41.998876923307606 ], [ -76.137710044214131, 41.998876450307804 ], [ -76.145689808365745, 41.998858740978513 ], [ -76.156633846979716, 41.99875455727809 ], [ -76.190194834579245, 41.99859910373776 ], [ -76.190360096501564, 41.998599112886978 ], [ -76.204873000599477, 41.998575452345278 ], [ -76.2049754995722, 41.998575331018976 ], [ -76.20497967955302, 41.998575325864323 ], [ -76.205035740111953, 41.998575079557988 ], [ -76.205036946235651, 41.998575075000993 ], [ -76.224883275671218, 41.998486267989044 ], [ -76.244506922700296, 41.998405153108088 ], [ -76.26334929720106, 41.998406747611249 ], [ -76.264482655290081, 41.998406744716313 ], [ -76.266798945312644, 41.998401875643282 ], [ -76.269453593896529, 41.998396237869017 ], [ -76.27607549629478, 41.9983819708144 ], [ -76.28171236308053, 41.998369525506874 ], [ -76.284478054775462, 41.998363505999038 ], [ -76.284479099130522, 41.998363503317997 ], [ -76.292748953351847, 41.998345105434858 ], [ -76.30410119122449, 41.998317737239034 ], [ -76.3127180526741, 41.9983336471279 ], [ -76.34277972330851, 41.998381089181905 ], [ -76.34357228059686, 41.998382233642765 ], [ -76.344779608935681, 41.998383107812245 ], [ -76.349630006049836, 41.998397132666753 ], [ -76.349896459929681, 41.99839832221565 ], [ -76.378774078645691, 41.998480018439565 ], [ -76.38160570571182, 41.998483169055476 ], [ -76.383134401755498, 41.998484842118437 ], [ -76.383134437968238, 41.998484841682028 ], [ -76.385463295628512, 41.998484130669887 ], [ -76.38950748571979, 41.998498454013905 ], [ -76.390725601900257, 41.998503454106661 ], [ -76.422946041655493, 41.998611541573226 ], [ -76.425261806795987, 41.99862497881 ], [ -76.44088425289489, 41.998743547910152 ], [ -76.442893477027852, 41.998758642611072 ], [ -76.443053110131942, 41.998760532667667 ], [ -76.444979576019179, 41.998783324869031 ], [ -76.4618938077341, 41.998987285819382 ], [ -76.461947246060404, 41.998989004429689 ], [ -76.462279777826708, 41.998999698006919 ], [ -76.462716322452209, 41.999009981003653 ], [ -76.465940808305476, 41.999036896298648 ], [ -76.466494861739761, 41.999041512009121 ], [ -76.466605176361853, 41.999044850549161 ], [ -76.466607319792104, 41.999044915023987 ], [ -76.466686197007562, 41.99904583441716 ], [ -76.466686508614657, 41.999045838540752 ], [ -76.47325481958363, 41.999122236041053 ], [ -76.47334049522081, 41.999123230207154 ], [ -76.475502015910735, 41.999152634100206 ], [ -76.475605811282492, 41.999153889872986 ], [ -76.484972381984718, 41.999289688226355 ], [ -76.485137268422434, 41.999294746261313 ], [ -76.485138556438912, 41.999294785433577 ], [ -76.496340825068444, 41.99942000304268 ], [ -76.496443046039715, 41.999422106180418 ], [ -76.507969762827827, 41.999586552924988 ], [ -76.509511252955491, 41.999608456325461 ], [ -76.509619409417553, 41.999610063465724 ], [ -76.509733350898628, 41.999611324214769 ], [ -76.520722315237975, 41.999732395432446 ], [ -76.52148836909555, 41.999741316000524 ], [ -76.524224979455212, 41.999768883233997 ], [ -76.524301837084934, 41.999769656531726 ], [ -76.524706533170146, 41.999773727563252 ], [ -76.525112908109847, 41.999778476450146 ], [ -76.525113166566854, 41.999778479320035 ], [ -76.52665879855401, 41.999796528901072 ], [ -76.528237017678919, 41.999813335677352 ], [ -76.5289907939231, 41.99982135460764 ], [ -76.532127512646127, 41.999854453830402 ], [ -76.533525540842149, 41.99986986007832 ], [ -76.534192254638441, 41.999876176527053 ], [ -76.53499409668521, 41.999883768337952 ], [ -76.535622745793461, 41.999891504216116 ], [ -76.536424044927458, 41.999901359284991 ], [ -76.541361225805275, 41.999954832943075 ], [ -76.545502492712998, 41.999983497524838 ], [ -76.545768957327454, 41.999984059013592 ], [ -76.546328702297885, 41.999992163485963 ], [ -76.548693825801791, 42.000003528862806 ], [ -76.548762676183969, 42.000004248818009 ], [ -76.548861462637447, 42.000005282532172 ], [ -76.557696517572595, 42.000062789538831 ], [ -76.557726974880396, 42.00006298677539 ], [ -76.579551146016883, 42.000203628151041 ], [ -76.579791786233713, 42.000205771934112 ], [ -76.579793981837071, 42.000205792146211 ], [ -76.586212077169634, 42.000262787393083 ], [ -76.587682157394781, 42.000274546316376 ], [ -76.58928664126158, 42.000287644091777 ], [ -76.621144892633737, 42.000573977792868 ], [ -76.633003613595335, 42.000677824621064 ], [ -76.637987530749569, 42.000721159781577 ], [ -76.66206528286466, 42.000931606952939 ], [ -76.686959912374263, 42.001142773861488 ], [ -76.695165961751897, 42.001237281623169 ], [ -76.695166030596781, 42.001237282407502 ], [ -76.701659415548761, 42.001279824502298 ], [ -76.706921033223296, 42.001314026473693 ], [ -76.714549981171658, 42.001363787568209 ], [ -76.725084598689335, 42.001469666872701 ], [ -76.727679288695072, 42.001497189904555 ], [ -76.727706904222345, 42.001497506363336 ], [ -76.72848987730147, 42.001506463702881 ], [ -76.728502674129373, 42.001506610493777 ], [ -76.728896554675785, 42.001510114850809 ], [ -76.729566956657607, 42.001516075662472 ], [ -76.730407666827162, 42.001522686212965 ], [ -76.731064251042696, 42.001527845128656 ], [ -76.733967708866288, 42.001550611146257 ], [ -76.734878320595925, 42.001558227563677 ], [ -76.739085437150877, 42.001585138402227 ], [ -76.742517741405379, 42.001606979216746 ], [ -76.747272160573999, 42.001642492564677 ], [ -76.748434370936735, 42.001647996778793 ], [ -76.762052543651791, 42.00174452375775 ], [ -76.763738279932852, 42.001756360225855 ], [ -76.772249893504195, 42.001813812643114 ], [ -76.777835749277585, 42.001835818016659 ], [ -76.789210266008766, 42.001868672679976 ], [ -76.815187223757505, 42.001939477798636 ], [ -76.830487153314124, 42.001999846269619 ], [ -76.833989142792646, 42.001991110677785 ], [ -76.849854445238719, 42.001953565198519 ], [ -76.861228135648489, 42.001934913878905 ], [ -76.868463624100926, 42.001922461900989 ], [ -76.86883897304881, 42.001921772321296 ], [ -76.868841164431501, 42.001921768154723 ], [ -76.869301022343691, 42.001920921080689 ], [ -76.888758119121391, 42.001878309551834 ], [ -76.888758169835754, 42.001878309617723 ], [ -76.901372710397354, 42.001780620075046 ], [ -76.926881989210315, 42.001576942278575 ], [ -76.926941365737889, 42.001576300965773 ], [ -76.926942035657746, 42.001576294219326 ], [ -76.937380906207409, 42.001463107828286 ], [ -76.942674975128014, 42.001411428711748 ], [ -76.942675070492896, 42.001411427997873 ], [ -76.942717035352231, 42.001411017448341 ], [ -76.946373831540285, 42.001345474523951 ], [ -76.955396579388363, 42.001237263977053 ], [ -76.960505336317979, 42.001173903090788 ], [ -76.960506776235334, 42.001173885694641 ], [ -76.965781739758711, 42.001108224485726 ], [ -76.965791604319932, 42.001108144655539 ], [ -76.985375990219936, 42.00094727930454 ], [ -77.008199821877966, 42.000725954528889 ], [ -77.008320264238563, 42.000725374038076 ], [ -77.008320302854344, 42.000725373362236 ], [ -77.008944170886053, 42.000722362750572 ], [ -77.012239757381849, 42.000717193700282 ], [ -77.01340987465565, 42.000734305600311 ], [ -77.014156826375398, 42.000737142999114 ], [ -77.015938865062253, 42.000699977190258 ], [ -77.016984301431989, 42.000694513210597 ], [ -77.017554003288311, 42.000673861637694 ], [ -77.018546981884214, 42.000631618026553 ], [ -77.018799970190855, 42.000622478814385 ], [ -77.019189928005389, 42.000608390086221 ], [ -77.019763521108217, 42.000602932462783 ], [ -77.030931258478631, 42.000502171979683 ], [ -77.030943637997609, 42.000502059142718 ], [ -77.032169444291995, 42.000493428040826 ], [ -77.035560316085011, 42.000469483927915 ], [ -77.052746947678358, 42.000307509688781 ], [ -77.063587230240998, 42.000204022150719 ], [ -77.063591953771123, 42.000203991238727 ], [ -77.064383201904249, 42.00019876288134 ], [ -77.082810956209627, 42.000022138419816 ], [ -77.082812805362053, 42.000022121065385 ], [ -77.083118560882909, 42.000019166206002 ], [ -77.083118612769866, 42.000019165264035 ], [ -77.083390566592328, 42.000016665717979 ], [ -77.096068528966299, 41.999899440864546 ], [ -77.102601819253493, 41.999835913702505 ], [ -77.102723246605862, 41.999834729659369 ], [ -77.103251626599132, 41.999833417670722 ], [ -77.111789254195784, 41.999820200635909 ], [ -77.113599073936783, 41.999818893962448 ], [ -77.113599437345798, 41.999818893572574 ], [ -77.113685508312813, 41.999818831007794 ], [ -77.113883061363069, 41.999819926172933 ], [ -77.114642121091023, 41.999817318803402 ], [ -77.114642198346118, 41.999817318280215 ], [ -77.114649417661113, 41.999817293304844 ], [ -77.114825555406796, 41.999817040652324 ], [ -77.126941894033621, 41.999798985472829 ], [ -77.127042878077674, 41.999797861021108 ], [ -77.13409072226689, 41.999762184629986 ], [ -77.135257615788376, 41.999757215087051 ], [ -77.135645584224534, 41.999754802958158 ], [ -77.143958693548868, 41.999708031628899 ], [ -77.154741596052034, 41.999649469999895 ], [ -77.156424565484983, 41.999640238205046 ], [ -77.161418535477651, 41.999605270943725 ], [ -77.169091516746079, 41.999657225323787 ], [ -77.171563074546057, 41.999673851522111 ], [ -77.180801384465369, 41.999690499323442 ], [ -77.184765058085631, 41.999679923880521 ], [ -77.184771676131845, 41.999679936557641 ], [ -77.192845087010184, 41.999694937759209 ], [ -77.20033030514027, 41.999659707176193 ], [ -77.200404939911678, 41.999659353905372 ], [ -77.200404985792517, 41.999659353926077 ], [ -77.203787068297657, 41.99971349661903 ], [ -77.219790895473594, 41.999621020415418 ], [ -77.219795337701484, 41.99962099481305 ], [ -77.239407996865665, 41.999600785939172 ], [ -77.24429109906967, 41.999614120393453 ], [ -77.244441338713116, 41.999616379775524 ], [ -77.244443370576434, 41.999616410275102 ], [ -77.244679764796345, 41.999617001092638 ], [ -77.256794564844171, 41.999646640239042 ], [ -77.2772416834528, 41.999697108829174 ], [ -77.277967964473774, 41.999698834491547 ], [ -77.284909473859528, 41.999706801795448 ], [ -77.28751128644771, 41.999709679436506 ], [ -77.29149853109783, 41.999715270706851 ], [ -77.291567437606616, 41.999715366031467 ], [ -77.291607553068729, 41.999715421264966 ], [ -77.292291159339371, 41.999716365778191 ], [ -77.292438651045273, 41.999716569184123 ], [ -77.295627391348361, 41.999720914919664 ], [ -77.297380477068472, 41.999723267287131 ], [ -77.297444031305631, 41.999723429325314 ], [ -77.297444127889989, 41.999723429192478 ], [ -77.302907419717883, 41.999737191963511 ], [ -77.316264333712482, 41.999772648584262 ], [ -77.316752019271462, 41.999774015203371 ], [ -77.330043926506377, 41.999810455195863 ], [ -77.336058965888824, 41.999825497927425 ], [ -77.33609821623979, 41.999825635351755 ], [ -77.337015368077488, 41.999828850437424 ], [ -77.338975152202593, 41.99983588411709 ], [ -77.354638898531576, 41.99989107379632 ], [ -77.35527639693025, 41.99989327505299 ], [ -77.355320573158906, 41.999893407436709 ], [ -77.362428084029148, 41.999914450600848 ], [ -77.374954074924659, 41.999963646571821 ], [ -77.375126054576967, 41.999964312822819 ], [ -77.39263125330308, 42.000048568853124 ], [ -77.394560818121462, 42.00005643917649 ], [ -77.394596016884663, 42.000056582585444 ], [ -77.403268851898801, 42.000058082083392 ], [ -77.414138082161884, 42.000055730488214 ], [ -77.414138120800715, 42.000055730575738 ], [ -77.425229484638024, 42.000103408171356 ], [ -77.433533366065205, 42.000126502491803 ], [ -77.437589550541745, 42.000114205491599 ], [ -77.439671343934293, 42.000118105826807 ], [ -77.452939313875461, 42.000142078528491 ], [ -77.456743588873749, 42.000156540768891 ], [ -77.456743626305624, 42.000156540867891 ], [ -77.456868513099963, 42.000157579527674 ], [ -77.471875957443473, 42.000153125551208 ], [ -77.472353241512394, 42.000152951623988 ], [ -77.472484535488007, 42.000152796814511 ], [ -77.475769224211888, 42.000148867716902 ], [ -77.476342589777786, 42.000147177328358 ], [ -77.476362249320033, 42.000147119504362 ], [ -77.488768993998363, 42.000127981384637 ], [ -77.488930742334887, 42.000127927852667 ], [ -77.490019540069127, 42.000125170982749 ], [ -77.492531252437601, 42.000118773261299 ], [ -77.50398778702997, 42.00010068023937 ], [ -77.511960782951689, 42.000076799011843 ], [ -77.528770388696344, 41.999900272392878 ], [ -77.550424448400477, 41.999669240557964 ], [ -77.551042290748214, 41.999662588807041 ], [ -77.558740503148115, 41.999626141479503 ], [ -77.570659940036123, 41.999568690252133 ], [ -77.584692717187139, 41.999495345476433 ], [ -77.590254020902421, 41.999461051965035 ], [ -77.59050986360289, 41.999460088418651 ], [ -77.59559456361697, 41.999440817127656 ], [ -77.609770593427939, 41.999383917039701 ], [ -77.609965251600656, 41.999384258733699 ], [ -77.619876035769863, 41.999401230746493 ], [ -77.629117318499084, 41.999418973774588 ], [ -77.629133885519963, 41.999419034454739 ], [ -77.631166306039646, 41.999426468646277 ], [ -77.636134982545073, 41.999439826190127 ], [ -77.648718581412808, 41.999472692893661 ], [ -77.653267789921443, 41.999425506932951 ], [ -77.68762958243903, 41.999057654296493 ], [ -77.688210535443687, 41.999048158729487 ], [ -77.697947337398944, 41.99892380673154 ], [ -77.698013086919502, 41.998922964548363 ], [ -77.70786263218929, 41.998796327342298 ], [ -77.71320419254512, 41.998853380188663 ], [ -77.727588417812555, 41.998764019069711 ], [ -77.727596294562403, 41.998763969558532 ], [ -77.728669207073992, 41.998759357900653 ], [ -77.736867068448205, 41.998722589544798 ], [ -77.73694066119883, 41.998723444360188 ], [ -77.736941962101795, 41.998723459249057 ], [ -77.744062669731434, 41.998690921973932 ], [ -77.744171855751119, 41.998690419956091 ], [ -77.744278980072124, 41.998689926633361 ], [ -77.746216518553155, 41.998680993435613 ], [ -77.747314865983085, 41.998675914238156 ], [ -77.747314909439865, 41.998675914097888 ], [ -77.747423060026478, 41.998675395955949 ], [ -77.749726261008533, 41.99866434655047 ], [ -77.769929393082037, 41.998565445268945 ], [ -77.817551180829554, 41.99832453509017 ], [ -77.823161896951234, 41.998294669910017 ], [ -77.832045149112915, 41.99828579957817 ], [ -77.840413360615472, 41.998277348545372 ], [ -77.845676822927615, 41.998271719935012 ], [ -77.845676866421968, 41.998271720657037 ], [ -77.863254958890892, 41.998242829088632 ], [ -77.865288348988031, 41.998234434934488 ], [ -77.880407875942026, 41.998223207107785 ], [ -77.894238871932856, 41.998208010258821 ], [ -77.894241105268847, 41.998207980920107 ], [ -77.894351383977707, 41.998206520139931 ], [ -77.904364024128128, 41.998219128118627 ], [ -77.90440783370785, 41.998219181366942 ], [ -77.904407872337103, 41.998219181289301 ], [ -77.906824266004989, 41.998238383749566 ], [ -77.922339842262872, 41.998347394058705 ], [ -77.922342910945019, 41.998347415831965 ], [ -77.929835703512865, 41.998399306248523 ], [ -77.940353745533059, 41.99847030140517 ], [ -77.943376462754998, 41.998494234929169 ], [ -77.943376803301916, 41.998494236996279 ], [ -77.943388010952575, 41.998494326703195 ], [ -77.957122250209551, 41.998692287199972 ], [ -77.957236930742638, 41.998693304435534 ], [ -77.96282098734477, 41.998742704090446 ], [ -77.964550383756446, 41.998759396050914 ], [ -77.980938706044029, 41.998947906845181 ], [ -77.982284186150736, 41.998965005910122 ], [ -77.998109896577276, 41.999092079972407 ], [ -78.001905629302456, 41.999122233559447 ], [ -78.030056187018403, 41.999342837468475 ], [ -78.033442790499521, 41.999369385813814 ], [ -78.040418223887386, 41.999419273894155 ], [ -78.040420351819066, 41.999419288623642 ], [ -78.05523484372037, 41.999642276793111 ], [ -78.059620326081287, 41.999661169161072 ], [ -78.05962036350239, 41.999661169063266 ], [ -78.074112158861453, 41.99984561343998 ], [ -78.074259233248227, 41.999847251612294 ], [ -78.089051213923497, 42.000011036404892 ], [ -78.12143088065578, 42.000362905630709 ], [ -78.121539208249317, 42.000361669878259 ], [ -78.136709570152334, 42.0002782122029 ], [ -78.136779491724113, 42.000279177771141 ], [ -78.136779535172252, 42.00027917748325 ], [ -78.144652866922655, 42.000314863412008 ], [ -78.153673132914633, 42.000196486786201 ], [ -78.156104449537622, 42.000164723563394 ], [ -78.167486826489196, 42.000100574679422 ], [ -78.176888266748492, 42.000020714114996 ], [ -78.176890321110434, 42.000020632889125 ], [ -78.177028508232567, 42.000015150363346 ], [ -78.191399809605059, 41.999661094743082 ], [ -78.194853781092661, 41.999575733168427 ], [ -78.195126231406888, 41.999568995211533 ], [ -78.195599520879085, 41.999567338474755 ], [ -78.195604858497347, 41.999567320309815 ], [ -78.196075753019187, 41.999565669807879 ], [ -78.1961242649827, 41.999564424905508 ], [ -78.206379345489864, 41.999518377816607 ], [ -78.233910203773988, 41.999387479569521 ], [ -78.245831294112136, 41.999326756411151 ], [ -78.245904035258604, 41.999327381859459 ], [ -78.268789299431631, 41.999147813453355 ], [ -78.268876948313974, 41.999148147916799 ], [ -78.268877005064041, 41.999148148100062 ], [ -78.272897745063261, 41.999111177194571 ], [ -78.274910480180409, 41.99910505319081 ], [ -78.275081318222504, 41.999104852182761 ], [ -78.275082310511323, 41.999104850857414 ], [ -78.279309495636497, 41.99909978852947 ], [ -78.281132344200017, 41.999098403508327 ], [ -78.307077057862145, 41.999186513526105 ], [ -78.308134441083425, 41.999192991567 ], [ -78.308138005979288, 41.999193012990482 ], [ -78.30813805790649, 41.999193013293407 ], [ -78.311815017940404, 41.999215180633854 ], [ -78.318485612881631, 41.999255094670566 ], [ -78.322657991824869, 41.999279862651626 ], [ -78.322658055759206, 41.999279861699527 ], [ -78.322690861182451, 41.999279301019072 ], [ -78.332181330814777, 41.999395187618049 ], [ -78.344827595943954, 41.99944942925994 ], [ -78.346685085397425, 41.999455260486343 ], [ -78.348771118484535, 41.999465512871708 ], [ -78.359943321290956, 41.999509796434609 ], [ -78.385989453337189, 41.999609020143929 ], [ -78.390286120478009, 41.999624819775718 ], [ -78.409552341042186, 41.999711830781536 ], [ -78.412684840881411, 41.999729340458209 ], [ -78.42877917640034, 41.999810065241142 ], [ -78.442074187650761, 41.999809821097415 ], [ -78.442145968789504, 41.999811117749942 ], [ -78.448168370807096, 41.999812623051184 ], [ -78.462898894897563, 41.999777279267043 ], [ -78.463239998273295, 41.999778708103655 ], [ -78.465339315468384, 41.999787478833561 ], [ -78.467554725529709, 41.99979669820187 ], [ -78.47715208446229, 41.999829525052526 ], [ -78.491701017879137, 41.999877753611159 ], [ -78.505645179349358, 41.999924484499346 ], [ -78.505656886892368, 41.999924502926461 ], [ -78.505719226423011, 41.999924599460677 ], [ -78.519769424959435, 41.999909872960906 ], [ -78.520168390122919, 41.999908994456334 ], [ -78.525131410341672, 41.999901160378109 ], [ -78.533805249004828, 41.99986720381613 ], [ -78.544675935117255, 41.99983631209215 ], [ -78.558868693797137, 41.999866550803908 ], [ -78.579867546908943, 41.999905651760187 ], [ -78.59198631404081, 41.999926465315511 ], [ -78.617984098031144, 41.999966789879409 ], [ -78.618469956814124, 41.999968421522595 ], [ -78.618470197130947, 41.999968422942196 ], [ -78.618775270748955, 41.999969446065769 ], [ -78.619091770802456, 41.999972811790371 ], [ -78.619188279452587, 41.99997496175159 ], [ -78.619474254587743, 41.999975766503404 ], [ -78.623758645769968, 41.999976110359697 ], [ -78.631860661087202, 41.99983471712337 ], [ -78.641822707260474, 41.999657030256429 ], [ -78.67530088222685, 41.999053554370249 ], [ -78.676457867493127, 41.999032657489451 ], [ -78.678067812522656, 41.999008300742396 ], [ -78.678130045615347, 41.999007358464191 ], [ -78.680309863856408, 41.998967815299082 ], [ -78.682078224651846, 41.998937355378807 ], [ -78.682078274106871, 41.99893735469081 ], [ -78.69679295658986, 41.998680276985056 ], [ -78.697153150200606, 41.998671999767829 ], [ -78.698809712070585, 41.998633917138733 ], [ -78.715138597428307, 41.998533035702934 ], [ -78.718887415055534, 41.99850997588031 ], [ -78.755368580628613, 41.998265700851462 ], [ -78.755368636104251, 41.998265699934514 ], [ -78.759235537920802, 41.998202690072006 ], [ -78.774599539578773, 41.998109902427323 ], [ -78.774735456527821, 41.998109072729193 ], [ -78.77929334744978, 41.998081144250442 ], [ -78.780334451257914, 41.998074739523169 ], [ -78.798989041979695, 41.998035748704787 ], [ -78.799118487902533, 41.998035570901799 ], [ -78.816633295214686, 41.998010192569176 ], [ -78.818352778598353, 41.998004738068225 ], [ -78.827520071214863, 41.997950929686361 ], [ -78.837724542154277, 41.997890170202083 ], [ -78.857359294372088, 41.99770515700618 ], [ -78.905795240645574, 41.997993550887927 ], [ -78.917854008307259, 41.998062163340784 ], [ -78.91894141504207, 41.998073243757133 ], [ -78.918946593779467, 41.998073324213365 ], [ -78.936496717640992, 41.998345193210767 ], [ -78.944135988137887, 41.998457114179274 ], [ -78.956963498704951, 41.998643897082765 ], [ -78.961314820420782, 41.998706929861093 ], [ -78.977553234722819, 41.998838559306392 ], [ -78.983144099583825, 41.998883345132732 ], [ -78.996507274136434, 41.998988468763898 ], [ -79.000495085194288, 41.999017774102818 ], [ -79.052532286710871, 41.999387440909224 ], [ -79.05345890360833, 41.999390002565441 ], [ -79.061276005448605, 41.999410761744763 ], [ -79.064767062345467, 41.999419860320756 ], [ -79.091100754709245, 41.999485197998702 ], [ -79.13017566948065, 41.999571446577903 ], [ -79.130219070437292, 41.999571534612564 ], [ -79.145449376257815, 41.999625625452886 ], [ -79.158436355719942, 41.999670147682536 ], [ -79.171866454630944, 41.999582035905512 ], [ -79.179520712348221, 41.999531112822609 ], [ -79.217273812273973, 41.999196190810565 ], [ -79.217363470096132, 41.999195380635882 ], [ -79.217542939182152, 41.999193762531313 ], [ -79.233711526155631, 41.999046849025994 ], [ -79.23432989496186, 41.999041311085413 ], [ -79.234335052255318, 41.999041264570799 ], [ -79.251137190347023, 41.998884678842522 ], [ -79.25639429036417, 41.998835180018382 ], [ -79.262629432053231, 41.998827841493259 ], [ -79.265289935301794, 41.998824606898921 ], [ -79.284735727875145, 41.998802577938598 ], [ -79.295536686008305, 41.998765934457303 ], [ -79.314149146009541, 41.998704412069003 ], [ -79.332997956252711, 41.998858239952376 ], [ -79.342342266733993, 41.99893334806729 ], [ -79.365095599961094, 41.998773952530307 ], [ -79.374296715239666, 41.998722820815694 ], [ -79.378996187637895, 41.998696419493996 ], [ -79.380376796426788, 41.998688626665782 ], [ -79.381689700784293, 41.998681200508422 ], [ -79.382696895722802, 41.998675493908927 ], [ -79.388257724606703, 41.998643825076634 ], [ -79.393963429888046, 41.998609636088815 ], [ -79.40971940852252, 41.998427651905537 ], [ -79.411730524857447, 41.998404267535825 ], [ -79.417787977593278, 41.99842294415734 ], [ -79.445574044299903, 41.998504505190787 ], [ -79.464325180667302, 41.99841204025482 ], [ -79.480959396599815, 41.998417991206196 ], [ -79.491429222401067, 41.99842049721083 ], [ -79.491654228652791, 41.998419875094811 ], [ -79.507441537403352, 41.998375309802732 ], [ -79.510879930741936, 41.998363111731315 ], [ -79.511030020990873, 41.998364320843784 ], [ -79.527994771768348, 41.998452020989141 ], [ -79.527998339893529, 41.99845203931887 ], [ -79.537764436072749, 41.998469998000694 ], [ -79.54017297810131, 41.998480968660644 ], [ -79.551885870903746, 41.998533593995923 ], [ -79.56421816720912, 41.998587820495629 ], [ -79.573854420752582, 41.998609788096644 ], [ -79.589154492458775, 41.99864299993002 ], [ -79.592014558456526, 41.998658536427868 ], [ -79.609594842600856, 41.9987527526037 ], [ -79.609896492855626, 41.998754345476833 ], [ -79.620690378208295, 41.998787150575481 ], [ -79.62532507276552, 41.998802121936109 ], [ -79.632166911996904, 41.998832920173491 ], [ -79.632532818036296, 41.998823476776096 ], [ -79.633472600175736, 41.998819260028156 ], [ -79.635434388361475, 41.998810431699553 ], [ -79.635835263297778, 41.998811053814478 ], [ -79.636174778694567, 41.998822678150894 ], [ -79.638704195374643, 41.99883761333875 ], [ -79.640598021560038, 41.998850673695436 ], [ -79.643529784624846, 41.998885906143634 ], [ -79.644916308092746, 41.998888163079229 ], [ -79.645969975477342, 41.99888986717086 ], [ -79.646836252647091, 41.998897673750278 ], [ -79.649842917151489, 41.998904478005862 ], [ -79.651857650319513, 41.998885865345265 ], [ -79.654982582738668, 41.998883203779883 ], [ -79.659771396698389, 41.998911767061166 ], [ -79.662033857240203, 41.998918342211738 ], [ -79.662438542060926, 41.998906687841938 ], [ -79.663446201014693, 41.998907098644409 ], [ -79.669779088721683, 41.998924245156815 ], [ -79.674402309136099, 41.998920565286838 ], [ -79.678240033240087, 41.998919627305845 ], [ -79.678321468756451, 41.998919606312612 ], [ -79.678395181018942, 41.998917668749279 ], [ -79.678443289691415, 41.998916404195107 ], [ -79.696291497619399, 41.998915056769391 ], [ -79.703397453447948, 41.998913745129741 ], [ -79.703573982800009, 41.998913706763418 ], [ -79.706267844351032, 41.998913090586569 ], [ -79.725768194963521, 41.998906511466146 ], [ -79.760332311243033, 41.998886680562507 ], [ -79.761953284383281, 41.998885495072351 ], [ -79.761954212518745, 41.998885494296381 ], [ -79.761954600996091, 41.998898801380768 ], [ -79.761955722676731, 41.998937232588986 ], [ -79.761950833602825, 42.006265668301559 ], [ -79.761942787964969, 42.018581798171482 ], [ -79.7619474498877, 42.018884960175434 ], [ -79.761936904342804, 42.022938567663843 ], [ -79.761926503756897, 42.025847361976616 ], [ -79.761926496879624, 42.025849271881697 ], [ -79.761918882242696, 42.027980879078228 ], [ -79.761876398876623, 42.037534820700571 ], [ -79.761876461765695, 42.037550139145324 ], [ -79.76189414824897, 42.041870534471634 ], [ -79.761873838092654, 42.083909968623182 ], [ -79.761872772659657, 42.086270843784455 ], [ -79.761872757985728, 42.086332230209983 ], [ -79.761870814662061, 42.094815106482962 ], [ -79.761872031170029, 42.099928885297984 ], [ -79.761873689440989, 42.106659149238943 ], [ -79.761870769544899, 42.107512958503833 ], [ -79.761870205862934, 42.107589180005952 ], [ -79.761868398718335, 42.107833865399421 ], [ -79.761868918388558, 42.117297296285557 ], [ -79.761869015007051, 42.118831617182288 ], [ -79.761850292909926, 42.129422079618799 ], [ -79.761851158901194, 42.130185629440739 ], [ -79.761847672651967, 42.131103042765197 ], [ -79.761847671914268, 42.131103194051981 ], [ -79.761847542044293, 42.131137247381382 ], [ -79.761843341577659, 42.1312269909237 ], [ -79.761851026201725, 42.133648591809511 ], [ -79.761867683522709, 42.138888494406629 ], [ -79.761866403837203, 42.144713538947705 ], [ -79.761865130718888, 42.150742263696849 ], [ -79.761865114894064, 42.150819293240268 ], [ -79.761859904310768, 42.153511831210999 ], [ -79.761856232534001, 42.155282910594806 ], [ -79.761852049337563, 42.160072301271825 ], [ -79.761844274695662, 42.162269159441315 ], [ -79.761842682016351, 42.162719550341961 ], [ -79.761847969735427, 42.163675541830742 ], [ -79.761872156802028, 42.1680451217712 ], [ -79.761854870998334, 42.171249285239028 ], [ -79.76184336610504, 42.173383161502905 ], [ -79.761809763355743, 42.179622192445812 ], [ -79.76183278465902, 42.181749309501313 ], [ -79.761841234336529, 42.182529894626974 ], [ -79.761826444765745, 42.182995862405072 ], [ -79.761804713762984, 42.183680479020481 ], [ -79.761859325445045, 42.197008732037155 ], [ -79.761859325945309, 42.197008915683803 ], [ -79.761859421231222, 42.1970320493175 ], [ -79.761855073856452, 42.200244433312271 ], [ -79.761852626932495, 42.200314571830468 ], [ -79.761852448614746, 42.200319684123613 ], [ -79.76185259078872, 42.200355345702107 ], [ -79.76185259124631, 42.200355448320749 ], [ -79.761928140161416, 42.21916318608892 ], [ -79.761853017510518, 42.225869539995536 ], [ -79.761822127059958, 42.228628554393026 ], [ -79.761873982840612, 42.233163380591868 ], [ -79.76185211737635, 42.241186560507714 ], [ -79.761851226446566, 42.241514237929941 ], [ -79.761846513755643, 42.243247704971644 ], [ -79.761845980605457, 42.243312476976165 ], [ -79.761846483659298, 42.243356995289815 ], [ -79.761852196686661, 42.24386314096617 ], [ -79.76188309003804, 42.246599466634876 ], [ -79.761940535395283, 42.25168447473515 ], [ -79.761935334420613, 42.252163275812826 ], [ -79.761939771803782, 42.252705470325616 ], [ -79.761854742451334, 42.267543326497737 ], [ -79.761848995571228, 42.267633874778639 ], [ -79.761848526971832, 42.267641257155567 ], [ -79.76184717958499, 42.268048625761018 ], [ -79.761857762145013, 42.268920849994252 ], [ -79.761860634629855, 42.269157629037046 ], [ -79.76186923573016, 42.269407724101768 ], [ -79.761857812774508, 42.51608307167502 ], [ -79.303585698173251, 42.690297883123897 ], [ -79.30027852731854, 42.691545169689 ], [ -79.296806099417779, 42.692854629494278 ], [ -78.935382072836987, 42.828291588020413 ], [ -78.933718110211075, 42.832646007188991 ], [ -78.916127521980812, 42.878643740373136 ], [ -78.915489726543541, 42.881284856986333 ], [ -78.905930779388484, 42.900289162582581 ], [ -78.906068024397698, 42.923759757708055 ], [ -78.909492624324116, 42.933704395104719 ], [ -78.913899745810951, 42.939756991786425 ], [ -78.914460900076691, 42.940527557385344 ], [ -78.915326107257144, 42.9417155954687 ], [ -78.919233508748647, 42.947080258464368 ], [ -78.9223556928264, 42.949144870983382 ], [ -78.932751626205004, 42.956017736932317 ], [ -78.961765329093609, 42.957851784795103 ], [ -78.975027649363554, 42.968781869471528 ], [ -79.011676800815465, 42.985289706475683 ], [ -79.020195255400154, 42.994823253748244 ], [ -79.023439008603631, 43.016288669430217 ], [ -79.011840414198161, 43.029160805329809 ], [ -79.005315447389123, 43.04724490013313 ], [ -78.999657507908111, 43.055991791692797 ], [ -79.007414494287048, 43.065918956486833 ], [ -79.011539574870241, 43.066626606833957 ], [ -79.019829148666162, 43.06804816137462 ], [ -79.07409579593147, 43.077851323282879 ], [ -79.075375315090213, 43.081620226630058 ], [ -79.069789269348689, 43.088541275328772 ], [ -79.066216636044771, 43.091342916701578 ], [ -79.057894719758025, 43.107097604865153 ], [ -79.058669206918111, 43.110920924860849 ], [ -79.060126491963217, 43.113866468167643 ], [ -79.062584650607619, 43.116091739485071 ], [ -79.069669658516233, 43.120322001777971 ], [ -79.059429389265006, 43.126475879282644 ], [ -79.057107371327945, 43.127036714726522 ], [ -79.054141730528883, 43.129368932375066 ], [ -79.052566970434142, 43.131639204903429 ], [ -79.052167181388725, 43.132098012910397 ], [ -79.04950828997805, 43.135149195021128 ], [ -79.043690647080069, 43.138406948912525 ], [ -79.04231622665759, 43.143664697259538 ], [ -79.042841308424883, 43.149277169848361 ], [ -79.044233893013953, 43.151879937506337 ], [ -79.044964528675635, 43.155925485197763 ], [ -79.046646297854565, 43.162376024639393 ], [ -79.048585273738539, 43.164666145564247 ], [ -79.048855514004146, 43.164985308032101 ], [ -79.051084513092661, 43.167617673739812 ], [ -79.053320384858552, 43.173905690691754 ], [ -79.052996708984381, 43.179452446561818 ], [ -79.052727856916661, 43.184059530807474 ], [ -79.048708185988517, 43.200156914364776 ], [ -79.056571968282299, 43.210315154557534 ], [ -79.054378996115588, 43.218521983146452 ], [ -79.053060055089119, 43.223456992007883 ], [ -79.055803028012832, 43.239090244602103 ], [ -79.054691065036607, 43.248754934880495 ], [ -79.055944174627612, 43.254669636078809 ], [ -79.070391378649703, 43.26239932571692 ], [ -79.200662819492649, 43.450478047164729 ], [ -78.69038850430006, 43.63112735004173 ], [ -78.690373287189402, 43.63112747642726 ], [ -78.466645409093928, 43.632763836917412 ], [ -78.462870183584158, 43.632787685736034 ], [ -78.459096444039474, 43.632811400406055 ], [ -78.012768544927553, 43.634736189030633 ], [ -78.00899329422613, 43.634745026880765 ], [ -78.005215360776802, 43.63475374636166 ], [ -77.388298611504624, 43.634500666793457 ], [ -77.384522374304211, 43.634488854143022 ], [ -77.380745686816454, 43.634476915100727 ], [ -76.875715800435373, 43.631755330937743 ], [ -76.796687221883829, 43.631127357153851 ], [ -76.796686922394656, 43.631127748128534 ], [ -76.750431998068137, 43.691441079141576 ], [ -76.746962043971024, 43.69596015250027 ], [ -76.745121988331235, 43.698356225712494 ], [ -76.651875331487517, 43.81949666676342 ], [ -76.650753179285502, 43.820951122777885 ], [ -76.65028016470481, 43.821564188453571 ], [ -76.648432168755832, 43.823959202162861 ], [ -76.646584355991678, 43.82635376121906 ], [ -76.646579799936546, 43.82635966482956 ], [ -76.646575001326411, 43.826365883460902 ], [ -76.450037673022422, 44.07981692577512 ], [ -76.438932862363686, 44.094064357085365 ], [ -76.352836334758152, 44.134329776899285 ], [ -76.31270339159029, 44.199043357898788 ], [ -76.286663053138881, 44.203803806595673 ], [ -76.286647399009567, 44.203803828980227 ], [ -76.245456336116277, 44.203855041735821 ], [ -76.245455768850661, 44.203855205475854 ], [ -76.206813549966171, 44.214985133171318 ], [ -76.202143541266111, 44.21697595254409 ], [ -76.191710172489351, 44.221422515315822 ], [ -76.164297433960456, 44.239815603340197 ], [ -76.161805462903573, 44.280716004397391 ], [ -76.131168260480877, 44.296371875831767 ], [ -76.131161528345714, 44.296367010664014 ], [ -76.129446507359177, 44.295127430985225 ], [ -76.118181084547118, 44.294923279505902 ], [ -76.118180182990884, 44.294923726778087 ], [ -76.111825930153898, 44.29807328933137 ], [ -76.09696559498984, 44.299706104204859 ], [ -76.070986026509786, 44.315909895990899 ], [ -76.045506695792412, 44.331787360693106 ], [ -76.00800102209061, 44.344201617906563 ], [ -76.001105547602208, 44.347866394746163 ], [ -76.001090927021295, 44.347865491159752 ], [ -75.992414477479272, 44.347328999940252 ], [ -75.990653582257011, 44.347070968561582 ], [ -75.990645131095434, 44.347072305873439 ], [ -75.990307742534867, 44.347125696698619 ], [ -75.988076022168798, 44.347202946183771 ], [ -75.988073777990266, 44.347202592876769 ], [ -75.986083170938528, 44.346889363412238 ], [ -75.986073817969384, 44.346890646051364 ], [ -75.983157490040867, 44.347290629818488 ], [ -75.982952220030896, 44.347318780548228 ], [ -75.981928644558664, 44.347459145591181 ], [ -75.98192647227458, 44.347457310563684 ], [ -75.980431061606041, 44.346194390613306 ], [ -75.980212415081965, 44.346009730154215 ], [ -75.980199727010572, 44.346013171927929 ], [ -75.978451849505248, 44.346487260437975 ], [ -75.978441382137859, 44.346485740383905 ], [ -75.97503202252355, 44.345990652623037 ], [ -75.972925723974996, 44.343034850798553 ], [ -75.970178683232305, 44.342532673113354 ], [ -75.970172308283793, 44.342534682700759 ], [ -75.965029038705964, 44.344155676646913 ], [ -75.949718509791182, 44.348979171989924 ], [ -75.940845068772461, 44.354669083175338 ], [ -75.929514850447617, 44.359290428073301 ], [ -75.921656794229634, 44.368756164875144 ], [ -75.921641658719693, 44.368754533244164 ], [ -75.912829876572417, 44.367804083781323 ], [ -75.912827377079736, 44.367805737783975 ], [ -75.895709759432748, 44.379131128728929 ], [ -75.869928593117905, 44.396175489870508 ], [ -75.862832602144337, 44.401421911557989 ], [ -75.860168062456808, 44.403391584936024 ], [ -75.857453322993052, 44.405398167184707 ], [ -75.821380599760943, 44.43204202357402 ], [ -75.807583839948634, 44.471707301153494 ], [ -75.766934254692345, 44.515272043118578 ], [ -75.738675582133254, 44.534940167486837 ], [ -75.738344368118632, 44.535170574096988 ], [ -75.725876577992864, 44.543841680331781 ], [ -75.723310410949651, 44.546184501341095 ], [ -75.720287263038003, 44.547985093347954 ], [ -75.699350409349876, 44.565716160320299 ], [ -75.661338152079225, 44.592728093347283 ], [ -75.620020241610376, 44.618716507616718 ], [ -75.61041072166941, 44.625964640820705 ], [ -75.610287323353361, 44.626057699367806 ], [ -75.520641082724765, 44.693548938745515 ], [ -75.519730772482461, 44.694233114257607 ], [ -75.504928074238535, 44.705355329184407 ], [ -75.47611824032235, 44.720771967378404 ], [ -75.443895586902684, 44.742474327722924 ], [ -75.42365053150958, 44.756096689015756 ], [ -75.41373454778747, 44.772177028036118 ], [ -75.396532164803574, 44.773501243529864 ], [ -75.387872111838334, 44.779583231090797 ], [ -75.369942435170856, 44.782977363332542 ], [ -75.369578870461297, 44.787764464165967 ], [ -75.344404073117886, 44.809042216657765 ], [ -75.344391274916958, 44.80903894603302 ], [ -75.333542359004213, 44.806265969246034 ], [ -75.333537608368388, 44.806269079888374 ], [ -75.332056985725885, 44.807238665056197 ], [ -75.305945825246042, 44.823886298502664 ], [ -75.305333085057271, 44.824277334093971 ], [ -75.305333040932695, 44.824277362118771 ], [ -75.30187673211249, 44.82648293208873 ], [ -75.307419654572143, 44.836633001769783 ], [ -75.284863957248817, 44.848316266882392 ], [ -75.268301567684588, 44.854907823910679 ], [ -75.256075744318181, 44.857342368984149 ], [ -75.241031836178081, 44.867153461987378 ], [ -75.228238937103356, 44.868330021749493 ], [ -75.218380730359399, 44.877771491752881 ], [ -75.202895417486133, 44.877848708053378 ], [ -75.194162707884175, 44.882677355246066 ], [ -75.188878355432522, 44.883186997291546 ], [ -75.176727059605952, 44.888455018000776 ], [ -75.164973599064069, 44.89354841498789 ], [ -75.139988087150243, 44.896946926581656 ], [ -75.139036511602868, 44.90017948916018 ], [ -75.134656258689063, 44.915054810623054 ], [ -75.117579469342658, 44.92109059915353 ], [ -75.11756679591906, 44.92108917187231 ], [ -75.104768683356298, 44.919647158798981 ], [ -75.104766780831028, 44.91964884932964 ], [ -75.096426412040884, 44.927060249177522 ], [ -75.064678374861401, 44.929492879728485 ], [ -75.059936956181602, 44.934474374912789 ], [ -75.026699958287438, 44.946630048482511 ], [ -75.00502754038142, 44.958401699623792 ], [ -75.002902580026401, 44.962444908175677 ], [ -74.999433939510524, 44.966132839407656 ], [ -74.999340764066517, 44.971751317977088 ], [ -74.99281543893234, 44.977508751261077 ], [ -74.972548785988394, 44.983482727941137 ], [ -74.947241060725347, 44.984866599441332 ], [ -74.94723067113469, 44.984866242664978 ], [ -74.939305003582348, 44.984594047435372 ], [ -74.938920460559373, 44.984580826501031 ], [ -74.908054744656411, 44.983515412989163 ], [ -74.908054316312615, 44.983515966264449 ], [ -74.901041510190893, 44.992560875838493 ], [ -74.888455837131872, 44.999968370449864 ], [ -74.877196377761393, 45.001437339103823 ], [ -74.877186359805407, 45.001436438941141 ], [ -74.866361023200938, 45.000462721522098 ], [ -74.866359758813871, 45.000464098237508 ], [ -74.862601982987698, 45.004556034526928 ], [ -74.862585338105035, 45.004555861468177 ], [ -74.856173962939621, 45.004488869659347 ], [ -74.856173699899898, 45.004489021460529 ], [ -74.846101154373244, 45.010316352180617 ], [ -74.841885847348181, 45.011287474128061 ], [ -74.834767633366866, 45.014641619654633 ], [ -74.826537580597417, 45.015870524557556 ], [ -74.826533380419619, 45.015868619676951 ], [ -74.817078850543822, 45.011580883171924 ], [ -74.817071006438439, 45.011584913365198 ], [ -74.813244461862851, 45.013550858854941 ], [ -74.801477418880509, 45.014559742042842 ], [ -74.801476798095649, 45.014558327664822 ], [ -74.799832118597308, 45.0108134100876 ], [ -74.792870960174497, 45.004420457880812 ], [ -74.792854977268192, 45.004421164349338 ], [ -74.763124309415218, 45.005731936766807 ], [ -74.763124110805308, 45.00573117299222 ], [ -74.760340242346075, 44.994998425558414 ], [ -74.744497533140347, 44.990660788977038 ], [ -74.730947312935683, 44.990465625336661 ], [ -74.730947083654826, 44.990465825539793 ], [ -74.729702065023559, 44.991550501091659 ], [ -74.726316695691452, 44.994499601274612 ], [ -74.726242179741632, 44.994564509374669 ], [ -74.723800681486665, 44.996691116977225 ], [ -74.722647708749889, 44.997695312117017 ], [ -74.721789435173406, 44.998442805355623 ], [ -74.702275522683337, 45.003312438968834 ], [ -74.702266187364671, 45.003310536831194 ], [ -74.696195161403423, 45.00207332859415 ], [ -74.683546239259897, 44.999494411080732 ], [ -74.683536162962952, 44.999495732548695 ], [ -74.674969600529082, 45.000618903142509 ], [ -74.673271752243181, 45.000841428161515 ], [ -74.670525570865948, 45.006285669273801 ], [ -74.670514342108333, 45.006274604129707 ], [ -74.664454104460731, 45.001745637025145 ], [ -74.661326345328007, 44.999407778248433 ], [ -74.661291716638644, 44.999417466049181 ], [ -74.661261455923608, 44.999425931730592 ], [ -74.661221812357425, 44.999437021539059 ], [ -74.660856780273917, 44.999437654794072 ], [ -74.66085661913678, 44.999437655215772 ], [ -74.660856535398977, 44.999437654967075 ], [ -74.660856492261331, 44.999437654838985 ], [ -74.660805946209706, 44.99943774327766 ], [ -74.658828247127914, 44.99943767566262 ], [ -74.651916304028362, 44.999437443293822 ], [ -74.651867373671706, 44.999437439980852 ], [ -74.646836933472727, 44.999437290045741 ], [ -74.646691258852968, 44.999437292272312 ], [ -74.637008043629777, 44.999437036918799 ], [ -74.636978722212959, 44.999437034638746 ], [ -74.636855203732026, 44.999437921120581 ], [ -74.634183110700533, 44.999437064693332 ], [ -74.633885320547236, 44.999436964719713 ], [ -74.633870418793137, 44.999436960156501 ], [ -74.628328792314775, 44.999436815238255 ], [ -74.625350494252245, 44.999420173893355 ], [ -74.620367731240947, 44.999392158070975 ], [ -74.615896664649583, 44.999367998272461 ], [ -74.612639995241821, 44.999350290509788 ], [ -74.604959480342544, 44.999305649964299 ], [ -74.604303086108857, 44.999300733710562 ], [ -74.603487394310037, 44.999294617985704 ], [ -74.601241689366532, 44.999277752012098 ], [ -74.600436051597811, 44.99927169100588 ], [ -74.600415120476114, 44.999271533154939 ], [ -74.600303738173807, 44.999270695095362 ], [ -74.600281958283261, 44.999270531548909 ], [ -74.600217244096143, 44.999270043974391 ], [ -74.60018479438493, 44.999269799849117 ], [ -74.600148977526217, 44.999269530422843 ], [ -74.598175707997427, 44.999254655012123 ], [ -74.598150953011057, 44.999254467988798 ], [ -74.596452772994439, 44.999241639462987 ], [ -74.595331731413125, 44.999233156448305 ], [ -74.594770267648329, 44.999228701774271 ], [ -74.585578715635393, 44.999155389108381 ], [ -74.585542928221372, 44.999155102605336 ], [ -74.582277090272953, 44.999129399490393 ], [ -74.582276972287033, 44.99912939815863 ], [ -74.582229588977981, 44.999129024993472 ], [ -74.580109473543899, 44.999112288331084 ], [ -74.575665224694063, 44.999077075782253 ], [ -74.571700031393135, 44.999022096598836 ], [ -74.571642621790303, 44.999021299757302 ], [ -74.570747618116528, 44.999008868035787 ], [ -74.568358087254865, 44.998975643792015 ], [ -74.568358035243676, 44.99897564269525 ], [ -74.568357984501191, 44.998975641603273 ], [ -74.567848595016073, 44.998968553497143 ], [ -74.5677620653329, 44.998967347446708 ], [ -74.56747060062547, 44.998963285013829 ], [ -74.567463201953387, 44.998963182276412 ], [ -74.567456639313534, 44.998963090806683 ], [ -74.56745601641444, 44.998963082146162 ], [ -74.567443935218449, 44.998962913962345 ], [ -74.567130552381357, 44.998958546195858 ], [ -74.559505084164186, 44.998851997412039 ], [ -74.558687509622132, 44.998840543062563 ], [ -74.55229362393473, 44.998749607657011 ], [ -74.550576151983705, 44.998725119970764 ], [ -74.550084766219669, 44.998718108994922 ], [ -74.547452661797479, 44.99868043617618 ], [ -74.546402478117244, 44.998665388345671 ], [ -74.546401456882904, 44.998665373487199 ], [ -74.545704074563972, 44.998655375634804 ], [ -74.541159804967151, 44.998590121174828 ], [ -74.538884155338451, 44.998550430046663 ], [ -74.537176229546972, 44.998520610471139 ], [ -74.537142969968471, 44.998520029182885 ], [ -74.532271422423207, 44.998434833727437 ], [ -74.529862627081229, 44.998392630560822 ], [ -74.52770044779102, 44.998354292671337 ], [ -74.527698854469065, 44.998354264477392 ], [ -74.527698433301808, 44.998354257334462 ], [ -74.527696500002619, 44.99835422323352 ], [ -74.527695346871184, 44.998354203161334 ], [ -74.52769308755056, 44.998354163211062 ], [ -74.524718325372064, 44.998301351949877 ], [ -74.52471797270843, 44.998301345981226 ], [ -74.519373775510175, 44.998206275952654 ], [ -74.511344496595854, 44.998063097367996 ], [ -74.509084925032766, 44.998022702980229 ], [ -74.508004372945507, 44.9980032331462 ], [ -74.507890483723429, 44.998000454158742 ], [ -74.506664302737164, 44.997978549945962 ], [ -74.50563762496752, 44.997960199624956 ], [ -74.50559723690175, 44.997959477469742 ], [ -74.505597181086827, 44.997959476327921 ], [ -74.505597124003216, 44.997959475180608 ], [ -74.50165431395655, 44.997888914438462 ], [ -74.501543500160778, 44.997886929309857 ], [ -74.501531226985222, 44.997886709205716 ], [ -74.501392529305406, 44.997884224140513 ], [ -74.501204396431206, 44.997880853261194 ], [ -74.501047168924217, 44.997877915064592 ], [ -74.49323892103412, 44.997731715751044 ], [ -74.493193176600059, 44.997730857417586 ], [ -74.492597243009655, 44.997719988898503 ], [ -74.4895860837604, 44.997665022320845 ], [ -74.489283065776903, 44.997659486234518 ], [ -74.486048595497181, 44.997600346157327 ], [ -74.479445682664533, 44.997480947432642 ], [ -74.479288345436927, 44.997478039991265 ], [ -74.465370348475346, 44.997219982300209 ], [ -74.463708953901431, 44.997184411730736 ], [ -74.462411251567758, 44.997156611280865 ], [ -74.462382754059618, 44.997156001829154 ], [ -74.461049637454508, 44.997127425959079 ], [ -74.461049582910135, 44.997127424801469 ], [ -74.461049529634465, 44.997127423649857 ], [ -74.4567172377525, 44.997034455193088 ], [ -74.456434057769286, 44.997028372694437 ], [ -74.455836608641519, 44.997008892821938 ], [ -74.44920057945258, 44.996792316459519 ], [ -74.447037331754601, 44.99672073415362 ], [ -74.441988543531934, 44.996553505085352 ], [ -74.441294449927668, 44.996530497231653 ], [ -74.441196207106756, 44.996527240368771 ], [ -74.439558719458375, 44.996472941850357 ], [ -74.43701176503744, 44.996366310093897 ], [ -74.432788131485154, 44.996189354974476 ], [ -74.424056623470534, 44.995823038598935 ], [ -74.422933377799069, 44.995775864951 ], [ -74.417026003484779, 44.995525878350556 ], [ -74.411455331548467, 44.995289857936982 ], [ -74.406726129761978, 44.995097207576904 ], [ -74.406662338135135, 44.995094607678901 ], [ -74.406562824070292, 44.995090551951407 ], [ -74.406560417125931, 44.995090453925656 ], [ -74.40655827902529, 44.995090367199019 ], [ -74.400827274823968, 44.994856636327334 ], [ -74.39369132002264, 44.994566887408162 ], [ -74.390640819925665, 44.99444288737206 ], [ -74.388182723407354, 44.994342440670195 ], [ -74.380457087372648, 44.99402639729535 ], [ -74.380375990238079, 44.994023053292892 ], [ -74.372357585147412, 44.993692102945559 ], [ -74.370098447048605, 44.993598757010972 ], [ -74.367077098809915, 44.993466097413062 ], [ -74.360870384153458, 44.99319332372589 ], [ -74.359334069378832, 44.993125979582764 ], [ -74.35924192758641, 44.993121940177367 ], [ -74.356138847271922, 44.992985851776403 ], [ -74.351552591290613, 44.992784561174638 ], [ -74.343768009088819, 44.992385081269319 ], [ -74.342867896333559, 44.992338855702513 ], [ -74.338431306658407, 44.992110904183079 ], [ -74.336528036420333, 44.992013061495889 ], [ -74.33434548551952, 44.991993133099108 ], [ -74.329020113096206, 44.991944333727822 ], [ -74.326836188980721, 44.991924250135504 ], [ -74.326833216303669, 44.991924277622594 ], [ -74.319899065380255, 44.991989921189735 ], [ -74.319808029742916, 44.991990780612014 ], [ -74.311502512570641, 44.992068844940341 ], [ -74.30839966490781, 44.992077207419847 ], [ -74.308096882170588, 44.992077210664782 ], [ -74.308012977301374, 44.992077209993745 ], [ -74.307985656479318, 44.992077310900711 ], [ -74.307449810549372, 44.992079292749231 ], [ -74.307257974864555, 44.992079999840158 ], [ -74.305460709195074, 44.992082793455992 ], [ -74.304886588610003, 44.992083970573361 ], [ -74.302751450219262, 44.992088321986458 ], [ -74.302220952079722, 44.992089396451505 ], [ -74.29287986621155, 44.992107920283559 ], [ -74.288443557011988, 44.992116811059432 ], [ -74.285131059676601, 44.99212333741923 ], [ -74.277168396210257, 44.992138632495639 ], [ -74.262893073444772, 44.992166554050698 ], [ -74.24855656600657, 44.992188900943553 ], [ -74.243172915214487, 44.992168420311039 ], [ -74.243172776947375, 44.992168419394709 ], [ -74.242963923763256, 44.99216762021527 ], [ -74.241980998907849, 44.992163848426777 ], [ -74.234121988398186, 44.992136009511974 ], [ -74.228029798234729, 44.992113740004072 ], [ -74.225161001840405, 44.992103470865167 ], [ -74.223031513558965, 44.992095801694312 ], [ -74.219534618849949, 44.992083120871143 ], [ -74.207971221551503, 44.992038863593784 ], [ -74.207969592733164, 44.992038857698255 ], [ -74.207966448004726, 44.992038845790042 ], [ -74.207961731552501, 44.992038827481927 ], [ -74.205038924978538, 44.992027455841772 ], [ -74.194376726791504, 44.991938446019837 ], [ -74.194376551740461, 44.991938444784942 ], [ -74.193057332669866, 44.991927362679803 ], [ -74.181011846988284, 44.991824495430812 ], [ -74.179615823716162, 44.991808272839336 ], [ -74.176726386480865, 44.991774642298218 ], [ -74.174827700251043, 44.99175250381505 ], [ -74.168328990204898, 44.991676666172673 ], [ -74.167163739044483, 44.991663028571956 ], [ -74.166235568311052, 44.991652157177825 ], [ -74.162970750491993, 44.991594462752737 ], [ -74.160899952535445, 44.991557819628667 ], [ -74.158854287320665, 44.991521585126634 ], [ -74.154289850526638, 44.991441510241756 ], [ -74.150153432960806, 44.991368786888266 ], [ -74.15015174489929, 44.991368842740677 ], [ -74.150150056837802, 44.991368898593073 ], [ -74.148009469996083, 44.991439320325625 ], [ -74.146944791768533, 44.991474331239253 ], [ -74.145730282736565, 44.991513785500196 ], [ -74.144766707562226, 44.991545079111042 ], [ -74.143477300712036, 44.991586938014045 ], [ -74.143474306627894, 44.991587035283182 ], [ -74.141704997557881, 44.991644449656498 ], [ -74.134699174922829, 44.991871519600096 ], [ -74.122592461453962, 44.992260377283401 ], [ -74.115342221014004, 44.992543202675684 ], [ -74.110338512204322, 44.992738122627152 ], [ -74.098048444594212, 44.993213088285401 ], [ -74.085927835760288, 44.993676945842125 ], [ -74.085782652122163, 44.993684328285532 ], [ -74.085763932015823, 44.993685280254702 ], [ -74.085753726994994, 44.993685280472619 ], [ -74.085719478524624, 44.993685280837454 ], [ -74.072884890353407, 44.994124154745023 ], [ -74.060066965377402, 44.994563040914137 ], [ -74.05430280956945, 44.994757734043517 ], [ -74.047143473784942, 44.994999143638736 ], [ -74.046497632399451, 44.995020884711145 ], [ -74.045740557857272, 44.995046366487152 ], [ -74.041785899542816, 44.99518620210948 ], [ -74.040076116066587, 44.995246617127222 ], [ -74.039813769976504, 44.99525588452331 ], [ -74.036910390261568, 44.995358410258397 ], [ -74.036700778244452, 44.99536580893573 ], [ -74.031266397234489, 44.995559603431388 ], [ -74.027405579483187, 44.995697125507121 ], [ -74.027405349715181, 44.995697133452332 ], [ -74.027355882714019, 44.995698895103715 ], [ -74.024424682797729, 44.995803217671636 ], [ -74.023537661812568, 44.995834772282258 ], [ -74.022899419572738, 44.995857471963284 ], [ -74.011285316257272, 44.996268813526896 ], [ -74.010678670277684, 44.996290266438216 ], [ -74.007520126191949, 44.996401911779017 ], [ -74.006894549928845, 44.996424001933114 ], [ -74.004844858611563, 44.996496356707475 ], [ -73.999424164727017, 44.996687814112967 ], [ -73.999287631747336, 44.996692631919665 ], [ -73.992410565760125, 44.996935146723231 ], [ -73.977248521724633, 44.997498832001618 ], [ -73.974575985457449, 44.997598311033506 ], [ -73.971800961619621, 44.997701538871851 ], [ -73.96750125925675, 44.997862709781593 ], [ -73.962980972732169, 44.998031974399055 ], [ -73.955358336627555, 44.998332652067795 ], [ -73.952135856011722, 44.998459609771942 ], [ -73.945584730174886, 44.99871824124925 ], [ -73.94508930495536, 44.998737784495383 ], [ -73.941510194640102, 44.998878908904814 ], [ -73.939298945393148, 44.998959435682586 ], [ -73.937853858206537, 44.99901112000137 ], [ -73.932073495768776, 44.999217673328978 ], [ -73.921497833553346, 44.999598083485196 ], [ -73.912922381251377, 44.999909071373132 ], [ -73.902741450036828, 45.000272790514408 ], [ -73.900316629562099, 45.000359135505391 ], [ -73.899466331789583, 45.000389401927862 ], [ -73.892985539005991, 45.000619850131088 ], [ -73.882765716637238, 45.000983567658061 ], [ -73.872573672953536, 45.001266729984053 ], [ -73.861826046501747, 45.001569332039054 ], [ -73.850028382794349, 45.001894135916189 ], [ -73.841411388475507, 45.002132886010784 ], [ -73.823488471082356, 45.002390922604697 ], [ -73.815220743348746, 45.002508746978513 ], [ -73.813678663196896, 45.002530655540667 ], [ -73.808523802652687, 45.00260374144284 ], [ -73.804737090109441, 45.002657280721074 ], [ -73.801756962170643, 45.002698901343365 ], [ -73.792892700180516, 45.002823756358744 ], [ -73.783627033807178, 45.002951285137215 ], [ -73.783623056058062, 45.002951339985977 ], [ -73.783622359252334, 45.002951349667057 ], [ -73.783621916293555, 45.002951355750845 ], [ -73.783620082279512, 45.0029513803238 ], [ -73.780680978972867, 45.00297314022589 ], [ -73.774603030348047, 45.003017897669388 ], [ -73.769346438296083, 45.003054785890754 ], [ -73.769139934001856, 45.00305623022161 ], [ -73.767486060740183, 45.003067783078372 ], [ -73.756470865947634, 45.003142324777023 ], [ -73.756368429124819, 45.003142412738207 ], [ -73.753750106443249, 45.003144617964104 ], [ -73.745974052753397, 45.003150819075579 ], [ -73.734872850225599, 45.003160341265861 ], [ -73.729334555809345, 45.003164688181066 ], [ -73.723128771868858, 45.003167458047898 ], [ -73.718167476088198, 45.003167454335845 ], [ -73.716684090371714, 45.003170230539993 ], [ -73.709378949384472, 45.003173965889658 ], [ -73.705472569467418, 45.003175771561196 ], [ -73.692255412367842, 45.003053534507501 ], [ -73.681516131917434, 45.002947967642299 ], [ -73.675329793553445, 45.002886847878209 ], [ -73.667182269210869, 45.002878503260646 ], [ -73.662458999990008, 45.002915724566272 ], [ -73.662280325479529, 45.002917128729756 ], [ -73.660123674830359, 45.002934056188899 ], [ -73.657438927570453, 45.002954498404151 ], [ -73.652073376076771, 45.002995163422121 ], [ -73.650242750193598, 45.003006272427491 ], [ -73.647258756059884, 45.003099413284446 ], [ -73.64717944118307, 45.003101888050644 ], [ -73.643475834341984, 45.003217379476702 ], [ -73.63150039547034, 45.003592369417028 ], [ -73.618894381608797, 45.003986803021796 ], [ -73.613636008841851, 45.00414972113095 ], [ -73.612109526430842, 45.004196970420473 ], [ -73.607857863665956, 45.0043284632319 ], [ -73.603129910522156, 45.004464569018218 ], [ -73.603060295552339, 45.004466500754944 ], [ -73.59581297400473, 45.004667343629436 ], [ -73.591379364054475, 45.004791510091309 ], [ -73.587476551101588, 45.004900668007551 ], [ -73.580120677803265, 45.00510899534239 ], [ -73.57712385562921, 45.005193213402983 ], [ -73.576957811984315, 45.005197877587463 ], [ -73.572812724111031, 45.005314229374022 ], [ -73.572603602280211, 45.005320095147965 ], [ -73.5639003543087, 45.005595082458974 ], [ -73.560275127013256, 45.005711761187776 ], [ -73.560102925900054, 45.005717300819725 ], [ -73.556348974156606, 45.005837219451593 ], [ -73.553349919338572, 45.00593293402634 ], [ -73.553199554673796, 45.005937730785824 ], [ -73.552446958929565, 45.005961736026535 ], [ -73.542307525324887, 45.006283943553072 ], [ -73.532195868802035, 45.006597818902549 ], [ -73.524378481132032, 45.00684324441891 ], [ -73.519595283208545, 45.006993146317278 ], [ -73.517228395023594, 45.007067243407349 ], [ -73.511099115724818, 45.007258129293376 ], [ -73.506161135854867, 45.007411674537821 ], [ -73.502291936886834, 45.007532302311184 ], [ -73.500347074262891, 45.007592886356825 ], [ -73.492406919006299, 45.007839884446476 ], [ -73.492063266610913, 45.007850562405139 ], [ -73.484821311674665, 45.008050568347336 ], [ -73.483941894947662, 45.008073852147064 ], [ -73.481862253716685, 45.008128887411175 ], [ -73.47658287979641, 45.008275085546927 ], [ -73.471843019715877, 45.008406134783776 ], [ -73.460364785188361, 45.008670035178191 ], [ -73.4530281000727, 45.008837707834985 ], [ -73.452828377622509, 45.008842265328774 ], [ -73.452067232457139, 45.008858930382239 ], [ -73.451972784484056, 45.00886170976532 ], [ -73.451822702875816, 45.008863832855646 ], [ -73.451738587929214, 45.008865021985308 ], [ -73.445994370345986, 45.008997233741368 ], [ -73.441736264906083, 45.009095053881417 ], [ -73.440540848154313, 45.00912191880019 ], [ -73.438150012342945, 45.009175610139835 ], [ -73.433183170137511, 45.00928870137156 ], [ -73.427891267104712, 45.009408955768762 ], [ -73.417926982733889, 45.009592296218102 ], [ -73.414337953966509, 45.009656204340864 ], [ -73.408193281048241, 45.009767359290144 ], [ -73.400415214491133, 45.00991186261146 ], [ -73.40030132233845, 45.00991464278804 ], [ -73.400225947501141, 45.009915858791238 ], [ -73.400127235267817, 45.009917451687606 ], [ -73.399593284977811, 45.00992606582367 ], [ -73.399440180171453, 45.009928535845425 ], [ -73.395246489658902, 45.010004327483578 ], [ -73.391128763264462, 45.010078596830127 ], [ -73.37639487736611, 45.010264820726995 ], [ -73.371244411247218, 45.010328746619642 ], [ -73.37087612150998, 45.010333473570725 ], [ -73.370039028448943, 45.010344212108393 ], [ -73.369456426466158, 45.01035168191099 ], [ -73.364821447049849, 45.010411008326237 ], [ -73.364573333495969, 45.010414178197522 ], [ -73.358062533129271, 45.010497180495847 ], [ -73.35496272570991, 45.010535577972725 ], [ -73.35496044446711, 45.010535606317518 ], [ -73.354958170835317, 45.010535634771934 ], [ -73.353032903492704, 45.010559439432583 ], [ -73.352683011598543, 45.01056407778983 ], [ -73.352682251175381, 45.01056408752283 ], [ -73.351355062759339, 45.010581676040367 ], [ -73.351117344500707, 45.01058547626576 ], [ -73.351117272144748, 45.010585477021188 ], [ -73.351117206131292, 45.010585477868233 ], [ -73.351117155339765, 45.010585478935091 ], [ -73.351117114722044, 45.010585479248689 ], [ -73.349559570719791, 45.010610368280922 ], [ -73.342938057355894, 45.010715940582678 ], [ -73.342938337446242, 45.010715425237777 ], [ -73.342983191813332, 45.010632859896525 ], [ -73.344128873184772, 45.00852387263653 ], [ -73.345411891005057, 45.006060357133009 ], [ -73.346594815228954, 45.003724556975691 ], [ -73.347265497443885, 45.00239193390243 ], [ -73.348215366829237, 45.000504459949255 ], [ -73.348619185537629, 44.999645230185159 ], [ -73.349031931138555, 44.998766975463397 ], [ -73.349374966665266, 44.9980370307714 ], [ -73.350015591142565, 44.996732750221014 ], [ -73.35025953767358, 44.995885829074496 ], [ -73.350320079568945, 44.995675640143887 ], [ -73.350864078091902, 44.993786902250271 ], [ -73.351589013626281, 44.992621944570821 ], [ -73.35239609801944, 44.991705348946866 ], [ -73.352930776306977, 44.99109426952807 ], [ -73.3535003585135, 44.990325349546453 ], [ -73.353755373686951, 44.989918871586518 ], [ -73.354031669136447, 44.989476719070545 ], [ -73.354433117405833, 44.988432761860068 ], [ -73.354698052383924, 44.987449941336919 ], [ -73.354694430076506, 44.986514452486176 ], [ -73.354679525475788, 44.986417406522222 ], [ -73.354529546310118, 44.985440857832359 ], [ -73.354414178913174, 44.984689652808029 ], [ -73.354006919801577, 44.983212964436234 ], [ -73.353911406592587, 44.982937474575124 ] ] ] ] } }
]
}
